Date,VOO,QQQ,VTI,VXUS,VGT,ARKK,VNQ,VWO,AAPL,NVDA,BND,SGOV,TLT,TIPS
2016-04-04,160.0233612060547,102.42894744873047,89.23707580566406,32.70926284790039,100.20960998535156,18.018415451049805,56.20564270019531,25.555627822875977,25.166505813598633,0.8763883709907532,61.77663040161133,,99.2877426147461,9.999999747378752e-06
2016-04-05,158.39920043945312,101.4413833618164,88.37055206298828,32.14047622680664,99.16897583007812,17.898473739624023,55.83572006225586,25.07753562927246,24.869815826416016,0.8751643896102905,61.888648986816406,,100.3735580444336,9.999999747378752e-06
2016-04-06,160.12486267089844,103.10907745361328,89.33904266357422,32.635398864746094,100.2552490234375,17.975053787231445,55.970237731933594,25.39875602722168,25.13027000427246,0.8763883709907532,61.8587646484375,,99.64460754394531,0.0010000000474974513
2016-04-07,158.238525390625,101.62774658203125,88.26859283447266,32.13309097290039,98.81298828125,17.990739822387695,55.62049102783203,24.868370056152344,24.582191467285156,0.8673307299613953,62.06038284301758,,100.87470245361328,0.0010000000474974513
2016-04-08,158.6698760986328,101.55317687988281,88.52348327636719,32.79052734375,98.84040069580078,17.889251708984375,55.929893493652344,25.301639556884766,24.609373092651367,0.8729611039161682,62.00812530517578,,100.23684692382812,0.0010000000474974513
2016-04-09,158.6698760986328,101.55317687988281,88.52348327636719,32.79052734375,98.84040069580078,17.889251708984375,55.929893493652344,25.301639556884766,24.609373092651367,0.8729611039161682,62.00812530517578,,100.23684692382812,0.0010000000474974513
2016-04-10,158.6698760986328,101.55317687988281,88.52348327636719,32.79052734375,98.84040069580078,17.889251708984375,55.929893493652344,25.301639556884766,24.609373092651367,0.8729611039161682,62.00812530517578,,100.23684692382812,0.0010000000474974513
2016-04-11,158.25543212890625,101.1805191040039,88.2771224975586,32.849613189697266,98.63955688476562,17.889251708984375,55.8155403137207,25.637800216674805,24.690902709960938,0.8783469200134277,62.00061798095703,,100.1077651977539,0.0010000000474974513
2016-04-12,159.7949981689453,102.0283432006836,89.1351318359375,33.396244049072266,99.09596252441406,17.981508255004883,56.21907424926758,26.033727645874023,25.01250648498535,0.877367377281189,61.903564453125,,99.41683959960938,0.0010000000474974513
2016-04-13,161.3937530517578,103.33269500732422,90.18009948730469,33.891170501708984,100.64774322509766,18.276742935180664,55.970237731933594,26.519285202026367,25.3748722076416,0.8993996977806091,61.94089889526367,,99.76606750488281,0.0010000000474974513
2016-04-14,161.37689208984375,103.34199523925781,90.1461181640625,33.85424041748047,100.501708984375,18.470487594604492,55.66085433959961,26.384824752807617,25.388458251953125,0.9018475413322449,61.888648986816406,,99.2877426147461,0.0010000000474974513
2016-04-15,161.1992645263672,103.08111572265625,90.10362243652344,33.772979736328125,99.99966430664062,18.23984146118164,56.07783889770508,26.227954864501953,24.878881454467773,0.9089469313621521,62.03054428100586,,100.13815307617188,0.0010000000474974513
2016-04-16,161.1992645263672,103.08111572265625,90.10362243652344,33.772979736328125,99.99966430664062,18.23984146118164,56.07783889770508,26.227954864501953,24.878881454467773,0.9089469313621521,62.03054428100586,,100.13815307617188,0.0010000000474974513
2016-04-17,161.1992645263672,103.08111572265625,90.10362243652344,33.772979736328125,99.99966430664062,18.23984146118164,56.07783889770508,26.227954864501953,24.878881454467773,0.9089469313621521,62.03054428100586,,100.13815307617188,0.0010000000474974513
2016-04-18,162.36660766601562,103.6308364868164,90.70680236816406,34.03152084350586,100.51084899902344,18.28227996826172,56.34687423706055,26.317596435546875,24.342121124267578,0.9050301313400269,62.00812530517578,,99.705322265625,0.0010000000474974513
2016-04-19,162.85720825195312,102.99724578857422,90.96170043945312,34.652034759521484,99.89013671875,17.892942428588867,56.3737678527832,26.720983505249023,24.21302604675293,0.8888731598854065,62.045406341552734,,99.3940200805664,0.0010000000474974513
2016-04-20,162.99256896972656,103.08111572265625,91.05513000488281,34.578147888183594,100.1365966796875,18.050708770751953,55.41874313354492,26.549169540405273,24.262847900390625,0.8923003077507019,61.87372589111328,,98.3006591796875,0.0010000000474974513
2016-04-21,162.08746337890625,103.09049224853516,90.60488891601562,34.356544494628906,100.06356048583984,18.227846145629883,54.43008041381836,26.257831573486328,24.000133514404297,0.8913211822509766,61.79903030395508,,97.71598815917969,0.0010000000474974513
2016-04-22,162.12974548339844,101.53456115722656,90.7323226928711,34.33438491821289,98.5665283203125,18.18448257446289,55.02194595336914,26.160722732543945,23.934457778930664,0.8878941535949707,61.77663040161133,,97.46536254882812,0.0010000000474974513
2016-04-23,162.12974548339844,101.53456115722656,90.7323226928711,34.33438491821289,98.5665283203125,18.18448257446289,55.02194595336914,26.160722732543945,23.934457778930664,0.8878941535949707,61.77663040161133,,97.46536254882812,0.0010000000474974513
2016-04-24,162.12974548339844,101.53456115722656,90.7323226928711,34.33438491821289,98.5665283203125,18.18448257446289,55.02194595336914,26.160722732543945,23.934457778930664,0.8878941535949707,61.77663040161133,,97.46536254882812,0.0010000000474974513
2016-04-25,161.8675079345703,101.53456115722656,90.51142120361328,34.16448974609375,98.37480926513672,18.101451873779297,55.47926330566406,25.951549530029297,23.798566818237305,0.8923003077507019,61.70196533203125,,97.06293487548828,0.0010000000474974513
2016-04-26,162.10440063476562,101.04075622558594,90.75780487060547,34.30484390258789,98.2013931274414,18.056241989135742,55.694488525390625,26.257831573486328,23.63323211669922,0.893034815788269,61.612335205078125,,96.62250518798828,0.0010000000474974513
2016-04-27,162.44271850585938,100.23019409179688,90.97869873046875,34.408260345458984,97.48941040039062,17.96306037902832,55.66085433959961,26.414703369140625,22.154321670532227,0.9133533239364624,61.79903030395508,,97.58692932128906,0.0010000000474974513
2016-04-28,160.979248046875,99.01902770996094,90.1631088256836,34.009361267089844,96.18406677246094,18.07838249206543,55.54652404785156,26.145780563354492,21.477142333984375,0.8861804604530334,61.9110107421875,,97.98929595947266,0.0010000000474974513
2016-04-29,160.06565856933594,98.49726867675781,89.63640594482422,33.8985595703125,95.30775451660156,17.41872215270996,55.03538131713867,26.09349250793457,21.23027992248535,0.8697786331176758,61.95585632324219,,98.23991394042969,0.0010000000474974513
2016-04-30,160.06565856933594,98.49726867675781,89.63640594482422,33.8985595703125,95.30775451660156,17.41872215270996,55.03538131713867,26.09349250793457,21.23027992248535,0.8697786331176758,61.95585632324219,,98.23991394042969,0.0010000000474974513
2016-05-01,160.06565856933594,98.49726867675781,89.63640594482422,33.8985595703125,95.30775451660156,17.41872215270996,55.03538131713867,26.09349250793457,21.23027992248535,0.8697786331176758,61.95585632324219,,98.23991394042969,0.0010000000474974513
2016-05-02,161.343017578125,99.42893981933594,90.33301544189453,34.12016296386719,95.86457061767578,17.529438018798828,55.889522552490234,26.02625846862793,21.20762825012207,0.8812842965126038,61.846614837646484,,97.25077819824219,0.0010000000474974513
2016-05-03,159.9641571044922,98.50660705566406,89.42398071289062,33.43317794799805,94.9974136352539,17.27110481262207,55.97696304321289,25.301639556884766,21.556411743164062,0.8707579374313354,62.01866912841797,,98.47577667236328,0.0010000000474974513
2016-05-04,159.02520751953125,97.87305450439453,88.89727783203125,33.04906463623047,94.57752227783203,16.800580978393555,56.77730941772461,24.943073272705078,21.332195281982422,0.8509291410446167,62.041114807128906,,99.01595306396484,0.0010000000474974513
2016-05-05,159.00823974609375,97.8450927734375,88.8632583618164,33.004737854003906,94.58663940429688,16.754451751708984,56.9387321472168,24.943073272705078,21.245607376098633,0.8560701012611389,62.15337371826172,,99.67787170410156,0.0010000000474974513
2016-05-06,159.5834503173828,98.36683654785156,89.1861343383789,33.0933837890625,95.18910217285156,16.551477432250977,57.56418991088867,25.002830505371094,21.12712287902832,0.8648829460144043,62.12346267700195,,99.25182342529297,0.0010000000474974513
2016-05-07,159.5834503173828,98.36683654785156,89.1861343383789,33.0933837890625,95.18910217285156,16.551477432250977,57.56418991088867,25.002830505371094,21.12712287902832,0.8648829460144043,62.12346267700195,,99.25182342529297,0.0010000000474974513
2016-05-08,159.5834503173828,98.36683654785156,89.1861343383789,33.0933837890625,95.18910217285156,16.551477432250977,57.56418991088867,25.002830505371094,21.12712287902832,0.8648829460144043,62.12346267700195,,99.25182342529297,0.0010000000474974513
2016-05-09,159.75271606445312,98.64632415771484,89.27957153320312,32.91610336303711,95.28038787841797,16.883615493774414,58.19640350341797,24.621854782104492,21.143064498901367,0.8636587858200073,62.168331146240234,,99.56376647949219,0.0010000000474974513
2016-05-10,161.732177734375,99.99727630615234,90.34150695800781,33.45534896850586,96.53094482421875,17.014625549316406,58.18967819213867,25.114885330200195,21.286624908447266,0.8803051710128784,62.168331146240234,,99.57133483886719,0.0010000000474974513
2016-05-11,160.21795654296875,99.09355163574219,89.51744842529297,33.23373794555664,95.91023254394531,16.890995025634766,56.945430755615234,25.040185928344727,21.079273223876953,0.8827532529830933,62.18330383300781,,100.13435363769531,9.999999747378752e-05
2016-05-12,160.31101989746094,98.6556625366211,89.48345184326172,33.23373794555664,95.41731262207031,16.559782028198242,57.274986267089844,24.995359420776367,20.584814071655273,0.8707579374313354,62.1908073425293,,99.67787170410156,9.999999747378752e-05
2016-05-13,158.83065795898438,98.29232025146484,88.71036529541016,32.78312683105469,95.18910217285156,16.708322525024414,56.763858795166016,24.547149658203125,20.625837326049805,1.0031949281692505,62.25811004638672,,100.6441421508789,9.999999747378752e-05
2016-05-14,158.83065795898438,98.29232025146484,88.71036529541016,32.78312683105469,95.18910217285156,16.708322525024414,56.763858795166016,24.547149658203125,20.625837326049805,1.0031949281692505,62.25811004638672,,100.6441421508789,9.999999747378752e-05
2016-05-15,158.83065795898438,98.29232025146484,88.71036529541016,32.78312683105469,95.18910217285156,16.708322525024414,56.763858795166016,24.547149658203125,20.625837326049805,1.0031949281692505,62.25811004638672,,100.6441421508789,9.999999747378752e-05
2016-05-16,160.41259765625,99.5221176147461,89.5938949584961,33.263282775878906,96.42137145996094,16.865161895751953,57.301902770996094,24.831016540527344,21.391435623168945,1.0328166484832764,62.12346267700195,,99.77678680419922,9.999999747378752e-05
2016-05-17,158.99984741210938,98.27366638183594,88.78682708740234,33.01212692260742,95.42643737792969,16.745223999023438,56.239261627197266,24.7264347076416,21.30257225036621,1.0350197553634644,62.07855224609375,,99.94416809082031,9.999999747378752e-05
2016-05-18,158.97442626953125,98.6277084350586,88.77833557128906,32.960411071777344,95.9649887084961,16.865161895751953,55.35820007324219,24.53220558166504,21.54637908935547,1.061457633972168,61.78676986694336,,98.5213623046875,9.999999747378752e-05
2016-05-19,158.4584503173828,98.11527252197266,88.4300308227539,32.70926284790039,95.44469451904297,16.57823371887207,54.73945617675781,24.233396530151367,21.464353561401367,1.066109538078308,61.85408401489258,,98.94745635986328,9.999999747378752e-05
2016-05-20,159.44818115234375,99.196044921875,89.1096420288086,32.975196838378906,96.65872192382812,16.79135513305664,55.17660140991211,24.502328872680664,21.696762084960938,1.0852036476135254,61.85408401489258,,99.0235366821289,9.999999747378752e-05
2016-05-21,159.44818115234375,99.196044921875,89.1096420288086,32.975196838378906,96.65872192382812,16.79135513305664,55.17660140991211,24.502328872680664,21.696762084960938,1.0852036476135254,61.85408401489258,,99.0235366821289,9.999999747378752e-05
2016-05-22,159.44818115234375,99.196044921875,89.1096420288086,32.975196838378906,96.65872192382812,16.79135513305664,55.17660140991211,24.502328872680664,21.696762084960938,1.0852036476135254,61.85408401489258,,99.0235366821289,9.999999747378752e-05
2016-05-23,159.23667907714844,99.06560516357422,88.99921417236328,32.85700988769531,96.64048767089844,16.953731536865234,55.183349609375,24.450037002563477,21.97247886657715,1.086917519569397,61.86903762817383,,99.24421691894531,9.999999747378752e-05
2016-05-24,161.2584686279297,101.05007934570312,90.18859100341797,33.300228118896484,98.69429779052734,17.45562744140625,55.869346618652344,24.741365432739258,22.30742835998535,1.1133018732070923,61.83911895751953,,98.80287170410156,9.999999747378752e-05
2016-05-25,162.35809326171875,101.77680969238281,90.84276580810547,33.64739990234375,99.37895202636719,17.612472534179688,55.869346618652344,25.02524757385254,22.69935417175293,1.1086386442184448,61.81666946411133,,98.43011474609375,9.999999747378752e-05
2016-05-26,162.4342803955078,102.07490539550781,90.8257827758789,33.728675842285156,99.65278625488281,17.732406616210938,55.97696304321289,25.18958854675293,22.879358291625977,1.1204195022583008,61.921417236328125,,98.9398422241211,9.999999747378752e-05
2016-05-27,163.06871032714844,102.60597229003906,91.23353576660156,33.654788970947266,100.23699188232422,17.79698944091797,56.27960205078125,25.182117462158203,22.865684509277344,1.1265552043914795,61.898983001708984,,98.79529571533203,9.999999747378752e-05
2016-05-28,163.06871032714844,102.60597229003906,91.23353576660156,33.654788970947266,100.23699188232422,17.79698944091797,56.27960205078125,25.182117462158203,22.865684509277344,1.1265552043914795,61.898983001708984,,98.79529571533203,9.999999747378752e-05
2016-05-29,163.06871032714844,102.60597229003906,91.23353576660156,33.654788970947266,100.23699188232422,17.79698944091797,56.27960205078125,25.182117462158203,22.865684509277344,1.1265552043914795,61.898983001708984,,98.79529571533203,9.999999747378752e-05
2016-05-30,163.06871032714844,102.60597229003906,91.23353576660156,33.654788970947266,100.23699188232422,17.79698944091797,56.27960205078125,25.182117462158203,22.865684509277344,1.1265552043914795,61.898983001708984,,98.79529571533203,9.999999747378752e-05
2016-05-31,162.87417602539062,102.8016357421875,91.19105529785156,33.56614303588867,100.40130615234375,17.981508255004883,56.27287673950195,25.249351501464844,22.754039764404297,1.1466811895370483,61.951377868652344,,99.03115844726562,9.999999747378752e-05
2016-06-01,163.17868041992188,102.8109359741211,91.43743896484375,33.57354736328125,100.3465347290039,18.00918960571289,56.31996154785156,25.22694206237793,22.43503761291504,1.1488902568817139,61.97309112548828,,99.4329605102539,9.999999747378752e-06
2016-06-02,163.66929626464844,103.02522277832031,91.74327087402344,33.6400146484375,100.3465347290039,18.214006423950195,56.60914993286133,25.428634643554688,22.266422271728516,1.1569896936416626,62.09303665161133,,100.14956665039062,9.999999747378752e-06
2016-06-03,163.19561767578125,102.54077911376953,91.48839569091797,33.94289016723633,99.99966430664062,18.05531883239746,56.837825775146484,25.824554443359375,22.311992645263672,1.1407909393310547,62.482887268066406,,101.57530975341797,9.999999747378752e-06
2016-06-04,163.19561767578125,102.54077911376953,91.48839569091797,33.94289016723633,99.99966430664062,18.05531883239746,56.837825775146484,25.824554443359375,22.311992645263672,1.1407909393310547,62.482887268066406,,101.57530975341797,9.999999747378752e-06
2016-06-05,163.19561767578125,102.54077911376953,91.48839569091797,33.94289016723633,99.99966430664062,18.05531883239746,56.837825775146484,25.824554443359375,22.311992645263672,1.1407909393310547,62.482887268066406,,101.57530975341797,9.999999747378752e-06
2016-06-06,163.98233032226562,102.91343688964844,91.96416473388672,34.19403839111328,100.3739242553711,18.378231048583984,56.40067672729492,26.041194915771484,22.473766326904297,1.1349002122879028,62.38543701171875,,100.82049560546875,9.999999747378752e-06
2016-06-07,164.2783966064453,102.65254974365234,92.14256286621094,34.48213577270508,100.57472229003906,18.387453079223633,56.743675231933594,26.29517936706543,22.56491470336914,1.1371091604232788,62.39295959472656,,101.06451416015625,9.999999747378752e-06
2016-06-08,164.81982421875,102.82957458496094,92.46541595458984,34.607704162597656,100.90338134765625,18.378231048583984,57.10685348510742,26.511817932128906,22.544408798217773,1.133427381515503,62.467926025390625,,101.60581970214844,9.999999747378752e-06
2016-06-09,164.5659942626953,102.66190338134766,92.27848052978516,34.14971160888672,100.82120513916016,18.110673904418945,57.23463821411133,26.2130126953125,22.706186294555664,1.1628801822662354,62.52790451049805,,102.26148223876953,9.999999747378752e-06
2016-06-10,162.98411560058594,101.49728393554688,91.32697296142578,33.23373794555664,99.607177734375,18.082998275756836,56.965606689453125,25.548160552978516,22.51934242248535,1.1339184045791626,62.587860107421875,,102.75704956054688,9.999999747378752e-06
2016-06-11,162.98411560058594,101.49728393554688,91.32697296142578,33.23373794555664,99.607177734375,18.082998275756836,56.965606689453125,25.548160552978516,22.51934242248535,1.1339184045791626,62.587860107421875,,102.75704956054688,9.999999747378752e-06
2016-06-12,162.98411560058594,101.49728393554688,91.32697296142578,33.23373794555664,99.607177734375,18.082998275756836,56.965606689453125,25.548160552978516,22.51934242248535,1.1339184045791626,62.587860107421875,,102.75704956054688,9.999999747378752e-06
2016-06-13,161.75755310058594,100.6494369506836,90.57087707519531,32.76096725463867,98.70346069335938,17.815441131591797,56.979068756103516,25.22694206237793,22.179832458496094,1.1483992338180542,62.60289001464844,,103.21446228027344,9.999999747378752e-06
2016-06-14,161.40219116210938,100.6494369506836,90.40790557861328,32.36991500854492,98.80387878417969,17.75086212158203,56.831111907958984,25.153995513916016,22.20717430114746,1.1506083011627197,62.595394134521484,,103.13822937011719,9.999999747378752e-06
2016-06-15,161.1653289794922,100.36063385009766,90.3140640258789,32.62413024902344,98.63043975830078,17.898473739624023,57.36917495727539,25.387102127075195,22.134254455566406,1.1623896360397339,62.73784637451172,,103.53470611572266,9.999999747378752e-06
2016-06-16,161.68984985351562,100.65876007080078,90.57857513427734,32.59423065185547,98.81298828125,17.916929244995117,57.69198226928711,25.32695198059082,22.227685928344727,1.1670526266098022,62.8053092956543,,104.03787231445312,9.999999747378752e-06
2016-06-17,161.08924865722656,99.47891235351562,90.27991485595703,32.84098815917969,97.9093017578125,18.05531883239746,57.59782028198242,25.43975067138672,21.72182846069336,1.1466811895370483,62.71535110473633,,103.38984680175781,9.999999747378752e-06
2016-06-18,161.08924865722656,99.47891235351562,90.27991485595703,32.84098815917969,97.9093017578125,18.05531883239746,57.59782028198242,25.43975067138672,21.72182846069336,1.1466811895370483,62.71535110473633,,103.38984680175781,9.999999747378752e-06
2016-06-19,161.08924865722656,99.47891235351562,90.27991485595703,32.84098815917969,97.9093017578125,18.05531883239746,57.59782028198242,25.43975067138672,21.72182846069336,1.1466811895370483,62.71535110473633,,103.38984680175781,9.999999747378752e-06
2016-06-20,162.12130737304688,100.10482025146484,90.8943099975586,33.59621047973633,98.63043975830078,18.147579193115234,57.67854309082031,25.808223724365234,21.669422149658203,1.1672980785369873,62.57291793823242,,102.2843246459961,9.999999747378752e-06
2016-06-21,162.58294677734375,100.42240905761719,91.09053802490234,33.820526123046875,99.13409423828125,18.064546585083008,57.89840316772461,26.003747940063477,21.85399055480957,1.1601802110671997,62.49042510986328,,101.81163787841797,9.999999747378752e-06
2016-06-22,162.3108673095703,100.17952728271484,90.88575744628906,33.81305694580078,98.69449615478516,17.933534622192383,57.81016540527344,26.041343688964844,21.7719669342041,1.1591984033584595,62.51288986206055,,101.97938537597656,9.999999747378752e-06
2016-06-23,164.4107666015625,101.60881805419922,92.14012908935547,34.70285415649414,100.223876953125,18.101451873779297,58.10198211669922,26.688053131103516,21.897289276123047,1.1901237964630127,62.40045166015625,,100.81290435791016,9.999999747378752e-06
2016-06-24,158.41720581054688,97.42373657226562,88.7866439819336,32.01846694946289,95.87390899658203,17.492530822753906,57.586212158203125,25.17655372619629,21.282072067260742,1.12238347530365,62.75279235839844,,103.51942443847656,9.999999747378752e-06
2016-06-25,158.41720581054688,97.42373657226562,88.7866439819336,32.01846694946289,95.87390899658203,17.492530822753906,57.586212158203125,25.17655372619629,21.282072067260742,1.12238347530365,62.75279235839844,,103.51942443847656,9.999999747378752e-06
2016-06-26,158.41720581054688,97.42373657226562,88.7866439819336,32.01846694946289,95.87390899658203,17.492530822753906,57.586212158203125,25.17655372619629,21.282072067260742,1.12238347530365,62.75279235839844,,103.51942443847656,9.999999747378752e-06
2016-06-27,155.62017822265625,95.49005889892578,87.0202865600586,31.44270133972168,93.35550689697266,16.846710205078125,57.6269416809082,24.913362503051758,20.9721736907959,1.1103565692901611,63.0677490234375,,106.10394287109375,9.999999747378752e-06
2016-06-28,158.49371337890625,97.58256530761719,88.615966796875,32.22782897949219,95.26947021484375,17.250808715820312,58.84164810180664,25.62775230407715,21.325359344482422,1.1265552043914795,63.142704010009766,,106.32508850097656,9.999999747378752e-06
2016-06-29,161.2227020263672,99.31075286865234,90.2031021118164,32.8634147644043,96.85381317138672,17.677974700927734,59.55420684814453,26.229339599609375,21.509923934936523,1.1449631452560425,63.12017822265625,,105.50932312011719,9.999999747378752e-06
2016-06-30,163.39906311035156,100.45978546142578,91.44042205810547,33.25972366333008,98.07179260253906,17.79698944091797,60.17171859741211,26.49254035949707,21.783353805541992,1.153799057006836,63.202693939208984,,105.89814758300781,9.999999747378752e-06
2016-07-01,163.73912048339844,100.96421813964844,91.6196060180664,33.349449157714844,98.13591766357422,17.94552993774414,60.19207763671875,26.688053131103516,21.84943199157715,1.1452088356018066,63.37845230102539,,107.36846923828125,9.999999747378752e-06
2016-07-02,163.73912048339844,100.96421813964844,91.6196060180664,33.349449157714844,98.13591766357422,17.94552993774414,60.19207763671875,26.688053131103516,21.84943199157715,1.1452088356018066,63.37845230102539,,107.36846923828125,9.999999747378752e-06
2016-07-03,163.73912048339844,100.96421813964844,91.6196060180664,33.349449157714844,98.13591766357422,17.94552993774414,60.19207763671875,26.688053131103516,21.84943199157715,1.1452088356018066,63.37845230102539,,107.36846923828125,9.999999747378752e-06
2016-07-04,163.73912048339844,100.96421813964844,91.6196060180664,33.349449157714844,98.13591766357422,17.94552993774414,60.19207763671875,26.688053131103516,21.84943199157715,1.1452088356018066,63.37845230102539,,107.36846923828125,9.999999747378752e-06
2016-07-05,162.5914306640625,100.34768676757812,90.93695831298828,32.773704528808594,97.33916473388672,17.75823974609375,60.85710144042969,26.161659240722656,21.644365310668945,1.1621434688568115,63.596275329589844,,108.7127685546875,9.999999747378752e-06
2016-07-06,163.55209350585938,101.1697769165039,91.49161529541016,32.706398010253906,97.87031555175781,17.704730987548828,60.59244155883789,26.161659240722656,21.767404556274414,1.1695067882537842,63.7089729309082,,108.88844299316406,9.999999747378752e-06
2016-07-07,163.44154357910156,101.46866607666016,91.4489517211914,32.57179641723633,98.18169403076172,18.101451873779297,59.968143463134766,26.04886245727539,21.86082649230957,1.1999409198760986,63.603816986083984,,108.88079833984375,9.999999747378752e-06
2016-07-08,165.924072265625,103.03804016113281,92.87397003173828,33.132606506347656,99.95832061767578,18.479719161987305,60.93854522705078,26.627899169921875,22.029441833496094,1.248046636581421,63.76909255981445,,109.68274688720703,9.999999747378752e-06
2016-07-09,165.924072265625,103.03804016113281,92.87397003173828,33.132606506347656,99.95832061767578,18.479719161987305,60.93854522705078,26.627899169921875,22.029441833496094,1.248046636581421,63.76909255981445,,109.68274688720703,9.999999747378752e-06
2016-07-10,165.924072265625,103.03804016113281,92.87397003173828,33.132606506347656,99.95832061767578,18.479719161987305,60.93854522705078,26.627899169921875,22.029441833496094,1.248046636581421,63.76909255981445,,109.68274688720703,9.999999747378752e-06
2016-07-11,166.50210571289062,103.6265869140625,93.25794982910156,33.536380767822266,100.5718994140625,18.553524017333984,61.345706939697266,26.845977783203125,22.097797393798828,1.276762843132019,63.58123779296875,,108.72041320800781,9.999999747378752e-06
2016-07-12,167.67532348632812,104.14972686767578,94.03445434570312,33.9999885559082,101.57008361816406,18.876434326171875,61.33892059326172,27.259563446044922,22.198062896728516,1.2959067821502686,63.32589340209961,,106.93313598632812,9.999999747378752e-06
2016-07-13,167.61581420898438,103.89749145507812,93.9832534790039,33.99251174926758,101.49686431884766,18.89488983154297,61.67821502685547,27.214447021484375,22.072734832763672,1.295415997505188,63.43852233886719,,108.19336700439453,9.999999747378752e-06
2016-07-14,168.593505859375,104.60747528076172,94.43553161621094,34.28413391113281,102.22948455810547,18.71497917175293,61.12854766845703,27.590442657470703,22.510229110717773,1.308669924736023,63.34089660644531,,106.61992645263672,9.999999747378752e-06
2016-07-15,168.33840942382812,104.43932342529297,94.3331298828125,34.14207077026367,102.05548095703125,18.724206924438477,61.1489143371582,27.492679595947266,22.507946014404297,1.2934526205062866,63.13807678222656,,105.7033920288086,9.999999747378752e-06
2016-07-16,168.33840942382812,104.43932342529297,94.3331298828125,34.14207077026367,102.05548095703125,18.724206924438477,61.1489143371582,27.492679595947266,22.507946014404297,1.2934526205062866,63.13807678222656,,105.7033920288086,9.999999747378752e-06
2016-07-17,168.33840942382812,104.43932342529297,94.3331298828125,34.14207077026367,102.05548095703125,18.724206924438477,61.1489143371582,27.492679595947266,22.507946014404297,1.2934526205062866,63.13807678222656,,105.7033920288086,9.999999747378752e-06
2016-07-18,168.8230438232422,105.13059997558594,94.59764862060547,34.26170349121094,102.7697982788086,18.887508392333984,61.31177520751953,27.73331642150879,22.747201919555664,1.300079107284546,63.16056823730469,,105.60404968261719,9.999999747378752e-06
2016-07-19,168.63597106933594,104.74757385253906,94.409912109375,33.947635650634766,102.6141128540039,18.535070419311523,61.610347747802734,27.492679595947266,22.756317138671875,1.313578486442566,63.25822830200195,,106.19988250732422,9.999999747378752e-06
2016-07-20,169.31607055664062,105.97135162353516,94.91337585449219,34.21683120727539,104.00611114501953,18.835840225219727,61.61713790893555,27.63555335998535,22.776823043823242,1.3307585716247559,63.19068908691406,,105.61933135986328,9.999999747378752e-06
2016-07-21,168.67848205566406,105.72846221923828,94.53793334960938,34.18693923950195,103.39250946044922,18.802623748779297,61.739288330078125,27.56035804748535,22.656055450439453,1.3062154054641724,63.26578903198242,,105.83317565917969,9.999999747378752e-06
2016-07-22,169.46060180664062,106.16749572753906,94.99015808105469,34.23927688598633,103.97864532470703,18.576587677001953,62.282169342041016,27.740833282470703,22.480609893798828,1.3418039083480835,63.273311614990234,,106.01655578613281,9.999999747378752e-06
2016-07-23,169.46060180664062,106.16749572753906,94.99015808105469,34.23927688598633,103.97864532470703,18.576587677001953,62.282169342041016,27.740833282470703,22.480609893798828,1.3418039083480835,63.273311614990234,,106.01655578613281,9.999999747378752e-06
2016-07-24,169.46060180664062,106.16749572753906,94.99015808105469,34.23927688598633,103.97864532470703,18.576587677001953,62.282169342041016,27.740833282470703,22.480609893798828,1.3418039083480835,63.273311614990234,,106.01655578613281,9.999999747378752e-06
2016-07-25,169.05252075195312,106.1768569946289,94.74272155761719,34.12710189819336,103.95115661621094,18.567363739013672,62.166812896728516,27.515249252319336,22.179832458496094,1.3665924072265625,63.2357292175293,,105.94014739990234,0.0010000000474974513
2016-07-26,169.04403686523438,106.29829406738281,94.84512329101562,34.26918411254883,104.42736053466797,18.76572036743164,61.8614387512207,27.680673599243164,22.027162551879883,1.389909029006958,63.228206634521484,,106.10819244384766,0.0010000000474974513
2016-07-27,168.93353271484375,107.03632354736328,94.73418426513672,34.433692932128906,105.22410583496094,18.92902374267578,61.37962341308594,27.718273162841797,23.458114624023438,1.375918984413147,63.416019439697266,,107.4295654296875,0.0010000000474974513
2016-07-28,169.12054443359375,107.40994262695312,94.8536605834961,34.426212310791016,105.48052215576172,19.09786033630371,61.94966125488281,27.70322608947754,23.77484703063965,1.3788646459579468,63.37845230102539,,107.2309799194336,0.0010000000474974513
2016-07-29,169.4181365966797,107.64351654052734,95.07550048828125,34.7626953125,105.49883270263672,18.996374130249023,62.736820220947266,27.853628158569336,23.74522590637207,1.4014450311660767,63.58123779296875,,108.12458801269531,0.0010000000474974513
2016-07-30,169.4181365966797,107.64351654052734,95.07550048828125,34.7626953125,105.49883270263672,18.996374130249023,62.736820220947266,27.853628158569336,23.74522590637207,1.4014450311660767,63.58123779296875,,108.12458801269531,0.0010000000474974513
2016-07-31,169.4181365966797,107.64351654052734,95.07550048828125,34.7626953125,105.49883270263672,18.996374130249023,62.736820220947266,27.853628158569336,23.74522590637207,1.4014450311660767,63.58123779296875,,108.12458801269531,0.0010000000474974513
2016-08-01,169.22256469726562,108.21334075927734,94.94750213623047,34.59819030761719,105.96588134765625,19.034198760986328,62.87256622314453,27.748355865478516,24.164485931396484,1.3923633098602295,63.38180923461914,,106.95238494873047,0.0010000000474974513
2016-08-02,168.1683807373047,107.39126586914062,94.23072814941406,34.46360397338867,104.97683715820312,18.64855194091797,61.86824417114258,27.597957611083984,23.80674934387207,1.375428318977356,63.321590423583984,,105.85044860839844,0.0010000000474974513
2016-08-03,168.6529998779297,107.74624633789062,94.5805892944336,34.403770446777344,105.37980651855469,18.8487548828125,61.50857162475586,27.748355865478516,24.10524559020996,1.3791099786758423,63.321590423583984,,105.91168212890625,0.0010000000474974513
2016-08-04,168.8145751953125,108.05451965332031,94.6915054321289,34.590702056884766,105.98419189453125,19.07940673828125,61.25747299194336,27.88372039794922,24.254154205322266,1.4046355485916138,63.4344596862793,,106.70755004882812,0.0010000000474974513
2016-08-05,170.17474365234375,109.09144592285156,95.47657012939453,34.747737884521484,107.22968292236328,19.219642639160156,61.2982063293457,28.192035675048828,24.622995376586914,1.4284429550170898,63.22373580932617,,105.59795379638672,0.0010000000474974513
2016-08-06,170.17474365234375,109.09144592285156,95.47657012939453,34.747737884521484,107.22968292236328,19.219642639160156,61.2982063293457,28.192035675048828,24.622995376586914,1.4284429550170898,63.22373580932617,,105.59795379638672,0.0010000000474974513
2016-08-07,170.17474365234375,109.09144592285156,95.47657012939453,34.747737884521484,107.22968292236328,19.219642639160156,61.2982063293457,28.192035675048828,24.622995376586914,1.4284429550170898,63.22373580932617,,105.59795379638672,0.0010000000474974513
2016-08-08,170.08975219726562,108.97001647949219,95.41680908203125,34.874855041503906,107.24801635742188,19.282379150390625,61.40675354003906,28.37250328063965,24.826889038085938,1.4416966438293457,63.231292724609375,,105.79695129394531,9.999999747378752e-05
2016-08-09,170.20025634765625,109.22221374511719,95.50215148925781,35.144046783447266,107.43118286132812,19.282379150390625,61.739288330078125,28.56050682067871,24.92768669128418,1.445378065109253,63.411930084228516,,106.83757781982422,9.999999747378752e-05
2016-08-10,169.7666778564453,108.9419937133789,95.2205581665039,35.21133804321289,107.13809967041016,19.31097984313965,61.671417236328125,28.49281883239746,24.74212646484375,1.4360512495040894,63.494686126708984,,107.25077819824219,9.999999747378752e-05
2016-08-11,170.59983825683594,109.40906524658203,95.69843292236328,35.49549102783203,107.54105377197266,19.471511840820312,60.97248458862305,28.823701858520508,24.726083755493164,1.465258002281189,63.3291015625,,106.29427337646484,9.999999747378752e-05
2016-08-12,170.42977905273438,109.48380279541016,95.60457611083984,35.36836242675781,107.45861053466797,19.540708541870117,61.230342864990234,28.71090316772461,24.783353805541992,1.547234296798706,63.47214126586914,,107.1895523071289,9.999999747378752e-05
2016-08-13,170.42977905273438,109.48380279541016,95.60457611083984,35.36836242675781,107.45861053466797,19.540708541870117,61.230342864990234,28.71090316772461,24.783353805541992,1.547234296798706,63.47214126586914,,107.1895523071289,9.999999747378752e-05
2016-08-14,170.42977905273438,109.48380279541016,95.60457611083984,35.36836242675781,107.45861053466797,19.540708541870117,61.230342864990234,28.71090316772461,24.783353805541992,1.547234296798706,63.47214126586914,,107.1895523071289,9.999999747378752e-05
2016-08-15,170.9228973388672,109.95088195800781,95.95440673828125,35.58521270751953,108.0722427368164,19.540708541870117,61.169273376464844,29.02672576904297,25.081188201904297,1.5457615852355957,63.366722106933594,,106.17948150634766,9.999999747378752e-05
2016-08-16,170.03871154785156,109.34365844726562,95.40829467773438,35.45808792114258,107.51358795166016,19.679100036621094,60.43637466430664,28.876340866088867,25.058269500732422,1.5364351272583008,63.336669921875,,105.89637756347656,9.999999747378752e-05
2016-08-17,170.31922912597656,109.53983306884766,95.52775573730469,35.45808792114258,107.37620544433594,19.52594566345215,60.68067932128906,28.77105712890625,25.021615982055664,1.5008471012115479,63.4344596862793,,106.53150177001953,9.999999747378752e-05
2016-08-18,170.72735595703125,109.56785583496094,95.82640838623047,35.6450309753418,107.5501937866211,19.582225799560547,60.456729888916016,29.004182815551758,24.989545822143555,1.5241631269454956,63.50220489501953,,106.69979858398438,0.0010000000474974513
2016-08-19,170.4893035888672,109.53983306884766,95.68991088867188,35.4057502746582,107.7883071899414,19.448448181152344,60.06992721557617,28.831212997436523,25.053686141967773,1.528090476989746,63.37424850463867,,106.14122772216797,0.0010000000474974513
2016-08-20,170.4893035888672,109.53983306884766,95.68991088867188,35.4057502746582,107.7883071899414,19.448448181152344,60.06992721557617,28.831212997436523,25.053686141967773,1.528090476989746,63.37424850463867,,106.14122772216797,0.0010000000474974513
2016-08-21,170.4893035888672,109.53983306884766,95.68991088867188,35.4057502746582,107.7883071899414,19.448448181152344,60.06992721557617,28.831212997436523,25.053686141967773,1.528090476989746,63.37424850463867,,106.14122772216797,0.0010000000474974513
2016-08-22,170.4723358154297,109.62391662597656,95.71546173095703,35.36088180541992,107.74253845214844,19.527793884277344,60.39564895629883,28.470264434814453,24.85896110534668,1.5344713926315308,63.46458435058594,,107.0365982055664,0.0010000000474974513
2016-08-23,170.7868194580078,109.82008361816406,95.97146606445312,35.4655647277832,108.2462158203125,19.621896743774414,60.429603576660156,28.327392578125,24.936851501464844,1.546889066696167,63.494686126708984,,107.15133666992188,0.0010000000474974513
2016-08-24,169.9622039794922,109.11014556884766,95.43390655517578,35.38331604003906,107.65093994140625,19.596065521240234,60.164947509765625,28.41009521484375,24.749000549316406,1.5230376720428467,63.487144470214844,,106.89877319335938,0.0010000000474974513
2016-08-25,169.82614135742188,108.93262481689453,95.37417602539062,35.316017150878906,107.87073516845703,19.300832748413086,60.43637466430664,28.402578353881836,24.643613815307617,1.512955904006958,63.41946029663086,,106.49322509765625,9.999999747378752e-05
2016-08-26,169.50315856933594,109.09144592285156,95.1778793334961,35.06179428100586,107.97148132324219,19.273157119750977,59.83921813964844,28.17699432373047,24.499284744262695,1.525250792503357,63.26136016845703,,105.87340545654297,9.999999747378752e-05
2016-08-27,169.50315856933594,109.09144592285156,95.1778793334961,35.06179428100586,107.97148132324219,19.273157119750977,59.83921813964844,28.17699432373047,24.499284744262695,1.525250792503357,63.26136016845703,,105.87340545654297,9.999999747378752e-05
2016-08-28,169.50315856933594,109.09144592285156,95.1778793334961,35.06179428100586,107.97148132324219,19.273157119750977,59.83921813964844,28.17699432373047,24.499284744262695,1.525250792503357,63.26136016845703,,105.87340545654297,9.999999747378752e-05
2016-08-29,170.3617706298828,109.24092102050781,95.69843292236328,35.196388244628906,108.26449584960938,19.410621643066406,60.429603576660156,28.387544631958008,24.471790313720703,1.524267315864563,63.479652404785156,,107.28909301757812,9.999999747378752e-05
2016-08-30,170.03871154785156,108.88592529296875,95.54483795166016,35.09917068481445,108.06306457519531,19.222408294677734,60.314212799072266,28.34242820739746,24.283933639526367,1.5154149532318115,63.42696762084961,,106.87582397460938,9.999999747378752e-05
2016-08-31,169.62216186523438,108.77384185791016,95.27175903320312,34.91972351074219,107.9623031616211,19.01851463317871,60.37528991699219,28.071718215942383,24.306848526000977,1.5082839727401733,63.38180923461914,,107.02887725830078,9.999999747378752e-05
2016-09-01,169.588134765625,109.0540771484375,95.32294464111328,35.144046783447266,108.3652572631836,18.88566017150879,60.22600555419922,28.222103118896484,24.451171875,1.5527901649475098,63.46930694580078,,107.1469497680664,9.999999747378752e-05
2016-09-02,170.34483337402344,109.40906524658203,95.80936431884766,35.547821044921875,108.82315826416016,19.091400146484375,60.74851989746094,28.650733947753906,24.680274963378906,1.5375456809997559,63.378780364990234,,106.27301788330078,9.999999747378752e-05
2016-09-03,170.34483337402344,109.40906524658203,95.80936431884766,35.547821044921875,108.82315826416016,19.091400146484375,60.74851989746094,28.650733947753906,24.680274963378906,1.5375456809997559,63.378780364990234,,106.27301788330078,9.999999747378752e-05
2016-09-04,170.34483337402344,109.40906524658203,95.80936431884766,35.547821044921875,108.82315826416016,19.091400146484375,60.74851989746094,28.650733947753906,24.680274963378906,1.5375456809997559,63.378780364990234,,106.27301788330078,9.999999747378752e-05
2016-09-05,170.34483337402344,109.40906524658203,95.80936431884766,35.547821044921875,108.82315826416016,19.091400146484375,60.74851989746094,28.650733947753906,24.680274963378906,1.5375456809997559,63.378780364990234,,106.27301788330078,9.999999747378752e-05
2016-09-06,170.88040161132812,110.09101104736328,96.0823974609375,35.914215087890625,109.29021453857422,19.530559539794922,61.2167854309082,29.147050857543945,24.67339515686035,1.5520527362823486,63.56731414794922,,107.04727935791016,9.999999747378752e-05
2016-09-07,170.87188720703125,110.1563720703125,96.21040344238281,35.959068298339844,109.54661560058594,19.63020133972168,61.58322525024414,29.109455108642578,24.824594497680664,1.5291849374771118,63.57489013671875,,106.97062683105469,9.999999747378752e-05
2016-09-08,170.4723358154297,109.51182556152344,95.96297454833984,35.906734466552734,108.62169647216797,19.63204574584961,60.829952239990234,29.049285888671875,24.173969268798828,1.5402500629425049,63.33354949951172,,105.62907409667969,9.999999747378752e-05
2016-09-09,166.35757446289062,106.75604248046875,93.57366943359375,35.10664749145508,106.06661987304688,19.356189727783203,58.42091751098633,28.131864547729492,23.62643814086914,1.4635326862335205,63.05452346801758,,103.88892364501953,9.999999747378752e-05
2016-09-10,166.35757446289062,106.75604248046875,93.57366943359375,35.10664749145508,106.06661987304688,19.356189727783203,58.42091751098633,28.131864547729492,23.62643814086914,1.4635326862335205,63.05452346801758,,103.88892364501953,9.999999747378752e-05
2016-09-11,166.35757446289062,106.75604248046875,93.57366943359375,35.10664749145508,106.06661987304688,19.356189727783203,58.42091751098633,28.131864547729492,23.62643814086914,1.4635326862335205,63.05452346801758,,103.88892364501953,9.999999747378752e-05
2016-09-12,168.73802185058594,108.67107391357422,94.87925720214844,35.39826583862305,107.75167846679688,19.356189727783203,59.11310577392578,28.364986419677734,24.1556453704834,1.4937770366668701,63.07713317871094,,103.94255065917969,9.999999747378752e-05
2016-09-13,166.3324737548828,107.69954681396484,93.39498901367188,34.52885055541992,106.99158477783203,19.01205825805664,57.62897491455078,27.65719223022461,24.73067283630371,1.47213876247406,62.89612579345703,,102.76200866699219,9.999999747378752e-05
2016-09-14,166.22994995117188,108.21334075927734,93.403564453125,34.55894088745117,107.53189086914062,19.116310119628906,57.81346893310547,27.75613021850586,25.605804443359375,1.4851707220077515,62.979122161865234,,102.91532135009766,9.999999747378752e-05
2016-09-15,167.9378204345703,109.89483642578125,94.36392211914062,34.897377014160156,109.30854797363281,19.559162139892578,58.03213882446289,28.19754981994629,26.476367950439453,1.5414798259735107,63.03183364868164,,102.47068786621094,9.999999747378752e-05
2016-09-16,167.28033447265625,109.84236907958984,93.98663330078125,34.52885055541992,108.90557098388672,19.559162139892578,58.0594482421875,28.007278442382812,26.327451705932617,1.5451679229736328,63.08460998535156,,103.29862213134766,9.999999747378752e-05
2016-09-17,167.28033447265625,109.84236907958984,93.98663330078125,34.52885055541992,108.90557098388672,19.559162139892578,58.0594482421875,28.007278442382812,26.327451705932617,1.5451679229736328,63.08460998535156,,103.29862213134766,9.999999747378752e-05
2016-09-18,167.28033447265625,109.84236907958984,93.98663330078125,34.52885055541992,108.90557098388672,19.559162139892578,58.0594482421875,28.007278442382812,26.327451705932617,1.5451679229736328,63.08460998535156,,103.29862213134766,9.999999747378752e-05
2016-09-19,167.33151245117188,109.36473846435547,94.1238021850586,34.761993408203125,108.78652954101562,19.72522735595703,58.585594177246094,28.243207931518555,26.020465850830078,1.5655766725540161,63.039398193359375,,102.9612808227539,9.999999747378752e-06
2016-09-20,167.3486328125,109.57080078125,94.08094787597656,34.86729431152344,108.76170349121094,19.789813995361328,58.49675369262695,28.250822067260742,26.01817512512207,1.5513150691986084,63.05452346801758,,103.32164764404297,9.999999747378752e-06
2016-09-21,169.2273406982422,110.64775085449219,95.16134643554688,35.55170440673828,109.99303436279297,19.605289459228516,59.24838638305664,28.93578338623047,26.013591766357422,1.5948376655578613,63.23550033569336,,104.15718841552734,9.999999747378752e-06
2016-09-22,170.24354553222656,111.52809143066406,95.85588073730469,35.905189514160156,110.74655151367188,20.158851623535156,60.3074951171875,29.065160751342773,26.258731842041016,1.5987718105316162,63.36369705200195,,104.9851303100586,9.999999747378752e-06
2016-09-23,169.329833984375,110.81632995605469,95.30713653564453,35.52914047241211,109.75411987304688,20.16715431213379,60.49198913574219,28.68463706970215,25.821151733398438,1.597050428390503,63.34860610961914,,104.8854751586914,9.999999747378752e-06
2016-09-24,169.329833984375,110.81632995605469,95.30713653564453,35.52914047241211,109.75411987304688,20.16715431213379,60.49198913574219,28.68463706970215,25.821151733398438,1.597050428390503,63.34860610961914,,104.8854751586914,9.999999747378752e-06
2016-09-25,169.329833984375,110.81632995605469,95.30713653564453,35.52914047241211,109.75411987304688,20.16715431213379,60.49198913574219,28.68463706970215,25.821151733398438,1.597050428390503,63.34860610961914,,104.8854751586914,9.999999747378752e-06
2016-09-26,167.9805908203125,109.88920593261719,94.55255126953125,35.19821548461914,109.05577087402344,20.0112361907959,60.6354866027832,28.334543228149414,25.860097885131836,1.5820512771606445,63.45420837402344,,105.55242919921875,9.999999747378752e-06
2016-09-27,169.00527954101562,110.97557067871094,95.09275817871094,35.416324615478516,110.29631042480469,20.394113540649414,59.99318313598633,28.631359100341797,25.9082088470459,1.636146903038025,63.52963638305664,,106.32664489746094,9.999999747378752e-06
2016-09-28,169.91903686523438,111.16285705566406,95.65010070800781,35.72468566894531,110.64546966552734,20.444856643676758,60.48515319824219,28.91295623779297,26.105234146118164,1.6420480012893677,63.52963638305664,,106.0966796875,9.999999747378752e-05
2016-09-29,168.32212829589844,110.35745239257812,94.71546936035156,35.318546295166016,109.99303436279297,20.26033592224121,59.678863525390625,28.433486938476562,25.699735641479492,1.6572935581207275,63.53717803955078,,106.36502075195312,9.999999747378752e-05
2016-09-30,169.67141723632812,111.18161010742188,95.46146392822266,35.506568908691406,110.60869598388672,20.46331214904785,59.26889419555664,28.638961791992188,25.899045944213867,1.68483304977417,63.45420837402344,,105.41436004638672,9.999999747378752e-05
2016-10-01,169.67141723632812,111.18161010742188,95.46146392822266,35.506568908691406,110.60869598388672,20.46331214904785,59.26889419555664,28.638961791992188,25.899045944213867,1.68483304977417,63.45420837402344,,105.41436004638672,9.999999747378752e-05
2016-10-02,169.67141723632812,111.18161010742188,95.46146392822266,35.506568908691406,110.60869598388672,20.46331214904785,59.26889419555664,28.638961791992188,25.899045944213867,1.68483304977417,63.45420837402344,,105.41436004638672,9.999999747378752e-05
2016-10-03,169.13336181640625,111.02237701416016,95.16993713378906,35.48401641845703,110.28709411621094,20.49098777770996,58.16196060180664,28.82923698425293,25.777626037597656,1.6831117868423462,63.38697814941406,,105.0665512084961,9.999999747378752e-05
2016-10-04,168.34776306152344,110.85381317138672,94.74119567871094,35.356143951416016,110.0573501586914,20.371049880981445,57.36933135986328,28.540029525756836,25.887590408325195,1.679423451423645,63.1754150390625,,103.83781433105469,9.999999747378752e-05
2016-10-05,169.04798889160156,111.24712371826172,95.10990142822266,35.61186981201172,110.6270751953125,20.659822463989258,56.20774841308594,28.973846435546875,25.899045944213867,1.6777019500732422,63.06962966918945,,103.35393524169922,9.999999747378752e-05
2016-10-06,169.244384765625,111.19094848632812,95.14420318603516,35.46145248413086,110.79248809814453,20.13117218017578,56.22823715209961,28.973846435546875,26.09148597717285,1.6558183431625366,63.04694366455078,,102.77798461914062,9.999999747378752e-05
2016-10-07,168.62100219726562,110.94746398925781,94.78407287597656,35.2358283996582,110.43411254882812,20.021385192871094,56.132572174072266,28.874893188476562,26.13043212890625,1.6437690258026123,63.099857330322266,,102.84712982177734,9.999999747378752e-05
2016-10-08,168.62100219726562,110.94746398925781,94.78407287597656,35.2358283996582,110.43411254882812,20.021385192871094,56.132572174072266,28.874893188476562,26.13043212890625,1.6437690258026123,63.099857330322266,,102.84712982177734,9.999999747378752e-05
2016-10-09,168.62100219726562,110.94746398925781,94.78407287597656,35.2358283996582,110.43411254882812,20.021385192871094,56.132572174072266,28.874893188476562,26.13043212890625,1.6437690258026123,63.099857330322266,,102.84712982177734,9.999999747378752e-05
2016-10-10,169.3981170654297,111.64981842041016,95.29852294921875,35.393760681152344,111.14166259765625,20.20498275756836,56.481048583984375,29.072784423828125,26.58633041381836,1.6499167680740356,63.03178787231445,,102.24039459228516,9.999999747378752e-05
2016-10-11,167.340087890625,110.0577621459961,94.02949523925781,34.83720397949219,109.67142486572266,19.37464141845703,55.934410095214844,28.532421112060547,26.643604278564453,1.6260652542114258,62.933589935302734,,102.00997924804688,9.999999747378752e-05
2016-10-12,167.55357360839844,109.96412658691406,94.14097595214844,34.79207229614258,109.70818328857422,19.236249923706055,56.57670974731445,28.501976013183594,26.88186264038086,1.6334418058395386,62.971378326416016,,102.10987091064453,9.999999747378752e-05
2016-10-13,167.0155792236328,109.57080078125,93.80652618408203,34.649173736572266,109.00061798095703,18.995452880859375,57.020843505859375,28.326927185058594,26.79939079284668,1.6068856716156006,63.04694366455078,,102.49381256103516,9.999999747378752e-05
2016-10-14,167.0583038330078,109.70189666748047,93.78083038330078,34.709354400634766,109.40495300292969,18.802623748779297,56.768043518066406,28.40304183959961,26.94829559326172,1.6226228475570679,62.91850280761719,,101.05768585205078,9.999999747378752e-05
2016-10-15,167.0583038330078,109.70189666748047,93.78083038330078,34.709354400634766,109.40495300292969,18.802623748779297,56.768043518066406,28.40304183959961,26.94829559326172,1.6226228475570679,62.91850280761719,,101.05768585205078,9.999999747378752e-05
2016-10-16,167.0583038330078,109.70189666748047,93.78083038330078,34.709354400634766,109.40495300292969,18.802623748779297,56.768043518066406,28.40304183959961,26.94829559326172,1.6226228475570679,62.91850280761719,,101.05768585205078,9.999999747378752e-05
2016-10-17,166.56301879882812,109.40223693847656,93.51502227783203,34.64165496826172,109.1200942993164,18.6734619140625,56.891029357910156,28.349763870239258,26.92997169494629,1.613279104232788,63.05452346801758,,101.7027816772461,9.999999747378752e-05
2016-10-18,167.54498291015625,110.37619018554688,94.06381225585938,35.05531692504883,109.80925750732422,18.977920532226562,57.253170013427734,28.852067947387695,26.91164207458496,1.6378676891326904,63.13758850097656,,102.03305053710938,9.999999747378752e-05
2016-10-19,168.00619506835938,110.3668212890625,94.36392211914062,35.175655364990234,109.91954040527344,19.051727294921875,57.37615203857422,29.0042724609375,26.831459045410156,1.634425401687622,63.18293762207031,,102.11749267578125,9.999999747378752e-05
2016-10-20,167.73287963867188,110.23570251464844,94.1838607788086,35.16061019897461,109.64385986328125,18.977920532226562,57.2463493347168,28.966224670410156,26.817710876464844,1.6654075384140015,63.14512252807617,,102.2249984741211,9.999999747378752e-05
2016-10-21,167.77560424804688,110.64775085449219,94.14955139160156,35.115478515625,110.20437622070312,18.94101905822754,57.03453063964844,28.973846435546875,26.712329864501953,1.6607353687286377,63.19804763793945,,102.37860107421875,9.999999747378752e-05
2016-10-22,167.77560424804688,110.64775085449219,94.14955139160156,35.115478515625,110.20437622070312,18.94101905822754,57.03453063964844,28.973846435546875,26.712329864501953,1.6607353687286377,63.19804763793945,,102.37860107421875,9.999999747378752e-05
2016-10-23,167.77560424804688,110.64775085449219,94.14955139160156,35.115478515625,110.20437622070312,18.94101905822754,57.03453063964844,28.973846435546875,26.712329864501953,1.6607353687286377,63.19804763793945,,102.37860107421875,9.999999747378752e-05
2016-10-24,168.458740234375,111.97760009765625,94.62116241455078,35.1530876159668,111.47245788574219,19.068334579467773,57.16435241699219,29.118446350097656,26.952877044677734,1.7386828660964966,63.10737609863281,,101.93318176269531,9.999999747378752e-05
2016-10-25,167.9805908203125,111.62173461914062,94.2181167602539,35.115478515625,111.0589828491211,18.8487548828125,57.06183624267578,29.095609664916992,27.0903377532959,1.767205834388733,63.10737609863281,,102.20199584960938,9.999999747378752e-05
2016-10-26,167.60482788085938,110.8631591796875,93.9351806640625,34.91993713378906,110.49842834472656,18.756500244140625,56.31706237792969,28.88250732421875,26.48094367980957,1.7743362188339233,62.99407958984375,,101.51081085205078,9.999999747378752e-05
2016-10-27,167.1607666015625,110.35745239257812,93.617919921875,34.83720397949219,109.94710540771484,18.60519027709961,54.84112548828125,28.661800384521484,26.226652145385742,1.7379448413848877,62.82024383544922,,100.40493774414062,9.999999747378752e-05
2016-10-28,166.63137817382812,109.6644515991211,93.30921173095703,34.79960632324219,110.00223541259766,18.43358612060547,54.970951080322266,28.501976013183594,26.05254364013672,1.7349941730499268,62.79002380371094,,100.18223571777344,9.999999747378752e-05
2016-10-29,166.63137817382812,109.6644515991211,93.30921173095703,34.79960632324219,110.00223541259766,18.43358612060547,54.970951080322266,28.501976013183594,26.05254364013672,1.7349941730499268,62.79002380371094,,100.18223571777344,9.999999747378752e-05
2016-10-30,166.63137817382812,109.6644515991211,93.30921173095703,34.79960632324219,110.00223541259766,18.43358612060547,54.970951080322266,28.501976013183594,26.05254364013672,1.7349941730499268,62.79002380371094,,100.18223571777344,9.999999747378752e-05
2016-10-31,166.63137817382812,109.56143188476562,93.3692626953125,34.82967758178711,110.01142883300781,18.375463485717773,55.86609649658203,28.73029899597168,26.011301040649414,1.749747633934021,62.858055114746094,,100.79663848876953,9.999999747378752e-05
2016-11-01,165.46998596191406,108.7373046875,92.67471313476562,34.69430160522461,109.1200942993164,18.192787170410156,54.64982986450195,28.51719856262207,25.541662216186523,1.6978647708892822,62.837623596191406,,100.80427551269531,9.999999747378752e-05
2016-11-02,164.3768310546875,107.86637115478516,92.0316162109375,34.40099334716797,108.2746810913086,17.824668884277344,53.850364685058594,28.189937591552734,25.5645694732666,1.6907343864440918,62.8981819152832,,101.24285888671875,9.999999747378752e-05
2016-11-03,163.73641967773438,106.8081283569336,91.62861633300781,34.37089920043945,107.44767761230469,17.713956832885742,53.43355178833008,28.12144660949707,25.290550231933594,1.6710631847381592,62.860321044921875,,100.46574401855469,9.999999747378752e-05
2016-11-04,163.51437377929688,106.43350219726562,91.56857299804688,34.03997802734375,107.1444320678711,17.763776779174805,53.857208251953125,27.824630737304688,25.062578201293945,1.6614736318588257,62.973915100097656,,101.36595153808594,9.999999747378752e-05
2016-11-05,163.51437377929688,106.43350219726562,91.56857299804688,34.03997802734375,107.1444320678711,17.763776779174805,53.857208251953125,27.824630737304688,25.062578201293945,1.6614736318588257,62.973915100097656,,101.36595153808594,9.999999747378752e-05
2016-11-06,163.51437377929688,106.43350219726562,91.56857299804688,34.03997802734375,107.1444320678711,17.763776779174805,53.857208251953125,27.824630737304688,25.062578201293945,1.6614736318588257,62.973915100097656,,101.36595153808594,9.999999747378752e-05
2016-11-07,167.1009063720703,108.96207427978516,93.5921630859375,34.68678283691406,109.60710144042969,18.285968780517578,54.8001594543457,28.76835060119629,25.424108505249023,1.7524522542953491,62.89063262939453,,100.50421142578125,9.999999747378752e-05
2016-11-08,167.8695068359375,109.67382049560547,93.99519348144531,34.79960632324219,110.14926147460938,18.442811965942383,55.0871467590332,28.905345916748047,25.573776245117188,1.749747633934021,62.77699661254883,,100.09645080566406,9.999999747378752e-05
2016-11-09,169.66282653808594,110.17953491210938,95.16134643554688,34.56645202636719,109.99303436279297,18.493553161621094,54.25352096557617,28.1442813873291,25.532331466674805,1.720240831375122,62.15624237060547,,95.84910583496094,9.999999747378752e-05
2016-11-10,170.05564880371094,108.40017700195312,95.49578094482422,34.34083557128906,108.47683715820312,18.857986450195312,53.344730377197266,27.32992935180664,24.820796966552734,1.6663912534713745,61.891231536865234,,94.4333267211914,9.999999747378752e-05
2016-11-11,169.73971557617188,108.44697570800781,95.53006744384766,33.987335205078125,109.13848114013672,18.785099029541016,53.66588592529297,26.82762908935547,24.968172073364258,2.1630876064300537,61.777732849121094,,93.90242767333984,9.999999747378752e-05
2016-11-12,169.73971557617188,108.44697570800781,95.53006744384766,33.987335205078125,109.13848114013672,18.785099029541016,53.66588592529297,26.82762908935547,24.968172073364258,2.1630876064300537,61.777732849121094,,93.90242767333984,9.999999747378752e-05
2016-11-13,169.73971557617188,108.44697570800781,95.53006744384766,33.987335205078125,109.13848114013672,18.785099029541016,53.66588592529297,26.82762908935547,24.968172073364258,2.1630876064300537,61.777732849121094,,93.90242767333984,9.999999747378752e-05
2016-11-14,169.7653350830078,107.35127258300781,95.77871704101562,33.776756286621094,107.62228393554688,19.07940673828125,54.93681716918945,26.698244094848633,24.34183692932129,2.0566179752349854,61.542991638183594,,93.34072875976562,9.999999747378752e-05
2016-11-15,171.1401824951172,108.84031677246094,96.52471160888672,34.107669830322266,109.0649642944336,19.000988006591797,54.479007720947266,27.200544357299805,24.664213180541992,2.119319200515747,61.62627029418945,,93.80235290527344,9.999999747378752e-05
2016-11-16,170.84979248046875,109.48651123046875,96.38751220703125,33.754180908203125,110.01142883300781,19.000988006591797,54.321842193603516,26.979839324951172,25.327394485473633,2.253082275390625,61.75498580932617,,94.6487808227539,9.999999747378752e-05
2016-11-17,171.66110229492188,110.28253936767578,96.87630462646484,33.96476745605469,110.8843994140625,19.116310119628906,53.76838302612305,26.98745346069336,25.31818199157715,2.27177095413208,61.50513458251953,,93.2560806274414,9.999999747378752e-05
2016-11-18,171.3536834716797,109.8704833984375,96.69619750976562,33.67897415161133,110.6270751953125,19.051727294921875,53.925533294677734,26.926572799682617,25.343505859375,2.295621633529663,61.353736877441406,,92.98678588867188,9.999999747378752e-05
2016-11-19,171.3536834716797,109.8704833984375,96.69619750976562,33.67897415161133,110.6270751953125,19.051727294921875,53.925533294677734,26.926572799682617,25.343505859375,2.295621633529663,61.353736877441406,,92.98678588867188,9.999999747378752e-05
2016-11-20,171.3536834716797,109.8704833984375,96.69619750976562,33.67897415161133,110.6270751953125,19.051727294921875,53.925533294677734,26.926572799682617,25.343505859375,2.295621633529663,61.353736877441406,,92.98678588867188,9.999999747378752e-05
2016-11-21,172.61749267578125,111.0130386352539,97.42506408691406,33.979820251464844,111.7114028930664,19.263925552368164,53.76155471801758,27.192941665649414,25.72806167602539,2.2862775325775146,61.34616470336914,,93.21761322021484,9.999999747378752e-05
2016-11-22,172.93345642089844,111.35015106201172,97.70803833007812,34.145267486572266,111.85840606689453,19.31097984313965,54.704490661621094,27.489748001098633,25.74418067932129,2.3027524948120117,61.39914321899414,,93.1868667602539,9.999999747378752e-05
2016-11-23,173.08712768554688,110.90061950683594,97.84519958496094,33.987335205078125,111.4632797241211,19.217798233032227,54.472171783447266,27.223379135131836,25.612926483154297,2.314079761505127,61.24015808105469,,92.8252182006836,9.999999747378752e-05
2016-11-24,173.08712768554688,110.90061950683594,97.84519958496094,33.987335205078125,111.4632797241211,19.217798233032227,54.472171783447266,27.223379135131836,25.612926483154297,2.314079761505127,61.24015808105469,,92.8252182006836,9.999999747378752e-05
2016-11-25,173.77886962890625,111.25652313232422,98.22249603271484,34.122718811035156,111.75735473632812,19.328510284423828,54.78648376464844,27.36799430847168,25.741880416870117,2.3187596797943115,61.26290512084961,,92.9637222290039,9.999999747378752e-05
2016-11-26,173.77886962890625,111.25652313232422,98.22249603271484,34.122718811035156,111.75735473632812,19.328510284423828,54.78648376464844,27.36799430847168,25.741880416870117,2.3187596797943115,61.26290512084961,,92.9637222290039,9.999999747378752e-05
2016-11-27,173.77886962890625,111.25652313232422,98.22249603271484,34.122718811035156,111.75735473632812,19.328510284423828,54.78648376464844,27.36799430847168,25.741880416870117,2.3187596797943115,61.26290512084961,,92.9637222290039,9.999999747378752e-05
2016-11-28,172.95904541015625,111.00365447998047,97.65657043457031,33.99485778808594,111.683837890625,19.2454776763916,55.03929901123047,27.504968643188477,25.69121742248535,2.3175277709960938,61.40670394897461,,93.64850616455078,9.999999747378752e-05
2016-11-29,173.2323760986328,111.3875961303711,97.79379272460938,34.16030502319336,111.82167053222656,18.784175872802734,55.565425872802734,27.520193099975586,25.6658878326416,2.2963497638702393,61.452144622802734,,94.04090118408203,9.999999747378752e-05
2016-11-30,172.83950805664062,110.03903198242188,97.56224822998047,34.1302375793457,110.5903549194336,18.553524017333984,54.92997360229492,27.565872192382812,25.449443817138672,2.2704927921295166,61.24015808105469,,92.51740264892578,9.999999747378752e-05
2016-12-01,172.16490173339844,108.13792419433594,97.15924072265625,34.03997802734375,107.90715026855469,18.11989974975586,54.12369155883789,27.25382423400879,25.212261199951172,2.1581990718841553,61.01262283325195,,91.54060363769531,9.999999747378752e-05
2016-12-02,172.2844696044922,108.35332489013672,97.15924072265625,34.1302375793457,108.31146240234375,18.26290512084961,54.66350555419922,27.223379135131836,25.306663513183594,2.1781466007232666,61.232574462890625,,92.21134185791016,9.999999747378752e-05
2016-12-03,172.2844696044922,108.35332489013672,97.15924072265625,34.1302375793457,108.31146240234375,18.26290512084961,54.66350555419922,27.223379135131836,25.306663513183594,2.1781466007232666,61.232574462890625,,92.21134185791016,9.999999747378752e-05
2016-12-04,172.2844696044922,108.35332489013672,97.15924072265625,34.1302375793457,108.31146240234375,18.26290512084961,54.66350555419922,27.223379135131836,25.306663513183594,2.1781466007232666,61.232574462890625,,92.21134185791016,9.999999747378752e-05
2016-12-05,173.27503967285156,109.19620513916016,97.83665466308594,34.40099334716797,109.52442932128906,18.63471221923828,55.066650390625,27.406036376953125,25.124755859375,2.2626125812530518,61.308441162109375,,92.11107635498047,9.999999747378752e-05
2016-12-06,173.88133239746094,109.45841979980469,98.33397674560547,34.581485748291016,109.87360382080078,18.613492965698242,55.42195510864258,27.520193099975586,25.31818199157715,2.2997982501983643,61.300865173339844,,92.0417251586914,9.999999747378752e-05
2016-12-07,176.0845489501953,110.84443664550781,99.55157470703125,35.077880859375,111.8124771118164,18.525846481323242,56.528873443603516,27.931177139282227,25.566869735717773,2.3411688804626465,61.44499588012695,,92.82816314697266,9.999999747378752e-05
2016-12-08,176.54566955566406,111.04112243652344,99.91168975830078,35.10044860839844,112.44652557373047,18.7528076171875,56.91836929321289,28.06056022644043,25.81787109375,2.302013635635376,61.32361602783203,,91.73333740234375,9.999999747378752e-05
2016-12-09,177.62164306640625,111.91203308105469,100.45191955566406,35.20573425292969,113.04379272460938,18.821077346801758,56.85686111450195,27.931177139282227,26.23926544189453,2.2611348628997803,61.141510009765625,,90.59225463867188,9.999999747378752e-05
2016-12-10,177.62164306640625,111.91203308105469,100.45191955566406,35.20573425292969,113.04379272460938,18.821077346801758,56.85686111450195,27.931177139282227,26.23926544189453,2.2611348628997803,61.141510009765625,,90.59225463867188,9.999999747378752e-05
2016-12-11,177.62164306640625,111.91203308105469,100.45191955566406,35.20573425292969,113.04379272460938,18.821077346801758,56.85686111450195,27.931177139282227,26.23926544189453,2.2611348628997803,61.141510009765625,,90.59225463867188,9.999999747378752e-05
2016-12-12,177.42527770996094,111.4063491821289,100.19467163085938,35.00266647338867,112.49246215820312,18.820154190063477,57.23269271850586,27.702865600585938,26.089588165283203,2.206218957901001,61.073272705078125,,90.76187133789062,9.999999747378752e-05
2016-12-13,178.63784790039062,112.81108856201172,100.77774047851562,35.34864044189453,113.7789535522461,18.959470748901367,57.20534896850586,27.984445571899414,26.52479362487793,2.2451283931732178,61.141510009765625,,91.08568572998047,9.999999747378752e-05
2016-12-14,177.1605224609375,112.57695770263672,99.86883544921875,34.709354400634766,113.44052124023438,18.831226348876953,55.95491027832031,27.17772102355957,26.52479362487793,2.3751518726348877,60.83051300048828,,90.06797790527344,9.999999747378752e-05
2016-12-15,177.8180694580078,112.75491333007812,100.28042602539062,34.68678283691406,113.93844604492188,19.172590255737305,55.6269416809082,27.29949188232422,26.66986846923828,2.43080735206604,60.739498138427734,,90.52281951904297,9.999999747378752e-05
2016-12-16,177.51065063476562,112.33692169189453,100.12604522705078,34.61909866333008,113.1362075805664,19.217798233032227,56.46056365966797,27.132055282592773,26.704402923583984,2.472670555114746,60.792598724365234,,90.314697265625,9.999999747378752e-05
2016-12-17,177.51065063476562,112.33692169189453,100.12604522705078,34.61909866333008,113.1362075805664,19.217798233032227,56.46056365966797,27.132055282592773,26.704402923583984,2.472670555114746,60.792598724365234,,90.314697265625,9.999999747378752e-05
2016-12-18,177.51065063476562,112.33692169189453,100.12604522705078,34.61909866333008,113.1362075805664,19.217798233032227,56.46056365966797,27.132055282592773,26.704402923583984,2.472670555114746,60.792598724365234,,90.314697265625,9.999999747378752e-05
2016-12-19,177.9119873046875,112.79716491699219,100.40901184082031,34.581485748291016,113.80016326904297,19.273157119750977,57.06869125366211,26.949398040771484,26.858688354492188,2.502713918685913,60.951900482177734,,91.2861328125,9.999999747378752e-05
2016-12-20,178.59519958496094,113.2292251586914,100.83782958984375,34.68768310546875,114.18743896484375,19.215951919555664,57.19850158691406,26.995281219482422,26.930070877075195,2.589887857437134,60.95948791503906,,90.8312759399414,9.999999747378752e-05
2016-12-21,178.10838317871094,113.14468383789062,100.55315399169922,34.63460159301758,113.8554458618164,18.91333770751953,56.33071517944336,26.911155700683594,26.955398559570312,2.6061410903930664,61.050506591796875,,91.23219299316406,9.999999747378752e-06
2016-12-22,177.88153076171875,112.82533264160156,100.29426574707031,34.46771240234375,113.42205810546875,18.65500831604004,56.23654556274414,26.658798217773438,26.778093338012695,2.637662649154663,61.008663177490234,,91.06906127929688,9.999999747378752e-06
2016-12-23,178.03623962402344,112.90050506591797,100.4495620727539,34.56632614135742,113.57881164550781,18.7380428314209,56.383056640625,26.78879737854004,26.831052780151367,2.703413486480713,61.039119720458984,,91.25454711914062,9.999999747378752e-06
2016-12-24,178.03623962402344,112.90050506591797,100.4495620727539,34.56632614135742,113.57881164550781,18.7380428314209,56.383056640625,26.78879737854004,26.831052780151367,2.703413486480713,61.039119720458984,,91.25454711914062,9.999999747378752e-06
2016-12-25,178.03623962402344,112.90050506591797,100.4495620727539,34.56632614135742,113.57881164550781,18.7380428314209,56.383056640625,26.78879737854004,26.831052780151367,2.703413486480713,61.039119720458984,,91.25454711914062,9.999999747378752e-06
2016-12-26,178.03623962402344,112.90050506591797,100.4495620727539,34.56632614135742,113.57881164550781,18.7380428314209,56.383056640625,26.78879737854004,26.831052780151367,2.703413486480713,61.039119720458984,,91.25454711914062,9.999999747378752e-06
2016-12-27,178.4744873046875,113.48284149169922,100.69979095458984,34.57390213012695,114.15055847167969,19.111698150634766,56.50165557861328,26.918804168701172,27.00145721435547,2.8890914916992188,60.99348449707031,,90.96083068847656,9.999999747378752e-06
2016-12-28,177.065185546875,112.59992980957031,99.86285400390625,34.551151275634766,113.00712585449219,18.719593048095703,56.15979766845703,27.087055206298828,26.886320114135742,2.690361499786377,61.14558792114258,,91.62567138671875,9.999999747378752e-06
2016-12-29,177.03085327148438,112.44025421142578,99.87150573730469,34.74078369140625,113.07164001464844,18.62733268737793,56.857444763183594,27.507665634155273,26.879417419433594,2.7440454959869385,61.312889099121094,,91.9502944946289,9.999999747378752e-06
2016-12-30,176.42071533203125,111.28496551513672,99.50048828125,34.80146789550781,112.03889465332031,18.4981689453125,57.57599639892578,27.362354278564453,26.66986846923828,2.628551483154297,61.442203521728516,,92.08944702148438,9.999999747378752e-06
2016-12-31,176.42071533203125,111.28496551513672,99.50048828125,34.80146789550781,112.03889465332031,18.4981689453125,57.57599639892578,27.362354278564453,26.66986846923828,2.628551483154297,61.442203521728516,,92.08944702148438,9.999999747378752e-06
2017-01-01,176.42071533203125,111.28496551513672,99.50048828125,34.80146789550781,112.03889465332031,18.4981689453125,57.57599639892578,27.362354278564453,26.66986846923828,2.628551483154297,61.442203521728516,,92.08944702148438,9.999999747378752e-06
2017-01-02,176.42071533203125,111.28496551513672,99.50048828125,34.80146789550781,112.03889465332031,18.4981689453125,57.57599639892578,27.362354278564453,26.66986846923828,2.628551483154297,61.442203521728516,,92.08944702148438,9.999999747378752e-06
2017-01-03,177.6495361328125,112.28057098388672,100.25975036621094,35.051780700683594,112.92413330078125,18.85521697998047,57.76436996459961,27.660606384277344,26.745851516723633,2.512070894241333,61.44980239868164,,92.48365783691406,9.999999747378752e-06
2017-01-04,178.6978302001953,112.8910903930664,101.02767944335938,35.43861770629883,113.60649108886719,19.706777572631836,58.60852813720703,27.912967681884766,26.71591567993164,2.5706803798675537,61.495418548583984,,92.83927917480469,0.0010000000474974513
2017-01-05,178.56040954589844,113.52982330322266,100.8292236328125,35.70412063598633,113.68949127197266,19.513031005859375,58.796875,28.203569412231445,26.851781845092773,2.505422592163086,61.80727005004883,,94.2925796508789,0.0010000000474974513
2017-01-06,179.2564239501953,114.52545166015625,101.14847564697266,35.62826156616211,114.73148345947266,19.711387634277344,58.80385208129883,28.088855743408203,27.151138305664062,2.538912296295166,61.563880920410156,,93.42675018310547,9.999999747378752e-06
2017-01-07,179.2564239501953,114.52545166015625,101.14847564697266,35.62826156616211,114.73148345947266,19.711387634277344,58.80385208129883,28.088855743408203,27.151138305664062,2.538912296295166,61.563880920410156,,93.42675018310547,9.999999747378752e-06
2017-01-08,179.2564239501953,114.52545166015625,101.14847564697266,35.62826156616211,114.73148345947266,19.711387634277344,58.80385208129883,28.088855743408203,27.151138305664062,2.538912296295166,61.563880920410156,,93.42675018310547,9.999999747378752e-06
2017-01-09,178.68923950195312,114.901123046875,100.76018524169922,35.56000518798828,114.9343490600586,19.96971893310547,58.27362823486328,28.04297637939453,27.399824142456055,2.6418490409851074,61.715972900390625,,94.17657470703125,9.999999747378752e-06
2017-01-10,178.6634979248047,115.15475463867188,100.83782958984375,35.62068176269531,114.92515563964844,20.25111198425293,57.778316497802734,28.1959228515625,27.427448272705078,2.6219027042388916,61.700748443603516,,94.11476135253906,9.999999747378752e-06
2017-01-11,179.17050170898438,115.46471405029297,101.15709686279297,35.886165618896484,115.62599182128906,20.094270706176758,57.42251205444336,28.440637588500977,27.574831008911133,2.589641809463501,61.73119354248047,,94.43167877197266,9.999999747378752e-06
2017-01-12,178.77523803710938,115.28623962402344,100.8896255493164,35.939266204833984,115.27554321289062,20.140399932861328,57.71552276611328,28.50946807861328,27.45969009399414,2.547285318374634,61.74641799926758,,94.22295379638672,9.999999747378752e-06
2017-01-13,179.12757873535156,115.68074035644531,101.13981628417969,36.04545974731445,115.72740173339844,20.352598190307617,57.63181686401367,28.478879928588867,27.411338806152344,2.5470399856567383,61.647499084472656,,93.77465057373047,9.999999747378752e-06
2017-01-14,179.12757873535156,115.68074035644531,101.13981628417969,36.04545974731445,115.72740173339844,20.352598190307617,57.63181686401367,28.478879928588867,27.411338806152344,2.5470399856567383,61.647499084472656,,93.77465057373047,9.999999747378752e-06
2017-01-15,179.12757873535156,115.68074035644531,101.13981628417969,36.04545974731445,115.72740173339844,20.352598190307617,57.63181686401367,28.478879928588867,27.411338806152344,2.5470399856567383,61.647499084472656,,93.77465057373047,9.999999747378752e-06
2017-01-16,179.12757873535156,115.68074035644531,101.13981628417969,36.04545974731445,115.72740173339844,20.352598190307617,57.63181686401367,28.478879928588867,27.411338806152344,2.5470399856567383,61.647499084472656,,93.77465057373047,9.999999747378752e-06
2017-01-17,178.49166870117188,115.33321380615234,100.691162109375,35.95444107055664,115.0818862915039,20.03891372680664,58.07829666137695,28.448286056518555,27.632400512695312,2.4899075031280518,61.837608337402344,,94.75635528564453,9.999999747378752e-06
2017-01-18,178.86972045898438,115.56803131103516,100.92411804199219,35.76481246948242,115.5245361328125,20.112720489501953,58.17597198486328,28.341230392456055,27.63009262084961,2.535220146179199,61.518218994140625,,93.54273223876953,9.999999747378752e-06
2017-01-19,178.2682342529297,115.51167297363281,100.52725982666016,35.734458923339844,115.19256591796875,20.140399932861328,57.582984924316406,28.26474380493164,27.58173942565918,2.589641809463501,61.4117431640625,,92.901123046875,9.999999747378752e-06
2017-01-20,178.8439483642578,115.76528930664062,100.87236022949219,35.87858581542969,115.81039428710938,20.157930374145508,58.001564025878906,28.310630798339844,27.632400512695312,2.561323404312134,61.45741653442383,,92.7155990600586,9.999999747378752e-06
2017-01-21,178.8439483642578,115.76528930664062,100.87236022949219,35.87858581542969,115.81039428710938,20.157930374145508,58.001564025878906,28.310630798339844,27.632400512695312,2.561323404312134,61.45741653442383,,92.7155990600586,9.999999747378752e-06
2017-01-22,178.8439483642578,115.76528930664062,100.87236022949219,35.87858581542969,115.81039428710938,20.157930374145508,58.001564025878906,28.310630798339844,27.632400512695312,2.561323404312134,61.45741653442383,,92.7155990600586,9.999999747378752e-06
2017-01-23,178.43148803710938,115.85919189453125,100.60489654541016,36.04545974731445,115.86571502685547,20.203134536743164,58.48992156982422,28.70064353942871,27.65081214904785,2.587918758392334,61.624698638916016,,93.64321899414062,9.999999747378752e-06
2017-01-24,179.56581115722656,116.63880920410156,101.39008331298828,36.18956756591797,117.10137939453125,20.352598190307617,58.50386047363281,28.90713119506836,27.625486373901367,2.643080711364746,61.53347396850586,,93.0015869140625,9.999999747378752e-06
2017-01-25,181.06089782714844,117.81287384033203,102.2614974975586,36.56884002685547,118.35546875,20.523279190063477,58.12015914916992,29.15949249267578,28.0653018951416,2.654407262802124,61.3509407043457,,91.83434295654297,9.999999747378752e-06
2017-01-26,180.92347717285156,117.93497467041016,102.11483764648438,36.45506286621094,118.06037902832031,20.398725509643555,58.00853729248047,29.037132263183594,28.079116821289062,2.700212240219116,61.373722076416016,,92.14359283447266,9.999999747378752e-06
2017-01-27,180.66561889648438,118.16041564941406,101.9509048461914,36.371639251708984,118.392333984375,20.458694458007812,57.44345474243164,29.067720413208008,28.081417083740234,2.7524187564849854,61.442203521728516,,92.4759750366211,9.999999747378752e-06
2017-01-28,180.66561889648438,118.16041564941406,101.9509048461914,36.371639251708984,118.392333984375,20.458694458007812,57.44345474243164,29.067720413208008,28.081417083740234,2.7524187564849854,61.442203521728516,,92.4759750366211,9.999999747378752e-06
2017-01-29,180.66561889648438,118.16041564941406,101.9509048461914,36.371639251708984,118.392333984375,20.458694458007812,57.44345474243164,29.067720413208008,28.081417083740234,2.7524187564849854,61.442203521728516,,92.4759750366211,9.999999747378752e-06
2017-01-30,179.57435607910156,117.23994445800781,101.26061248779297,36.13649368286133,117.43334197998047,20.30000877380371,57.05276870727539,28.922428131103516,28.007734298706055,2.7093234062194824,61.4269905090332,,92.19766998291016,9.999999747378752e-06
2017-01-31,179.56581115722656,117.00509643554688,101.34690856933594,36.21992111206055,116.87083435058594,20.38119888305664,57.464393615722656,28.937728881835938,27.943262100219727,2.688638210296631,61.55626678466797,,92.83927917480469,9.999999747378752e-06
2017-02-01,179.591552734375,117.81287384033203,101.33827209472656,36.341285705566406,117.70996856689453,20.550033569335938,56.77372360229492,28.9989070892334,29.647254943847656,2.806102752685547,61.44804000854492,,92.2652359008789,9.999999747378752e-06
2017-02-02,179.66885375976562,117.70956420898438,101.40731811523438,36.386802673339844,117.76529693603516,20.675508499145508,57.450435638427734,29.09831428527832,29.596599578857422,2.8415637016296387,61.48615646362305,,92.22651672363281,9.999999747378752e-06
2017-02-03,181.00076293945312,118.04768371582031,102.17520904541016,36.55366897583008,118.70586395263672,20.647829055786133,57.76436996459961,29.281850814819336,29.723247528076172,2.8166911602020264,61.501365661621094,,92.18775939941406,9.999999747378752e-06
2017-02-04,181.00076293945312,118.04768371582031,102.17520904541016,36.55366897583008,118.70586395263672,20.647829055786133,57.76436996459961,29.281850814819336,29.723247528076172,2.8166911602020264,61.501365661621094,,92.18775939941406,9.999999747378752e-06
2017-02-05,181.00076293945312,118.04768371582031,102.17520904541016,36.55366897583008,118.70586395263672,20.647829055786133,57.76436996459961,29.281850814819336,29.723247528076172,2.8166911602020264,61.501365661621094,,92.18775939941406,9.999999747378752e-06
2017-02-06,180.6226806640625,118.18858337402344,101.93364715576172,36.341285705566406,118.87189483642578,20.65705680847168,57.66669464111328,29.21302604675293,30.001863479614258,2.8888447284698486,61.69189453125,,92.74555969238281,9.999999747378752e-06
2017-02-07,180.66561889648438,118.62066650390625,101.92499542236328,36.30335998535156,119.2960205078125,20.555572509765625,57.464393615722656,29.10595703125,30.287405014038086,2.9336636066436768,61.79096984863281,,93.42723846435547,9.999999747378752e-06
2017-02-08,180.89764404296875,118.8178939819336,102.03714752197266,36.41712951660156,119.49890899658203,20.74931526184082,57.917842864990234,29.33538055419922,30.404844284057617,2.920858144760132,61.95866394042969,,94.69775390625,9.999999747378752e-06
2017-02-09,181.92880249023438,119.24998474121094,102.71017456054688,36.515750885009766,120.07986450195312,21.150646209716797,58.05738067626953,29.488332748413086,30.62455177307129,2.865943193435669,61.79096984863281,,93.60542297363281,9.999999747378752e-06
2017-02-10,182.6591796875,119.64445495605469,103.14156341552734,36.712974548339844,120.36573791503906,21.19216537475586,58.468990325927734,29.755996704101562,30.55517578125,2.79797625541687,61.77570724487305,,93.55121612548828,9.999999747378752e-06
2017-02-11,182.6591796875,119.64445495605469,103.14156341552734,36.712974548339844,120.36573791503906,21.19216537475586,58.468990325927734,29.755996704101562,30.55517578125,2.79797625541687,61.77570724487305,,93.55121612548828,9.999999747378752e-06
2017-02-12,182.6591796875,119.64445495605469,103.14156341552734,36.712974548339844,120.36573791503906,21.19216537475586,58.468990325927734,29.755996704101562,30.55517578125,2.79797625541687,61.77570724487305,,93.55121612548828,9.999999747378752e-06
2017-02-13,183.63018798828125,120.32076263427734,103.65927124023438,36.85708999633789,121.0296630859375,21.265972137451172,58.48992156982422,29.870702743530273,30.825756072998047,2.6689376831054688,61.70712661743164,,93.25685119628906,9.999999747378752e-06
2017-02-14,184.39492797851562,120.72462463378906,104.03890991210938,36.826751708984375,121.46302032470703,21.422815322875977,58.18293762207031,29.91657257080078,31.22584342956543,2.6787872314453125,61.577598571777344,,92.5828857421875,9.999999747378752e-06
2017-02-15,185.33155822753906,121.4384994506836,104.6083755493164,37.03155517578125,121.99786376953125,21.374839782714844,57.98760223388672,30.138364791870117,31.33915901184082,2.6842048168182373,61.478519439697266,,92.15675354003906,9.999999747378752e-06
2017-02-16,185.1855010986328,121.40089416503906,104.51346588134766,37.061893463134766,122.16387176513672,21.20138931274414,58.329463958740234,30.054237365722656,31.302167892456055,2.64111065864563,61.59284210205078,,92.6602783203125,9.999999747378752e-06
2017-02-17,185.46910095214844,121.92691040039062,104.66879272460938,36.90260696411133,122.52347564697266,21.3490047454834,58.441078186035156,29.954814910888672,31.387731552124023,2.640617609024048,61.7376594543457,,93.21037292480469,9.999999747378752e-06
2017-02-18,185.46910095214844,121.92691040039062,104.66879272460938,36.90260696411133,122.52347564697266,21.3490047454834,58.441078186035156,29.954814910888672,31.387731552124023,2.640617609024048,61.7376594543457,,93.21037292480469,9.999999747378752e-06
2017-02-19,185.46910095214844,121.92691040039062,104.66879272460938,36.90260696411133,122.52347564697266,21.3490047454834,58.441078186035156,29.954814910888672,31.387731552124023,2.640617609024048,61.7376594543457,,93.21037292480469,9.999999747378752e-06
2017-02-20,185.46910095214844,121.92691040039062,104.66879272460938,36.90260696411133,122.52347564697266,21.3490047454834,58.441078186035156,29.954814910888672,31.387731552124023,2.640617609024048,61.7376594543457,,93.21037292480469,9.999999747378752e-06
2017-02-21,186.56040954589844,122.52802276611328,105.28999328613281,37.11498260498047,123.25200653076172,21.404367446899414,59.187557220458984,30.19953727722168,31.6143798828125,2.735180377960205,61.72999954223633,,93.04763793945312,9.999999747378752e-06
2017-02-22,186.47439575195312,122.57500457763672,105.15196228027344,37.12257385253906,123.40876770019531,21.379453659057617,58.99220275878906,30.276018142700195,31.709197998046875,2.7309892177581787,61.76813888549805,,93.20256805419922,9.999999747378752e-06
2017-02-23,186.57757568359375,122.11473846435547,105.07428741455078,37.16050720214844,123.12288665771484,21.19216537475586,59.2991828918457,30.29130744934082,31.575061798095703,2.4777626991271973,61.88249206542969,,93.48152923583984,9.999999747378752e-06
2017-02-24,186.8009796142578,122.34954071044922,105.24684143066406,36.86467742919922,123.37187957763672,21.090679168701172,59.5782356262207,29.970117568969727,31.605131149291992,2.5016798973083496,62.11107635498047,,94.51957702636719,9.999999747378752e-06
2017-02-25,186.8009796142578,122.34954071044922,105.24684143066406,36.86467742919922,123.37187957763672,21.090679168701172,59.5782356262207,29.970117568969727,31.605131149291992,2.5016798973083496,62.11107635498047,,94.51957702636719,9.999999747378752e-06
2017-02-26,186.8009796142578,122.34954071044922,105.24684143066406,36.86467742919922,123.37187957763672,21.090679168701172,59.5782356262207,29.970117568969727,31.605131149291992,2.5016798973083496,62.11107635498047,,94.51957702636719,9.999999747378752e-06
2017-02-27,187.07594299316406,122.49983978271484,105.47981262207031,36.83433151245117,123.39952850341797,21.468948364257812,59.89216232299805,29.847763061523438,31.66756820678711,2.574418544769287,61.98152160644531,,93.9618148803711,9.999999747378752e-06
2017-02-28,186.52603149414062,122.12416076660156,105.091552734375,36.70537567138672,122.64335632324219,21.335168838500977,59.480552673339844,29.587743759155273,31.681434631347656,2.502173900604248,61.93582534790039,,94.31038665771484,9.999999747378752e-06
2017-03-01,189.172607421875,123.45791625976562,106.50657653808594,37.130165100097656,124.36775970458984,21.676532745361328,59.2991828918457,30.061887741088867,32.3289909362793,2.5344743728637695,61.682247161865234,,92.7300796508789,9.999999747378752e-06
2017-03-02,188.06414794921875,122.83797454833984,105.82495880126953,36.81158447265625,123.44562530517578,21.450490951538086,58.97824478149414,29.526569366455078,32.137046813964844,2.4410240650177,61.56772232055664,,92.39635467529297,9.999999747378752e-06
2017-03-03,188.1672821044922,123.06343841552734,105.91124725341797,36.99363327026367,123.65773010253906,21.404367446899414,58.74802780151367,29.778932571411133,32.32668685913086,2.4269704818725586,61.61357498168945,,92.63697052001953,9.999999747378752e-05
2017-03-04,188.1672821044922,123.06343841552734,105.91124725341797,36.99363327026367,123.65773010253906,21.404367446899414,58.74802780151367,29.778932571411133,32.32668685913086,2.4269704818725586,61.61357498168945,,92.63697052001953,9.999999747378752e-05
2017-03-05,188.1672821044922,123.06343841552734,105.91124725341797,36.99363327026367,123.65773010253906,21.404367446899414,58.74802780151367,29.778932571411133,32.32668685913086,2.4269704818725586,61.61357498168945,,92.63697052001953,9.999999747378752e-05
2017-03-06,187.5828857421875,122.7910385131836,105.49708557128906,36.90260696411133,123.42719268798828,21.468948364257812,58.482933044433594,29.824810028076172,32.22493362426758,2.408231496810913,61.575347900390625,,92.19453430175781,9.999999747378752e-05
2017-03-07,187.0157928466797,122.5843734741211,105.16056823730469,36.81916427612305,123.52864837646484,21.445880889892578,58.20389175415039,29.863059997558594,32.26655197143555,2.4346141815185547,61.46082305908203,,91.91510772705078,9.999999747378752e-05
2017-03-08,186.62057495117188,122.80042266845703,104.86722564697266,36.599185943603516,123.67615509033203,21.44034767150879,57.129520416259766,29.564794540405273,32.14629364013672,2.430175542831421,61.31573486328125,,91.41835021972656,9.999999747378752e-06
2017-03-09,186.8181610107422,122.89432525634766,104.91899871826172,36.64470291137695,123.60235595703125,21.21523094177246,56.27143478393555,29.312442779541016,32.07228088378906,2.4296822547912598,61.12485885620117,,90.688720703125,9.999999747378752e-06
2017-03-10,187.47119140625,123.41094970703125,105.29863739013672,36.98603820800781,124.2386703491211,21.413589477539062,56.09701919555664,29.557165145874023,32.17866897583008,2.4439828395843506,61.24703598022461,,91.00701141357422,9.999999747378752e-06
2017-03-11,187.47119140625,123.41094970703125,105.29863739013672,36.98603820800781,124.2386703491211,21.413589477539062,56.09701919555664,29.557165145874023,32.17866897583008,2.4439828395843506,61.24703598022461,,91.00701141357422,9.999999747378752e-06
2017-03-12,187.47119140625,123.41094970703125,105.29863739013672,36.98603820800781,124.2386703491211,21.413589477539062,56.09701919555664,29.557165145874023,32.17866897583008,2.4439828395843506,61.24703598022461,,91.00701141357422,9.999999747378752e-06
2017-03-13,187.5828857421875,123.6175765991211,105.37628173828125,37.19084167480469,124.40463256835938,21.616561889648438,56.23654556274414,29.9318904876709,32.19255447387695,2.511296033859253,61.12485885620117,,90.43263244628906,9.999999747378752e-06
2017-03-14,186.94711303710938,123.31702423095703,104.99665832519531,36.93292999267578,124.06346893310547,21.570432662963867,56.222618103027344,29.763641357421875,32.14398193359375,2.5095698833465576,61.11722183227539,,90.86730194091797,9.999999747378752e-06
2017-03-15,188.50233459472656,124.07782745361328,105.94576263427734,37.53217697143555,124.8564682006836,21.768789291381836,57.359737396240234,30.459552764892578,32.48394775390625,2.5285558700561523,61.49899673461914,,91.97721099853516,9.999999747378752e-06
2017-03-16,188.18441772460938,123.9932861328125,105.81633758544922,37.752159118652344,125.19768524169922,21.88411521911621,57.24812316894531,30.666027069091797,32.537147521972656,2.559624433517456,61.40736770629883,,91.51155090332031,9.999999747378752e-06
2017-03-17,187.8063507080078,123.95001220703125,105.75593566894531,37.744564056396484,125.21615600585938,21.87765884399414,57.513214111328125,30.63544273376465,32.3752555847168,2.6153481006622314,61.52953338623047,,92.08586883544922,9.999999747378752e-06
2017-03-18,187.8063507080078,123.95001220703125,105.75593566894531,37.744564056396484,125.21615600585938,21.87765884399414,57.513214111328125,30.63544273376465,32.3752555847168,2.6153481006622314,61.52953338623047,,92.08586883544922,9.999999747378752e-06
2017-03-19,187.8063507080078,123.95001220703125,105.75593566894531,37.744564056396484,125.21615600585938,21.87765884399414,57.513214111328125,30.63544273376465,32.3752555847168,2.6153481006622314,61.52953338623047,,92.08586883544922,9.999999747378752e-06
2017-03-20,187.64305114746094,124.06293487548828,105.50569152832031,37.820430755615234,125.3821029663086,21.865665435791016,57.464393615722656,30.93368148803711,32.71521759033203,2.69868803024292,61.65170669555664,,92.48173522949219,1.9999999494757503e-05
2017-03-21,185.24562072753906,122.18049621582031,104.0302963256836,37.55492401123047,123.36262512207031,21.25582504272461,57.2132453918457,30.558963775634766,32.3405647277832,2.611402750015259,61.79680633544922,,93.2501449584961,9.999999747378752e-06
2017-03-22,185.62376403808594,123.0087661743164,104.16834259033203,37.623207092285156,124.29397583007812,21.238296508789062,57.18161392211914,30.705297470092773,32.705955505371094,2.6646621227264404,61.88078308105469,,93.62271118164062,9.999999747378752e-06
2017-03-23,185.433837890625,122.69817352294922,104.13381958007812,37.70664978027344,123.98965454101562,21.242908477783203,57.60326385498047,30.720611572265625,32.590328216552734,2.640498399734497,61.850284576416016,,93.49076843261719,9.999999747378752e-06
2017-03-24,185.37342834472656,122.95231628417969,104.14422607421875,37.84362030029297,124.07565307617188,21.36745834350586,57.54001235961914,30.804880142211914,32.525577545166016,2.6498682498931885,61.83501052856445,,93.82453155517578,9.999999747378752e-06
2017-03-25,185.37342834472656,122.95231628417969,104.14422607421875,37.84362030029297,124.07565307617188,21.36745834350586,57.54001235961914,30.804880142211914,32.525577545166016,2.6498682498931885,61.83501052856445,,93.82453155517578,9.999999747378752e-06
2017-03-26,185.37342834472656,122.95231628417969,104.14422607421875,37.84362030029297,124.07565307617188,21.36745834350586,57.54001235961914,30.804880142211914,32.525577545166016,2.6498682498931885,61.83501052856445,,93.82453155517578,9.999999747378752e-06
2017-03-27,185.07125854492188,123.14998626708984,104.02289581298828,37.89689254760742,124.16815185546875,21.616561889648438,57.01998519897461,30.712942123413086,32.581077575683594,2.669100522994995,61.96482849121094,,94.25143432617188,9.999999747378752e-06
2017-03-28,186.4439697265625,123.9029312133789,104.75093841552734,38.01865768432617,125.02804565429688,21.768789291381836,57.26594543457031,30.789567947387695,33.256378173828125,2.655292510986328,61.850284576416016,,93.62271118164062,0.0010000000474974513
2017-03-29,186.72012329101562,124.47712707519531,104.94158935546875,38.06431198120117,125.32391357421875,21.948699951171875,57.589210510253906,30.835533142089844,33.330387115478516,2.646662712097168,61.97243881225586,,94.18155670166016,0.0010000000474974513
2017-03-30,187.22085571289062,124.68414306640625,105.33161926269531,37.912113189697266,125.45333862304688,22.00405502319336,57.69462203979492,30.659332275390625,33.28645324707031,2.697455644607544,61.8731803894043,,93.42092895507812,9.999999747378752e-05
2017-03-31,186.77197265625,124.5994644165039,105.14961242675781,37.805580139160156,125.40716552734375,22.105539321899414,58.03895568847656,30.429500579833984,33.224002838134766,2.6858668327331543,61.91136932373047,,93.69256591796875,9.999999747378752e-06
2017-04-01,186.77197265625,124.5994644165039,105.14961242675781,37.805580139160156,125.40716552734375,22.105539321899414,58.03895568847656,30.429500579833984,33.224002838134766,2.6858668327331543,61.91136932373047,,93.69256591796875,9.999999747378752e-06
2017-04-02,186.77197265625,124.5994644165039,105.14961242675781,37.805580139160156,125.40716552734375,22.105539321899414,58.03895568847656,30.429500579833984,33.224002838134766,2.6858668327331543,61.91136932373047,,93.69256591796875,9.999999747378752e-06
2017-04-03,186.53887939453125,124.52413940429688,104.88959503173828,37.7979621887207,125.0373306274414,22.17012596130371,58.20758819580078,30.666982650756836,33.23324966430664,2.6723058223724365,62.13634490966797,,94.63763427734375,9.999999747378752e-06
2017-04-04,186.64248657226562,124.72181701660156,104.94158935546875,37.82840347290039,124.96331787109375,22.077863693237305,58.20758819580078,30.735939025878906,33.4807014465332,2.4849143028259277,62.06744384765625,,94.12428283691406,9.999999747378752e-06
2017-04-05,186.07266235351562,124.21357727050781,104.51691436767578,37.66098403930664,124.51026916503906,21.824146270751953,58.29193115234375,30.682313919067383,33.30725860595703,2.466421127319336,62.12101364135742,,94.41205596923828,9.999999747378752e-06
2017-04-06,186.55613708496094,124.27943420410156,104.84626007080078,37.66098403930664,124.56575012207031,21.926559448242188,58.601139068603516,30.628681182861328,33.224002838134766,2.4844202995300293,62.143951416015625,,94.2720718383789,9.999999747378752e-06
2017-04-07,186.39212036132812,124.21357727050781,104.76824951171875,37.6229362487793,124.48252868652344,22.09078025817871,58.685455322265625,30.62102699279785,33.149993896484375,2.473818063735962,62.0062370300293,,93.89091491699219,9.999999747378752e-06
2017-04-08,186.39212036132812,124.21357727050781,104.76824951171875,37.6229362487793,124.48252868652344,22.09078025817871,58.685455322265625,30.62102699279785,33.149993896484375,2.473818063735962,62.0062370300293,,93.89091491699219,9.999999747378752e-06
2017-04-09,186.39212036132812,124.21357727050781,104.76824951171875,37.6229362487793,124.48252868652344,22.09078025817871,58.685455322265625,30.62102699279785,33.149993896484375,2.473818063735962,62.0062370300293,,93.89091491699219,9.999999747378752e-06
2017-04-10,186.52157592773438,124.26061248779297,104.89827728271484,37.59249496459961,124.41776275634766,22.22271156311035,59.05091094970703,30.475467681884766,33.11068344116211,2.4106969833374023,62.06744384765625,,94.32647705078125,9.999999747378752e-06
2017-04-11,186.2884979248047,123.72410583496094,104.86360931396484,37.699039459228516,123.98320007324219,22.1673583984375,59.45847702026367,30.506103515625,32.75453186035156,2.4193267822265625,62.26643371582031,,95.22098541259766,9.999999747378752e-06
2017-04-12,185.52015686035156,123.22527313232422,104.32626342773438,37.7066535949707,123.34519958496094,21.972684860229492,59.35306930541992,30.613357543945312,32.79383850097656,2.399354934692383,62.41181945800781,,95.74209594726562,9.999999747378752e-06
2017-04-13,184.28564453125,122.73577880859375,103.61553192138672,37.49356460571289,122.88288879394531,22.00405502319336,59.21954345703125,30.452470779418945,32.62038803100586,2.3544795513153076,62.50364685058594,,96.03771209716797,9.999999747378752e-06
2017-04-14,184.28564453125,122.73577880859375,103.61553192138672,37.49356460571289,122.88288879394531,22.00405502319336,59.21954345703125,30.452470779418945,32.62038803100586,2.3544795513153076,62.50364685058594,,96.03771209716797,9.999999747378752e-06
2017-04-15,184.28564453125,122.73577880859375,103.61553192138672,37.49356460571289,122.88288879394531,22.00405502319336,59.21954345703125,30.452470779418945,32.62038803100586,2.3544795513153076,62.50364685058594,,96.03771209716797,9.999999747378752e-06
2017-04-16,184.28564453125,122.73577880859375,103.61553192138672,37.49356460571289,122.88288879394531,22.00405502319336,59.21954345703125,30.452470779418945,32.62038803100586,2.3544795513153076,62.50364685058594,,96.03771209716797,9.999999747378752e-06
2017-04-17,185.89999389648438,123.75236511230469,104.51691436767578,37.7979621887207,124.04794311523438,22.12952995300293,59.93633270263672,30.712942123413086,32.80078887939453,2.44669508934021,62.46536636352539,,95.74209594726562,9.999999747378752e-06
2017-04-18,185.3906707763672,123.56410217285156,104.29158782958984,37.53923797607422,124.02021026611328,22.290061950683594,60.09795379638672,30.352876663208008,32.65508270263672,2.4481747150421143,62.68728256225586,,96.99443054199219,9.999999747378752e-06
2017-04-19,184.98492431640625,123.76174926757812,104.20489501953125,37.37181854248047,124.0386734008789,22.41922378540039,60.013641357421875,30.130722045898438,32.534828186035156,2.4577908515930176,62.57251739501953,,96.46548461914062,9.999999747378752e-06
2017-04-20,186.49571228027344,124.79707336425781,105.06295013427734,37.714256286621094,125.29620361328125,22.64987564086914,60.02066421508789,30.444822311401367,32.94186782836914,2.4967494010925293,62.48833465576172,,96.09217071533203,9.999999747378752e-06
2017-04-21,185.95179748535156,124.76885223388672,104.72491455078125,37.699039459228516,125.20369720458984,22.456130981445312,59.80281448364258,30.414167404174805,32.90253829956055,2.5071048736572266,62.50364685058594,,96.09217071533203,9.999999747378752e-06
2017-04-22,185.95179748535156,124.76885223388672,104.72491455078125,37.699039459228516,125.20369720458984,22.456130981445312,59.80281448364258,30.414167404174805,32.90253829956055,2.5071048736572266,62.50364685058594,,96.09217071533203,9.999999747378752e-06
2017-04-23,185.95179748535156,124.76885223388672,104.72491455078125,37.699039459228516,125.20369720458984,22.456130981445312,59.80281448364258,30.414167404174805,32.90253829956055,2.5071048736572266,62.50364685058594,,96.09217071533203,9.999999747378752e-06
2017-04-24,187.9374237060547,126.27484893798828,105.83432006835938,38.49806594848633,126.86804962158203,22.769817352294922,59.14225387573242,30.766582489013672,33.21937942504883,2.538419485092163,62.4194450378418,,95.6176986694336,1.9999999494757503e-05
2017-04-25,189.06826782226562,127.18781280517578,106.49303436279297,38.72636413574219,127.65402221679688,23.083499908447266,59.38819885253906,30.988744735717773,33.425209045410156,2.582554578781128,62.2281494140625,,94.46647644042969,1.9999999494757503e-05
2017-04-26,188.93019104003906,127.00897979736328,106.5190200805664,38.63504409790039,127.35808563232422,23.369504928588867,58.94546890258789,30.873830795288086,33.2286376953125,2.564802408218384,62.28936004638672,,94.98766326904297,1.9999999494757503e-05
2017-04-27,189.07687377929688,127.7713623046875,106.62300872802734,38.58177947998047,128.14401245117188,23.600156784057617,58.7908821105957,30.774234771728516,33.25407028198242,2.604746103286743,62.33529281616211,,94.95654296875,1.9999999494757503e-05
2017-04-28,188.71432495117188,127.99730682373047,106.26766967773438,38.58177947998047,128.3382110595703,23.22188949584961,58.17950439453125,30.90447235107422,33.22168731689453,2.5717060565948486,62.404151916503906,,95.16654968261719,1.9999999494757503e-05
2017-04-29,188.71432495117188,127.99730682373047,106.26766967773438,38.58177947998047,128.3382110595703,23.22188949584961,58.17950439453125,30.90447235107422,33.22168731689453,2.5717060565948486,62.404151916503906,,95.16654968261719,1.9999999494757503e-05
2017-04-30,188.71432495117188,127.99730682373047,106.26766967773438,38.58177947998047,128.3382110595703,23.22188949584961,58.17950439453125,30.90447235107422,33.22168731689453,2.5717060565948486,62.404151916503906,,95.16654968261719,1.9999999494757503e-05
2017-05-01,189.17189025878906,129.13616943359375,106.54501342773438,38.756797790527344,129.4847412109375,23.720094680786133,58.52383041381836,31.027055740356445,33.8993034362793,2.629403591156006,62.28765106201172,,94.37540435791016,1.9999999494757503e-05
2017-05-02,189.2322998046875,129.3526153564453,106.54501342773438,38.98509216308594,129.74365234375,23.69241714477539,58.42544937133789,31.18027687072754,34.11438751220703,2.5514862537384033,62.39495849609375,,94.85867309570312,9.999999747378752e-06
2017-05-03,189.0424041748047,128.9385223388672,106.28502655029297,38.87095642089844,129.512451171875,23.60938262939453,57.645408630371094,30.95810890197754,34.01033020019531,2.5704731941223145,62.32591247558594,,94.92096710205078,9.999999747378752e-06
2017-05-04,189.21505737304688,128.9855194091797,106.36300659179688,38.96987533569336,129.69744873046875,23.526350021362305,57.36431884765625,30.628681182861328,33.88774871826172,2.5606110095977783,62.25693130493164,,94.4533462524414,9.999999747378752e-06
2017-05-05,189.97474670410156,129.45620727539062,106.89170837402344,39.342769622802734,130.2983856201172,23.766223907470703,57.905433654785156,30.804880142211914,34.44973373413086,2.560856819152832,62.29525375366211,,94.53912353515625,9.999999747378752e-06
2017-05-06,189.97474670410156,129.45620727539062,106.89170837402344,39.342769622802734,130.2983856201172,23.766223907470703,57.905433654785156,30.804880142211914,34.44973373413086,2.560856819152832,62.29525375366211,,94.53912353515625,9.999999747378752e-06
2017-05-07,189.97474670410156,129.45620727539062,106.89170837402344,39.342769622802734,130.2983856201172,23.766223907470703,57.905433654785156,30.804880142211914,34.44973373413086,2.560856819152832,62.29525375366211,,94.53912353515625,9.999999747378752e-06
2017-05-08,189.98338317871094,129.73849487304688,106.7270278930664,39.13729476928711,130.73300170898438,23.701644897460938,57.497859954833984,30.613357543945312,35.386356353759766,2.5339815616607666,62.18791580200195,,94.02464294433594,9.999999747378752e-06
2017-05-09,189.7416534423828,130.19032287597656,106.6923599243164,39.11445236206055,131.01039123535156,24.236753463745117,57.188636779785156,30.95810890197754,35.61301040649414,2.5381720066070557,62.1572380065918,,94.01689147949219,9.999999747378752e-06
2017-05-10,190.09559631347656,130.265625,106.92635345458984,39.24382781982422,131.51895141601562,24.466480255126953,57.63837814331055,31.20326042175293,35.44418716430664,2.9906246662139893,62.1495475769043,,93.90773010253906,9.999999747378752e-06
2017-05-11,189.70713806152344,130.16209411621094,106.6143569946289,39.160118103027344,131.3432159423828,24.512609481811523,57.35026168823242,31.18793296813965,35.75071334838867,3.119086503982544,62.1955680847168,,93.90773010253906,9.999999747378752e-06
2017-05-12,189.41357421875,130.45382690429688,106.4063491821289,39.36558151245117,131.703857421875,24.643619537353516,57.118370056152344,31.356477737426758,36.2499885559082,3.1533591747283936,62.3796272277832,,94.6170425415039,9.999999747378752e-06
2017-05-13,189.41357421875,130.45382690429688,106.4063491821289,39.36558151245117,131.703857421875,24.643619537353516,57.118370056152344,31.356477737426758,36.2499885559082,3.1533591747283936,62.3796272277832,,94.6170425415039,9.999999747378752e-06
2017-05-14,189.41357421875,130.45382690429688,106.4063491821289,39.36558151245117,131.703857421875,24.643619537353516,57.118370056152344,31.356477737426758,36.2499885559082,3.1533591747283936,62.3796272277832,,94.6170425415039,9.999999747378752e-06
2017-05-15,190.37188720703125,130.86801147460938,106.97838592529297,39.63954544067383,132.59152221679688,24.864118576049805,57.287025451660156,31.64759635925293,36.1571044921875,3.311656951904297,62.3642578125,,94.35980987548828,9.999999747378752e-06
2017-05-16,190.33734130859375,131.4138641357422,106.91771697998047,39.79173278808594,133.33123779296875,24.979446411132812,56.90052032470703,31.678237915039062,36.103694915771484,3.373298168182373,62.42561721801758,,94.71058654785156,9.999999747378752e-06
2017-05-17,186.96188354492188,128.07257080078125,104.99358367919922,39.26665115356445,129.4940185546875,24.098360061645508,57.13241958618164,31.20326042175293,34.891502380371094,3.1491687297821045,62.76301193237305,,96.09013366699219,9.999999747378752e-06
2017-05-18,187.6438751220703,129.19268798828125,105.30561828613281,39.17533874511719,130.12271118164062,24.79953956604004,57.44865417480469,30.628681182861328,35.423274993896484,3.2810823917388916,62.709354400634766,,96.1993179321289,9.999999747378752e-06
2017-05-19,188.80926513671875,129.73849487304688,106.05965423583984,39.71561813354492,130.86241149902344,24.845670700073242,57.757850646972656,31.172609329223633,35.544044494628906,3.356858253479004,62.74768829345703,,96.42534637451172,9.999999747378752e-06
2017-05-20,188.80926513671875,129.73849487304688,106.05965423583984,39.71561813354492,130.86241149902344,24.845670700073242,57.757850646972656,31.172609329223633,35.544044494628906,3.356858253479004,62.74768829345703,,96.42534637451172,9.999999747378752e-06
2017-05-21,188.80926513671875,129.73849487304688,106.05965423583984,39.71561813354492,130.86241149902344,24.845670700073242,57.757850646972656,31.172609329223633,35.544044494628906,3.356858253479004,62.74768829345703,,96.42534637451172,9.999999747378752e-06
2017-05-22,189.86248779296875,130.8303680419922,106.62300872802734,39.76889419555664,132.2031707763672,25.233163833618164,57.98273849487305,31.16496467590332,35.760005950927734,3.4284379482269287,62.69401550292969,,96.16036224365234,9.999999747378752e-06
2017-05-23,190.23374938964844,130.96218872070312,106.80503845214844,39.76889419555664,132.31411743164062,25.316198348999023,58.03192901611328,31.14963150024414,35.71588134765625,3.3822810649871826,62.56364822387695,,95.5134048461914,9.999999747378752e-06
2017-05-24,190.69125366210938,131.56451416015625,107.11705017089844,39.84500503540039,132.9613494873047,26.072729110717773,58.502742767333984,31.25689125061035,35.60905456542969,3.420293092727661,62.69401550292969,,96.0512466430664,9.999999747378752e-06
2017-05-25,191.58041381835938,132.6845703125,107.56774139404297,39.86022186279297,134.033935546875,26.395641326904297,58.50978469848633,31.417768478393555,35.732139587402344,3.412642240524292,62.69401550292969,,96.08242797851562,9.999999747378752e-06
2017-05-26,191.58909606933594,132.91990661621094,107.5504150390625,39.82218551635742,134.033935546875,26.06350326538086,58.088134765625,31.494367599487305,35.67176055908203,3.5010058879852295,62.72468185424805,,96.24608612060547,9.999999747378752e-06
2017-05-27,191.58909606933594,132.91990661621094,107.5504150390625,39.82218551635742,134.033935546875,26.06350326538086,58.088134765625,31.494367599487305,35.67176055908203,3.5010058879852295,62.72468185424805,,96.24608612060547,9.999999747378752e-06
2017-05-28,191.58909606933594,132.91990661621094,107.5504150390625,39.82218551635742,134.033935546875,26.06350326538086,58.088134765625,31.494367599487305,35.67176055908203,3.5010058879852295,62.72468185424805,,96.24608612060547,9.999999747378752e-06
2017-05-29,191.58909606933594,132.91990661621094,107.5504150390625,39.82218551635742,134.033935546875,26.06350326538086,58.088134765625,31.494367599487305,35.67176055908203,3.5010058879852295,62.72468185424805,,96.24608612060547,9.999999747378752e-06
2017-05-30,191.4077911376953,133.03282165527344,107.37705993652344,39.73847198486328,134.36676025390625,25.962018966674805,57.72270965576172,31.440750122070312,35.68569564819336,3.5757949352264404,62.81669998168945,,96.72154235839844,9.999999747378752e-06
2017-05-31,191.36463928222656,132.98574829101562,107.34237670898438,39.72325134277344,133.99696350097656,26.155765533447266,57.757850646972656,31.210922241210938,35.4743537902832,3.562959909439087,62.84737014770508,,96.96315002441406,9.999999747378752e-06
2017-06-01,192.85812377929688,133.50341796875,108.33909606933594,40.020023345947266,134.65341186523438,26.718551635742188,58.06004333496094,31.440750122070312,35.5718994140625,3.563206911087036,62.864280700683594,,96.97332000732422,9.999999747378752e-06
2017-06-02,193.46246337890625,135.02818298339844,108.6944580078125,40.36246871948242,135.88314819335938,26.9030704498291,58.65736770629883,31.540342330932617,36.09904861450195,3.5454342365264893,63.07173538208008,,98.12152862548828,9.999999747378752e-06
2017-06-03,193.46246337890625,135.02818298339844,108.6944580078125,40.36246871948242,135.88314819335938,26.9030704498291,58.65736770629883,31.540342330932617,36.09904861450195,3.5454342365264893,63.07173538208008,,98.12152862548828,9.999999747378752e-06
2017-06-04,193.46246337890625,135.02818298339844,108.6944580078125,40.36246871948242,135.88314819335938,26.9030704498291,58.65736770629883,31.540342330932617,36.09904861450195,3.5454342365264893,63.07173538208008,,98.12152862548828,9.999999747378752e-06
2017-06-05,193.33290100097656,134.9999542236328,108.55577850341797,40.202667236328125,136.03111267089844,26.949201583862305,58.40436553955078,31.540342330932617,35.746063232421875,3.653298854827881,62.971839904785156,,97.51227569580078,9.999999747378752e-06
2017-06-06,192.7804412841797,134.46348571777344,108.2784652709961,40.118961334228516,135.8091583251953,27.13372230529785,58.12328338623047,31.563323974609375,35.866825103759766,3.636760950088501,63.08711624145508,,98.04341888427734,9.999999747378752e-06
2017-06-07,193.09982299804688,134.99057006835938,108.3997802734375,40.13417053222656,136.10508728027344,27.174318313598633,58.530845642089844,31.540342330932617,36.080467224121094,3.6806962490081787,63.00260925292969,,97.57475280761719,9.999999747378752e-06
2017-06-08,193.16891479492188,135.13174438476562,108.59046173095703,40.09613037109375,136.65057373046875,27.44740867614746,58.390316009521484,31.601627349853516,35.992225646972656,3.947763681411743,62.95648956298828,,97.31700897216797,9.999999747378752e-06
2017-06-09,192.94444274902344,131.75274658203125,108.50379943847656,39.91348648071289,132.85964965820312,26.594921112060547,58.79789352416992,31.387117385864258,34.596561431884766,3.6925435066223145,62.9026985168457,,97.16858673095703,9.999999747378752e-06
2017-06-10,192.94444274902344,131.75274658203125,108.50379943847656,39.91348648071289,132.85964965820312,26.594921112060547,58.79789352416992,31.387117385864258,34.596561431884766,3.6925435066223145,62.9026985168457,,97.16858673095703,9.999999747378752e-06
2017-06-11,192.94444274902344,131.75274658203125,108.50379943847656,39.91348648071289,132.85964965820312,26.594921112060547,58.79789352416992,31.387117385864258,34.596561431884766,3.6925435066223145,62.9026985168457,,97.16858673095703,9.999999747378752e-06
2017-06-12,192.8667449951172,131.0468292236328,108.48644256591797,39.776519775390625,131.85179138183594,26.08195686340332,59.32497024536133,31.272207260131836,33.76984786987305,3.701676845550537,62.88729476928711,,97.13735961914062,9.999999747378752e-06
2017-06-13,193.8077392578125,132.11038208007812,109.02381134033203,40.10374069213867,132.998291015625,26.487897872924805,59.45847702026367,31.417768478393555,34.04155731201172,3.736973762512207,62.9026985168457,,97.1529769897461,9.999999747378752e-06
2017-06-14,193.6005096435547,131.5362548828125,108.8678207397461,40.05047607421875,132.2309112548828,26.25724983215332,59.54281234741211,31.394777297973633,33.7094841003418,3.744872570037842,63.13321304321289,,98.65267944335938,9.999999747378752e-06
2017-06-15,193.212158203125,130.95272827148438,108.62512969970703,39.65475082397461,131.6114044189453,26.16499137878418,59.844974517822266,31.11899185180664,33.50743865966797,3.760915756225586,63.064083099365234,,98.49645233154297,9.999999747378752e-06
2017-06-16,193.26388549804688,130.38453674316406,108.55577850341797,39.93632888793945,131.39869689941406,26.320907592773438,59.69037628173828,31.218582153320312,33.03834533691406,3.7424027919769287,63.13321304321289,,98.69172668457031,9.999999747378752e-06
2017-06-17,193.26388549804688,130.38453674316406,108.55577850341797,39.93632888793945,131.39869689941406,26.320907592773438,59.69037628173828,31.218582153320312,33.03834533691406,3.7424027919769287,63.13321304321289,,98.69172668457031,9.999999747378752e-06
2017-06-18,193.26388549804688,130.38453674316406,108.55577850341797,39.93632888793945,131.39869689941406,26.320907592773438,59.69037628173828,31.218582153320312,33.03834533691406,3.7424027919769287,63.13321304321289,,98.69172668457031,9.999999747378752e-06
2017-06-19,194.8436737060547,132.56471252441406,109.43984985351562,40.11135482788086,133.51608276367188,27.050687789916992,59.69742965698242,31.425424575805664,33.98350143432617,3.8830952644348145,63.040977478027344,,98.55116271972656,9.999999747378752e-06
2017-06-20,193.56600952148438,131.5265350341797,108.6944580078125,39.72325134277344,132.4065399169922,27.0783634185791,59.55685806274414,31.050031661987305,33.67463302612305,3.8774185180664062,63.13321304321289,,99.43382263183594,9.999999747378752e-05
2017-06-21,193.48834228515625,132.82899475097656,108.56822204589844,39.65863800048828,133.30345153808594,27.465858459472656,59.43739700317383,31.167991638183594,33.87434768676758,3.9361636638641357,63.16398239135742,,99.63683319091797,9.999999747378752e-05
2017-06-22,193.37606811523438,132.79122924804688,108.61175537109375,39.797088623046875,133.50686645507812,27.724185943603516,59.49363327026367,31.28362274169922,33.81861877441406,3.909012794494629,63.18700408935547,,99.85557556152344,9.999999747378752e-05
2017-06-23,193.70562744140625,133.3008575439453,108.8816909790039,39.89707946777344,134.38525390625,27.954833984375,59.70006561279297,31.399263381958008,33.969566345214844,3.796952724456787,63.2024040222168,,99.8087158203125,9.999999747378752e-05
2017-06-24,193.70562744140625,133.3008575439453,108.8816909790039,39.89707946777344,134.38525390625,27.954833984375,59.70006561279297,31.399263381958008,33.969566345214844,3.796952724456787,63.2024040222168,,99.8087158203125,9.999999747378752e-05
2017-06-25,193.70562744140625,133.3008575439453,108.8816909790039,39.89707946777344,134.38525390625,27.954833984375,59.70006561279297,31.399263381958008,33.969566345214844,3.796952724456787,63.2024040222168,,99.8087158203125,9.999999747378752e-05
2017-06-26,193.76634216308594,132.67796325683594,108.96002197265625,40.0124626159668,133.66404724121094,27.53966522216797,60.12572479248047,31.730754852294922,33.862735748291016,3.7554855346679688,63.27153778076172,,100.18363952636719,9.999999747378752e-05
2017-06-27,192.2227325439453,130.27130126953125,108.0632095336914,39.920162200927734,131.41722106933594,26.945510864257812,59.58654022216797,31.399263381958008,33.37738800048828,3.618001699447632,63.05635452270508,,99.11355590820312,9.999999747378752e-05
2017-06-28,193.92245483398438,132.14947509765625,109.08195495605469,40.304744720458984,133.12896728515625,27.480619430541992,59.72846603393555,31.584272384643555,33.86505889892578,3.745612621307373,63.05635452270508,,98.78546905517578,9.999999747378752e-05
2017-06-29,192.248779296875,129.85606384277344,108.21124267578125,39.889381408691406,130.77371215820312,26.964885711669922,59.047386169433594,31.22966957092285,33.36579132080078,3.6204702854156494,62.925724029541016,,97.95751953125,9.999999747378752e-05
2017-06-30,192.5696258544922,129.90321350097656,108.3592529296875,39.974002838134766,130.5974884033203,26.70932388305664,59.047386169433594,31.476356506347656,33.44473648071289,3.568143844604492,62.879638671875,,97.73101806640625,9.999999747378752e-05
2017-07-01,192.5696258544922,129.90321350097656,108.3592529296875,39.974002838134766,130.5974884033203,26.70932388305664,59.047386169433594,31.476356506347656,33.44473648071289,3.568143844604492,62.879638671875,,97.73101806640625,9.999999747378752e-05
2017-07-02,192.5696258544922,129.90321350097656,108.3592529296875,39.974002838134766,130.5974884033203,26.70932388305664,59.047386169433594,31.476356506347656,33.44473648071289,3.568143844604492,62.879638671875,,97.73101806640625,9.999999747378752e-05
2017-07-03,192.99449157714844,128.53477478027344,108.62045288085938,40.0047607421875,129.54039001464844,26.570934295654297,59.79938888549805,31.62282371520996,33.32399368286133,3.4390523433685303,62.886592864990234,,97.41635131835938,9.999999747378752e-05
2017-07-04,192.99449157714844,128.53477478027344,108.62045288085938,40.0047607421875,129.54039001464844,26.570934295654297,59.79938888549805,31.62282371520996,33.32399368286133,3.4390523433685303,62.886592864990234,,97.41635131835938,9.999999747378752e-05
2017-07-05,193.33270263671875,129.7993927001953,108.74236297607422,39.974002838134766,130.87567138671875,26.746227264404297,58.95513153076172,31.568876266479492,33.46099090576172,3.530871629714966,62.92518615722656,,97.43982696533203,9.999999747378752e-05
2017-07-06,191.59837341308594,128.629150390625,107.67140197753906,39.73554992675781,129.6980438232422,26.201894760131836,57.84839630126953,31.221954345703125,33.145179748535156,3.541485548019409,62.778533935546875,,96.6336441040039,9.999999747378752e-05
2017-07-07,192.81236267089844,130.0164794921875,108.42020416259766,39.781707763671875,131.39498901367188,26.367963790893555,58.174747467041016,31.30674171447754,33.48189163208008,3.622445821762085,62.76312255859375,,96.05439758300781,9.999999747378752e-05
2017-07-08,192.81236267089844,130.0164794921875,108.42020416259766,39.781707763671875,131.39498901367188,26.367963790893555,58.174747467041016,31.30674171447754,33.48189163208008,3.622445821762085,62.76312255859375,,96.05439758300781,9.999999747378752e-05
2017-07-09,192.81236267089844,130.0164794921875,108.42020416259766,39.781707763671875,131.39498901367188,26.367963790893555,58.174747467041016,31.30674171447754,33.48189163208008,3.622445821762085,62.76312255859375,,96.05439758300781,9.999999747378752e-05
2017-07-10,193.01187133789062,130.86587524414062,108.49856567382812,39.904781341552734,132.3500518798828,26.331058502197266,57.642662048339844,31.530309677124023,33.686256408691406,3.7937440872192383,62.79399871826172,,96.19532012939453,9.999999747378752e-05
2017-07-11,192.86444091796875,131.23394775390625,108.4724349975586,40.04322052001953,132.8600616455078,26.663192749023438,57.57881546020508,31.75387191772461,33.79540252685547,3.84755277633667,62.855743408203125,,96.35965728759766,9.999999747378752e-05
2017-07-12,194.31265258789062,132.79122924804688,109.24736785888672,40.427818298339844,134.677490234375,27.11526870727539,58.288272857666016,32.355194091796875,33.84416198730469,4.0111985206604,63.00236129760742,,97.02495574951172,9.999999747378752e-05
2017-07-13,194.6422119140625,133.08380126953125,109.4215087890625,40.58164978027344,135.00204467773438,26.995332717895508,58.3804931640625,32.447689056396484,34.31556701660156,3.9647958278656006,62.979183197021484,,96.41445922851562,9.999999747378752e-05
2017-07-14,195.5267333984375,134.13143920898438,109.90910339355469,40.94316482543945,136.10557556152344,27.04607582092285,58.94095993041992,32.77919387817383,34.610504150390625,4.0714263916015625,63.00236129760742,,96.53191375732422,9.999999747378752e-05
2017-07-15,195.5267333984375,134.13143920898438,109.90910339355469,40.94316482543945,136.10557556152344,27.04607582092285,58.94095993041992,32.77919387817383,34.610504150390625,4.0714263916015625,63.00236129760742,,96.53191375732422,9.999999747378752e-05
2017-07-16,195.5267333984375,134.13143920898438,109.90910339355469,40.94316482543945,136.10557556152344,27.04607582092285,58.94095993041992,32.77919387817383,34.610504150390625,4.0714263916015625,63.00236129760742,,96.53191375732422,9.999999747378752e-05
2017-07-17,195.552734375,134.1974639892578,109.90910339355469,40.78932189941406,136.18898010253906,26.856943130493164,59.416282653808594,32.60959243774414,34.73125457763672,4.0541462898254395,63.087188720703125,,96.79798126220703,9.999999747378752e-06
2017-07-18,195.7001495361328,135.0940704345703,109.97875213623047,40.89700698852539,136.8380584716797,27.15217399597168,59.2885856628418,32.66354751586914,34.85200881958008,4.096355438232422,63.23381423950195,,97.64334106445312,0.009999999776482582
2017-07-19,196.73214721679688,135.88690185546875,110.6143798828125,41.11237335205078,137.66334533691406,27.189077377319336,59.73554992675781,32.9796257019043,35.0703125,4.075126647949219,63.24155807495117,,97.68244934082031,0.009999999776482582
2017-07-20,196.7928466796875,136.06614685058594,110.68401336669922,41.26621627807617,137.79315185546875,27.428953170776367,59.458858489990234,32.91024398803711,34.912376403808594,4.134364604949951,63.28009796142578,,97.9642333984375,0.009999999776482582
2017-07-21,196.6540985107422,136.00950622558594,110.53601837158203,41.08930206298828,137.49642944335938,27.631929397583008,59.416282653808594,32.84086990356445,34.8961296081543,4.149175643920898,63.34954833984375,,98.37910461425781,0.009999999776482582
2017-07-22,196.6540985107422,136.00950622558594,110.53601837158203,41.08930206298828,137.49642944335938,27.631929397583008,59.416282653808594,32.84086990356445,34.8961296081543,4.149175643920898,63.34954833984375,,98.37910461425781,0.009999999776482582
2017-07-23,196.6540985107422,136.00950622558594,110.53601837158203,41.08930206298828,137.49642944335938,27.631929397583008,59.416282653808594,32.84086990356445,34.8961296081543,4.149175643920898,63.34954833984375,,98.37910461425781,0.009999999776482582
2017-07-24,196.58468627929688,136.63246154785156,110.54471588134766,41.08930206298828,138.04354858398438,28.028644561767578,59.30276870727539,32.964210510253906,35.31878662109375,4.1010422706604,63.31869888305664,,97.99555206298828,0.009999999776482582
2017-07-25,197.05299377441406,136.283203125,110.91041564941406,41.13545227050781,137.8766326904297,27.954833984375,59.38081741333008,32.91024398803711,35.46973419189453,4.081297874450684,63.07950210571289,,96.71973419189453,9.999999747378752e-06
2017-07-26,197.11367797851562,136.7268524169922,110.83203125,41.35850524902344,138.12698364257812,27.94561195373535,59.792293548583984,33.14923095703125,35.63693618774414,4.128442764282227,63.23381423950195,,96.87626647949219,9.999999747378752e-06
2017-07-27,196.87954711914062,135.86798095703125,110.64048767089844,41.24313735961914,136.8751678466797,27.521215438842773,59.863243103027344,32.9796257019043,34.96346664428711,3.9921932220458984,63.15663146972656,,96.3988265991211,9.999999747378752e-06
2017-07-28,196.6540985107422,135.75473022460938,110.45764923095703,41.24313735961914,136.68045043945312,27.650379180908203,59.70006561279297,33.10297393798828,34.71733093261719,4.0576019287109375,63.27238845825195,,96.9701919555664,9.999999747378752e-06
2017-07-29,196.6540985107422,135.75473022460938,110.45764923095703,41.24313735961914,136.68045043945312,27.650379180908203,59.70006561279297,33.10297393798828,34.71733093261719,4.0576019287109375,63.27238845825195,,96.9701919555664,9.999999747378752e-06
2017-07-30,196.6540985107422,135.75473022460938,110.45764923095703,41.24313735961914,136.68045043945312,27.650379180908203,59.70006561279297,33.10297393798828,34.71733093261719,4.0576019287109375,63.27238845825195,,96.9701919555664,9.999999747378752e-06
2017-07-31,196.5413360595703,135.178955078125,110.39671325683594,41.3200569152832,135.99423217773438,27.329313278198242,59.778106689453125,33.15692138671875,34.53850173950195,4.0111985206604,63.2646598815918,,97.087646484375,9.999999747378752e-06
2017-08-01,196.98365783691406,135.49044799804688,110.62309265136719,41.58157730102539,136.71751403808594,27.401277542114258,60.047691345214844,33.29570388793945,34.845062255859375,4.060070514678955,63.5219612121582,,97.76924896240234,9.999999747378752e-06
2017-08-02,197.09637451171875,135.85858154296875,110.51860046386719,41.573883056640625,136.90301513671875,27.504608154296875,59.501426696777344,33.372798919677734,36.491512298583984,4.0576019287109375,63.48320770263672,,97.82416534423828,9.999999747378752e-06
2017-08-03,196.74949645996094,135.3300323486328,110.26610565185547,41.50465393066406,136.5227813720703,27.710346221923828,59.38081741333008,33.24945068359375,36.126914978027344,4.109189033508301,63.61494064331055,,98.83602905273438,9.999999747378752e-06
2017-08-04,197.07901000976562,135.57540893554688,110.50116729736328,41.58157730102539,136.71751403808594,28.047100067138672,59.579463958740234,33.334251403808594,36.317325592041016,4.127208709716797,63.51417922973633,,97.99675750732422,9.999999747378752e-06
2017-08-05,197.07901000976562,135.57540893554688,110.50116729736328,41.58157730102539,136.71751403808594,28.047100067138672,59.579463958740234,33.334251403808594,36.317325592041016,4.127208709716797,63.51417922973633,,97.99675750732422,9.999999747378752e-06
2017-08-06,197.07901000976562,135.57540893554688,110.50116729736328,41.58157730102539,136.71751403808594,28.047100067138672,59.579463958740234,33.334251403808594,36.317325592041016,4.127208709716797,63.51417922973633,,97.99675750732422,9.999999747378752e-06
2017-08-07,197.39991760253906,136.43426513671875,110.7188720703125,41.627723693847656,137.55203247070312,28.57297706604004,59.515628814697266,33.59635543823242,36.87931442260742,4.254076957702637,63.53740310668945,,98.10655212402344,9.999999747378752e-06
2017-08-08,197.00967407226562,136.1983184814453,110.41411590576172,41.47389602661133,137.37583923339844,28.526851654052734,59.2318229675293,33.55009460449219,37.17423629760742,4.20347785949707,63.45219039916992,,97.75362396240234,9.999999747378752e-06
2017-08-09,196.8968963623047,136.01895141601562,110.29222869873047,41.35082244873047,137.24607849121094,28.268522262573242,59.0331916809082,33.365081787109375,37.401817321777344,4.248154163360596,63.49867630004883,,98.28697967529297,9.999999747378752e-06
2017-08-10,194.19122314453125,133.1026611328125,108.67269897460938,40.689334869384766,134.3251495361328,27.761089324951172,58.60751724243164,32.594173431396484,36.21049499511719,4.06624174118042,63.5916748046875,,99.12631225585938,9.999999747378752e-06
2017-08-11,194.45144653320312,134.1125030517578,108.87295532226562,40.6970329284668,135.38217163085938,28.37000846862793,58.2457160949707,32.69438552856445,36.714073181152344,3.849527359008789,63.645931243896484,,99.17340087890625,9.999999747378752e-06
2017-08-12,194.45144653320312,134.1125030517578,108.87295532226562,40.6970329284668,135.38217163085938,28.37000846862793,58.2457160949707,32.69438552856445,36.714073181152344,3.849527359008789,63.645931243896484,,99.17340087890625,9.999999747378752e-06
2017-08-13,194.45144653320312,134.1125030517578,108.87295532226562,40.6970329284668,135.38217163085938,28.37000846862793,58.2457160949707,32.69438552856445,36.714073181152344,3.849527359008789,63.645931243896484,,99.17340087890625,9.999999747378752e-06
2017-08-14,196.35922241210938,135.83970642089844,109.98745727539062,41.004703521728516,137.57058715820312,29.29261016845703,59.2176513671875,32.9796257019043,37.2665901184082,4.156579494476318,63.59939956665039,,98.66346740722656,9.999999747378752e-05
2017-08-15,196.37655639648438,135.9340362548828,109.88296508789062,40.920082092285156,137.8395538330078,28.85898780822754,59.0402717590332,32.95650100708008,37.67459487915039,4.121530055999756,63.490970611572266,,98.24774169921875,9.999999747378752e-06
2017-08-16,196.6887664794922,136.17001342773438,110.08324432373047,41.22006607055664,138.3124542236328,29.089637756347656,59.274410247802734,33.35738754272461,37.52306365966797,4.076361656188965,63.58393859863281,,98.60855102539062,9.999999747378752e-06
2017-08-17,193.6275634765625,133.3858642578125,108.33312225341797,40.720088958740234,135.56771850585938,28.57297706604004,58.90550231933594,32.93338394165039,36.80266571044922,3.9855289459228516,63.70015335083008,,99.34591674804688,9.999999747378752e-06
2017-08-18,193.2720184326172,133.29144287109375,108.15027618408203,40.85855484008789,135.5305938720703,28.37000846862793,58.30954360961914,33.17235565185547,36.718727111816406,3.9862701892852783,63.66913604736328,,99.32238006591797,9.999999747378752e-06
2017-08-19,193.2720184326172,133.29144287109375,108.15027618408203,40.85855484008789,135.5305938720703,28.37000846862793,58.30954360961914,33.17235565185547,36.718727111816406,3.9862701892852783,63.66913604736328,,99.32238006591797,9.999999747378752e-06
2017-08-20,193.2720184326172,133.29144287109375,108.15027618408203,40.85855484008789,135.5305938720703,28.37000846862793,58.30954360961914,33.17235565185547,36.718727111816406,3.9862701892852783,63.66913604736328,,99.32238006591797,9.999999747378752e-06
2017-08-21,193.5061798095703,133.12158203125,108.30702209472656,40.94316482543945,135.3729705810547,28.37000846862793,58.93385696411133,33.25715255737305,36.65114212036133,3.928264856338501,63.70015335083008,,99.5655288696289,9.999999747378752e-06
2017-08-22,195.46603393554688,135.1506805419922,109.39537048339844,41.104679107666016,137.3666534423828,28.895891189575195,58.763572692871094,33.55009460449219,37.25028991699219,4.015717506408691,63.62266159057617,,99.18118286132812,9.999999747378752e-06
2017-08-23,194.79827880859375,134.6693878173828,109.06451416015625,41.17390823364258,137.11622619628906,29.052736282348633,59.366615295410156,33.712005615234375,37.29690933227539,4.096008777618408,63.80860137939453,,99.85578918457031,9.999999747378752e-06
2017-08-24,194.3473663330078,134.27296447753906,108.89036560058594,41.18159866333008,137.09771728515625,29.283384323120117,59.18218231201172,33.789085388183594,37.13138198852539,4.080938816070557,63.71565246582031,,99.48712921142578,9.999999747378752e-06
2017-08-25,194.77224731445312,133.9897918701172,109.1515884399414,41.44312286376953,137.0050048828125,29.20680809020996,59.465938568115234,34.07432174682617,37.268924713134766,4.046846389770508,63.7931022644043,,99.87147521972656,9.999999747378752e-06
2017-08-26,194.77224731445312,133.9897918701172,109.1515884399414,41.44312286376953,137.0050048828125,29.20680809020996,59.465938568115234,34.07432174682617,37.268924713134766,4.046846389770508,63.7931022644043,,99.87147521972656,9.999999747378752e-06
2017-08-27,194.77224731445312,133.9897918701172,109.1515884399414,41.44312286376953,137.0050048828125,29.20680809020996,59.465938568115234,34.07432174682617,37.268924713134766,4.046846389770508,63.7931022644043,,99.87147521972656,9.999999747378752e-06
2017-08-28,194.8415985107422,134.4051055908203,109.19512176513672,41.420047760009766,137.3573455810547,29.80927085876465,59.01189422607422,34.06661605834961,37.644287109375,4.075503349304199,63.824100494384766,,99.80870056152344,9.999999747378752e-06
2017-08-29,194.9890594482422,134.9336395263672,109.23863220214844,41.250823974609375,137.9136962890625,30.26134490966797,58.94804763793945,33.99722671508789,37.980010986328125,4.068832874298096,63.89381790161133,,100.1303482055664,9.999999747378752e-06
2017-08-30,195.96034240722656,136.51919555664062,109.8133316040039,41.22774887084961,139.19338989257812,30.833351135253906,59.281490325927734,34.03578567504883,38.08257293701172,4.093043327331543,63.88609313964844,,100.09895324707031,9.999999747378752e-06
2017-08-31,197.11367797851562,137.98207092285156,110.56212615966797,41.54310989379883,140.22264099121094,31.499475479125977,59.62202453613281,34.15141296386719,38.23411178588867,4.185932159423828,63.94034957885742,,100.39705657958984,9.999999747378752e-06
2017-09-01,197.451904296875,137.79331970214844,110.81464385986328,41.65849304199219,140.12066650390625,31.03632926940918,59.827762603759766,34.398101806640625,38.24577331542969,4.211130142211914,63.834754943847656,,99.62908935546875,9.999999747378752e-06
2017-09-02,197.451904296875,137.79331970214844,110.81464385986328,41.65849304199219,140.12066650390625,31.03632926940918,59.827762603759766,34.398101806640625,38.24577331542969,4.211130142211914,63.834754943847656,,99.62908935546875,9.999999747378752e-06
2017-09-03,197.451904296875,137.79331970214844,110.81464385986328,41.65849304199219,140.12066650390625,31.03632926940918,59.827762603759766,34.398101806640625,38.24577331542969,4.211130142211914,63.834754943847656,,99.62908935546875,9.999999747378752e-06
2017-09-04,197.451904296875,137.79331970214844,110.81464385986328,41.65849304199219,140.12066650390625,31.03632926940918,59.827762603759766,34.398101806640625,38.24577331542969,4.211130142211914,63.834754943847656,,99.62908935546875,9.999999747378752e-06
2017-09-05,195.99497985839844,136.55699157714844,109.96136474609375,41.34313201904297,138.9337158203125,30.84258460998535,59.664588928222656,34.135990142822266,37.786495208740234,4.098723888397217,64.09877014160156,,101.20901489257812,9.999999747378752e-06
2017-09-06,196.6800994873047,136.9722137451172,110.26610565185547,41.63541030883789,139.14697265625,31.03632926940918,59.82066345214844,34.382686614990234,37.74686813354492,4.096254825592041,63.990081787109375,,100.58802795410156,9.999999747378752e-06
2017-09-07,196.63670349121094,137.29310607910156,110.21385955810547,41.95079040527344,139.79611206054688,31.1378173828125,60.20374298095703,34.55229187011719,37.5953254699707,4.115277290344238,64.1919174194336,,101.61774444580078,9.999999747378752e-06
2017-09-08,196.33319091796875,136.1039276123047,110.13549041748047,41.91231918334961,138.68333435058594,30.694963455200195,60.25344467163086,34.32872772216797,36.98218536376953,4.043881893157959,64.12203979492188,,101.39762115478516,9.999999747378752e-06
2017-09-09,196.33319091796875,136.1039276123047,110.13549041748047,41.91231918334961,138.68333435058594,30.694963455200195,60.25344467163086,34.32872772216797,36.98218536376953,4.043881893157959,64.12203979492188,,101.39762115478516,9.999999747378752e-06
2017-09-10,196.33319091796875,136.1039276123047,110.13549041748047,41.91231918334961,138.68333435058594,30.694963455200195,60.25344467163086,34.32872772216797,36.98218536376953,4.043881893157959,64.12203979492188,,101.39762115478516,9.999999747378752e-06
2017-09-11,198.4751739501953,137.6706085205078,111.31964111328125,42.273826599121094,140.76043701171875,31.110137939453125,60.806800842285156,34.72960662841797,37.65127182006836,4.175063610076904,63.92795181274414,,100.18717193603516,9.999999747378752e-06
2017-09-12,199.2036895751953,138.00091552734375,111.74627685546875,42.29691696166992,141.01077270507812,31.24852752685547,60.090248107910156,34.667930603027344,37.50205993652344,4.190133094787598,63.834754943847656,,99.66053009033203,9.999999747378752e-06
2017-09-13,199.3250732421875,138.18966674804688,111.79853820800781,42.104618072509766,140.7511749267578,31.110137939453125,59.9341926574707,34.43666458129883,37.219970703125,4.208907127380371,63.75713348388672,,99.26753234863281,9.999999747378752e-06
2017-09-14,199.25564575195312,137.37808227539062,111.7636947631836,42.19691848754883,140.37098693847656,30.953292846679688,60.430789947509766,34.506038665771484,36.900577545166016,4.184944152832031,63.79594421386719,,99.67623901367188,9.999999747378752e-06
2017-09-15,199.5331573486328,137.8499755859375,111.97267150878906,42.30459213256836,140.76968383789062,31.32233428955078,60.5443115234375,34.737308502197266,37.27360534667969,4.449529647827148,63.803680419921875,,99.71561431884766,9.999999747378752e-06
2017-09-16,199.5331573486328,137.8499755859375,111.97267150878906,42.30459213256836,140.76968383789062,31.32233428955078,60.5443115234375,34.737308502197266,37.27360534667969,4.449529647827148,63.803680419921875,,99.71561431884766,9.999999747378752e-06
2017-09-17,199.5331573486328,137.8499755859375,111.97267150878906,42.30459213256836,140.76968383789062,31.32233428955078,60.5443115234375,34.737308502197266,37.27360534667969,4.449529647827148,63.803680419921875,,99.71561431884766,9.999999747378752e-06
2017-09-18,199.88009643554688,137.66925048828125,112.24259948730469,42.37382125854492,140.91806030273438,31.700605392456055,60.21794509887695,34.706478118896484,36.99150085449219,4.633331775665283,63.75713348388672,,99.14175415039062,9.999999747378752e-06
2017-09-19,200.12290954589844,137.90576171875,112.2948226928711,42.519954681396484,141.4002685546875,31.562210083007812,59.82066345214844,34.737308502197266,37.0054931640625,4.628390312194824,63.710514068603516,,98.89810180664062,9.999999747378752e-06
2017-09-20,200.23268127441406,137.48011779785156,112.47766876220703,42.448814392089844,140.69554138183594,31.645244598388672,59.65748977661133,34.63747024536133,36.385345458984375,4.591085910797119,63.65613555908203,,98.9688491821289,9.999999747378752e-06
2017-09-21,199.6661376953125,136.63829040527344,112.16423034667969,42.37148666381836,139.9073486328125,31.340789794921875,59.543968200683594,34.668670654296875,35.76054382324219,4.46558952331543,63.640647888183594,,98.91383361816406,9.999999747378752e-06
2017-09-22,199.63999938964844,136.50592041015625,112.25428009033203,42.41014862060547,140.01864624023438,31.276206970214844,59.12397384643555,34.45808792114258,35.41084671020508,4.422107219696045,63.702735900878906,,99.19676971435547,9.999999747378752e-06
2017-09-23,199.63999938964844,136.50592041015625,112.25428009033203,42.41014862060547,140.01864624023438,31.276206970214844,59.12397384643555,34.45808792114258,35.41084671020508,4.422107219696045,63.702735900878906,,99.19676971435547,9.999999747378752e-06
2017-09-24,199.63999938964844,136.50592041015625,112.25428009033203,42.41014862060547,140.01864624023438,31.276206970214844,59.12397384643555,34.45808792114258,35.41084671020508,4.422107219696045,63.702735900878906,,99.19676971435547,9.999999747378752e-06
2017-09-25,199.34364318847656,135.0681610107422,112.0706558227539,42.13947677612305,138.10845947265625,30.796451568603516,59.46800994873047,33.81853103637695,35.09844970703125,4.2244720458984375,63.842506408691406,,99.81773376464844,9.999999747378752e-06
2017-09-26,199.41334533691406,135.41815185546875,112.09687042236328,42.023475646972656,138.56277465820312,30.676513671875,59.56834411621094,33.810726165771484,35.70226287841797,4.248187065124512,63.81141662597656,,99.63695526123047,9.999999747378752e-06
2017-09-27,200.1890869140625,136.63829040527344,112.70901489257812,41.98481369018555,140.24496459960938,31.211627960205078,59.03078842163086,33.6235466003418,35.956382751464844,4.3413238525390625,63.61732864379883,,98.1355972290039,9.999999747378752e-06
2017-09-28,200.42445373535156,136.5910186767578,112.89266204833984,42.0853385925293,140.44949340820312,31.47917366027832,59.432186126708984,33.6391487121582,35.73491287231445,4.340088367462158,63.632877349853516,,97.84480285644531,9.999999747378752e-06
2017-09-29,201.13919067382812,137.57464599609375,113.25992584228516,42.3250732421875,141.3328857421875,31.634170532226562,59.554019927978516,33.982322692871094,35.93074417114258,4.4164276123046875,63.640647888183594,,98.0649185180664,9.999999747378752e-06
2017-09-30,201.13919067382812,137.57464599609375,113.25992584228516,42.3250732421875,141.3328857421875,31.634170532226562,59.554019927978516,33.982322692871094,35.93074417114258,4.4164276123046875,63.640647888183594,,98.0649185180664,9.999999747378752e-06
2017-10-01,201.13919067382812,137.57464599609375,113.25992584228516,42.3250732421875,141.3328857421875,31.634170532226562,59.554019927978516,33.982322692871094,35.93074417114258,4.4164276123046875,63.640647888183594,,98.0649185180664,9.999999747378752e-06
2017-10-02,201.9846954345703,137.69769287109375,113.85458374023438,42.3250732421875,141.7327880859375,31.802093505859375,59.46800994873047,34.01353073120117,35.85846710205078,4.422107219696045,63.615692138671875,,97.88533020019531,9.999999747378752e-06
2017-10-03,202.39437866210938,137.99085998535156,114.08190155029297,42.56482696533203,142.0954132080078,32.106536865234375,59.38202667236328,34.48149871826172,36.01466369628906,4.43125057220459,63.6468505859375,,97.97981262207031,9.999999747378752e-06
2017-10-04,202.67323303222656,138.12332153320312,114.19559478759766,42.533878326416016,142.01168823242188,31.977378845214844,59.68304443359375,34.52048873901367,35.78153610229492,4.468303680419922,63.6468505859375,,97.98771667480469,9.999999747378752e-06
2017-10-05,203.87612915039062,139.47586059570312,114.79901885986328,42.549354553222656,143.3507843017578,32.40177536010742,59.8980598449707,34.73887634277344,36.22682571411133,4.465834617614746,63.60017013549805,,97.6175537109375,9.999999747378752e-06
2017-10-06,203.68438720703125,139.66506958007812,114.72024536132812,42.49522399902344,143.7877960205078,32.30951690673828,59.70453643798828,34.60627746582031,36.205841064453125,4.478929042816162,63.530128479003906,,97.34186553955078,9.999999747378752e-06
2017-10-07,203.68438720703125,139.66506958007812,114.72024536132812,42.49522399902344,143.7877960205078,32.30951690673828,59.70453643798828,34.60627746582031,36.205841064453125,4.478929042816162,63.530128479003906,,97.34186553955078,9.999999747378752e-06
2017-10-08,203.68438720703125,139.66506958007812,114.72024536132812,42.49522399902344,143.7877960205078,32.30951690673828,59.70453643798828,34.60627746582031,36.205841064453125,4.478929042816162,63.530128479003906,,97.34186553955078,9.999999747378752e-06
2017-10-09,203.3269805908203,139.5042724609375,114.49291229248047,42.487483978271484,144.10397338867188,32.24216842651367,59.84788513183594,34.489288330078125,36.331729888916016,4.579970359802246,63.59242630004883,,97.6490707397461,9.999999747378752e-06
2017-10-10,203.84129333496094,139.60829162597656,114.76397705078125,42.85868835449219,144.19699096679688,32.09732437133789,60.027069091796875,34.82467269897461,36.34572219848633,4.667423248291016,63.623538970947266,,97.8065414428711,3.9999998989515007e-05
2017-10-11,204.17251586914062,140.02447509765625,114.92140197753906,43.05202102661133,144.78277587890625,32.11577224731445,60.22777557373047,34.92605209350586,36.49726486206055,4.717080593109131,63.65464401245117,,97.99555969238281,9.999999747378752e-05
2017-10-12,203.8587188720703,139.76913452148438,114.78147888183594,43.01335144042969,144.89437866210938,32.21725845336914,60.61480712890625,34.92605209350586,36.3690299987793,4.719303131103516,63.70907211303711,,98.41301727294922,9.999999747378752e-05
2017-10-13,204.08531188964844,140.30819702148438,114.86894989013672,43.29949188232422,145.55455017089844,32.092708587646484,60.772491455078125,35.23802947998047,36.599830627441406,4.807251453399658,63.84138870239258,,99.12187194824219,9.999999747378752e-05
2017-10-14,204.08531188964844,140.30819702148438,114.86894989013672,43.29949188232422,145.55455017089844,32.092708587646484,60.772491455078125,35.23802947998047,36.599830627441406,4.807251453399658,63.84138870239258,,99.12187194824219,9.999999747378752e-05
2017-10-15,204.08531188964844,140.30819702148438,114.86894989013672,43.29949188232422,145.55455017089844,32.092708587646484,60.772491455078125,35.23802947998047,36.599830627441406,4.807251453399658,63.84138870239258,,99.12187194824219,9.999999747378752e-05
2017-10-16,204.4078826904297,140.7906036376953,114.94763946533203,43.25309753417969,145.94509887695312,32.005062103271484,60.4714469909668,35.20684814453125,37.27360534667969,4.889764785766602,63.77912521362305,,99.05098724365234,9.999999747378752e-05
2017-10-17,204.53863525390625,140.97032165527344,115.00007629394531,43.13709259033203,145.87074279785156,32.04196548461914,60.54313659667969,35.035247802734375,37.411155700683594,4.885315895080566,63.78689956665039,,99.177001953125,9.999999747378752e-05
2017-10-18,204.7216033935547,140.8000946044922,115.14875030517578,43.245357513427734,146.37290954589844,32.005062103271484,60.47862243652344,35.066444396972656,37.24562072753906,4.881117820739746,63.68577194213867,,98.52328491210938,9.999999747378752e-05
2017-10-19,204.8262176513672,140.2798309326172,115.17500305175781,43.06748962402344,145.8893280029297,31.700605392456055,60.29943084716797,34.80906295776367,36.3643684387207,4.886552810668945,63.71687698364258,,98.696533203125,9.999999747378752e-05
2017-10-20,205.84603881835938,140.65823364257812,115.79582977294922,43.04429244995117,146.86575317382812,32.14344787597656,59.95539093017578,34.94945526123047,36.42731475830078,4.864320278167725,63.561222076416016,,97.6490707397461,9.999999747378752e-05
2017-10-21,205.84603881835938,140.65823364257812,115.79582977294922,43.04429244995117,146.86575317382812,32.14344787597656,59.95539093017578,34.94945526123047,36.42731475830078,4.864320278167725,63.561222076416016,,97.6490707397461,9.999999747378752e-05
2017-10-22,205.84603881835938,140.65823364257812,115.79582977294922,43.04429244995117,146.86575317382812,32.14344787597656,59.95539093017578,34.94945526123047,36.42731475830078,4.864320278167725,63.561222076416016,,97.6490707397461,9.999999747378752e-05
2017-10-23,205.09642028808594,139.74072265625,115.30615997314453,42.92828369140625,146.335693359375,31.84821319580078,59.726051330566406,34.63747024536133,36.40865707397461,4.857400417327881,63.615692138671875,,97.82231140136719,9.999999747378752e-05
2017-10-24,205.38409423828125,139.9771270751953,115.50728607177734,43.00562286376953,146.8099822998047,31.700605392456055,59.36764907836914,34.73107147216797,36.62548828125,4.9082932472229,63.506805419921875,,97.21585083007812,9.999999747378752e-05
2017-10-25,204.3991241455078,139.44749450683594,114.90389251708984,42.8509521484375,146.27056884765625,31.119359970092773,59.19565200805664,34.653072357177734,36.46461486816406,4.784276485443115,63.452327728271484,,96.75115203857422,9.999999747378752e-05
2017-10-26,204.59091186523438,139.00299072265625,115.05258178710938,42.78909683227539,146.88436889648438,31.562210083007812,58.70827102661133,34.47368240356445,36.6977424621582,4.834425926208496,63.374507904052734,,96.4282455444336,9.999999747378752e-05
2017-10-27,206.33416748046875,143.05113220214844,115.9882583618164,42.959228515625,150.63172912597656,32.15267562866211,58.97345733642578,34.89486312866211,38.01263427734375,4.986854076385498,63.51458740234375,,97.06620025634766,9.999999747378752e-05
2017-10-28,206.33416748046875,143.05113220214844,115.9882583618164,42.959228515625,150.63172912597656,32.15267562866211,58.97345733642578,34.89486312866211,38.01263427734375,4.986854076385498,63.51458740234375,,97.06620025634766,9.999999747378752e-05
2017-10-29,206.33416748046875,143.05113220214844,115.9882583618164,42.959228515625,150.63172912597656,32.15267562866211,58.97345733642578,34.89486312866211,38.01263427734375,4.986854076385498,63.51458740234375,,97.06620025634766,9.999999747378752e-05
2017-10-30,205.58457946777344,143.372802734375,115.48107147216797,42.98241424560547,151.1245574951172,32.327972412109375,58.92329025268555,34.61408615112305,38.86823654174805,5.035768508911133,63.66239547729492,,97.99555969238281,9.999999747378752e-05
2017-10-31,205.8198699951172,143.91195678710938,115.71717071533203,43.18348693847656,151.7847442626953,32.761592864990234,58.916114807128906,34.80906295776367,39.40911102294922,5.109140396118164,63.623538970947266,,98.02706909179688,9.999999747378752e-05
2017-11-01,206.17726135253906,143.86468505859375,115.8133544921875,43.32270812988281,151.72901916503906,32.2541618347168,59.20283508300781,34.89486312866211,38.90787124633789,5.118775367736816,63.66480255126953,,98.46356964111328,9.999999747378752e-05
2017-11-02,206.26441955566406,143.59036254882812,115.8395767211914,43.41550827026367,151.84056091308594,32.13422775268555,59.70453643798828,35.004051208496094,39.19230651855469,5.087647914886475,63.727210998535156,,98.89768981933594,1.9999999494757503e-05
2017-11-03,206.9530029296875,144.97128295898438,116.14563751220703,43.33042907714844,153.0494384765625,32.56784439086914,59.554019927978516,34.80125427246094,40.215763092041016,5.155584812164307,63.78178787231445,,99.16602325439453,1.9999999494757503e-05
2017-11-04,206.9530029296875,144.97128295898438,116.14563751220703,43.33042907714844,153.0494384765625,32.56784439086914,59.554019927978516,34.80125427246094,40.215763092041016,5.155584812164307,63.78178787231445,,99.16602325439453,1.9999999494757503e-05
2017-11-05,206.9530029296875,144.97128295898438,116.14563751220703,43.33042907714844,153.0494384765625,32.56784439086914,59.554019927978516,34.80125427246094,40.215763092041016,5.155584812164307,63.78178787231445,,99.16602325439453,1.9999999494757503e-05
2017-11-06,207.26683044433594,145.4631805419922,116.3642349243164,43.47737121582031,153.73751831054688,32.51249313354492,59.95539093017578,35.13664627075195,40.623741149902344,5.178807735443115,63.828617095947266,,99.53702545166016,1.9999999494757503e-05
2017-11-07,207.1796417236328,145.54827880859375,116.16312408447266,43.31496047973633,153.67250061035156,32.189579010009766,60.442779541015625,34.91826629638672,40.754295349121094,5.23809814453125,63.85193634033203,,99.95535278320312,1.9999999494757503e-05
2017-11-08,207.48471069335938,146.1346893310547,116.35549926757812,43.47737121582031,154.5651397705078,32.22648239135742,60.743804931640625,35.04304885864258,41.08768844604492,5.167197227478027,63.8051872253418,,99.73432159423828,1.9999999494757503e-05
2017-11-09,206.735107421875,145.36859130859375,115.88330078125,43.214420318603516,153.18894958496094,31.977378845214844,60.80831527709961,34.91046142578125,41.003746032714844,5.072331428527832,63.74282455444336,,99.45016479492188,1.9999999494757503e-05
2017-11-10,206.61306762695312,145.35906982421875,115.90078735351562,43.09843063354492,153.24468994140625,32.014286041259766,60.87283706665039,34.77787780761719,40.8680534362793,5.339633464813232,63.485469818115234,,97.95048522949219,0.0010000000474974513
2017-11-11,206.61306762695312,145.35906982421875,115.90078735351562,43.09843063354492,153.24468994140625,32.014286041259766,60.87283706665039,34.77787780761719,40.8680534362793,5.339633464813232,63.485469818115234,,97.95048522949219,0.0010000000474974513
2017-11-12,206.61306762695312,145.35906982421875,115.90078735351562,43.09843063354492,153.24468994140625,32.014286041259766,60.87283706665039,34.77787780761719,40.8680534362793,5.339633464813232,63.485469818115234,,97.95048522949219,0.0010000000474974513
2017-11-13,206.85714721679688,145.5387725830078,115.96199798583984,42.90509033203125,153.2168426513672,32.15267562866211,61.181026458740234,34.707672119140625,40.70426940917969,5.252920150756836,63.49330139160156,,98.15575408935547,0.0010000000474974513
2017-11-14,206.3516082763672,145.0090789794922,115.7520980834961,42.85868835449219,152.94717407226562,31.8389949798584,61.052005767822266,34.47368240356445,40.088924407958984,5.291213035583496,63.57124328613281,,98.8187026977539,0.0010000000474974513
2017-11-15,205.29685974121094,144.32810974121094,115.15750885009766,42.618953704833984,151.7847442626953,31.922027587890625,60.435604095458984,34.19290542602539,39.560142517089844,5.1874542236328125,63.719425201416016,,99.89214324951172,0.0010000000474974513
2017-11-16,207.0489501953125,146.1724853515625,116.20685577392578,43.106170654296875,153.87705993652344,32.56784439086914,60.93733596801758,34.80125427246094,40.032752990722656,5.22772216796875,63.633628845214844,,99.02394104003906,0.0010000000474974513
2017-11-17,206.49102783203125,145.6144561767578,115.9882583618164,43.06748962402344,153.09593200683594,32.73391342163086,60.672149658203125,34.99625015258789,39.81049346923828,5.221545696258545,63.69599151611328,,99.75799560546875,0.0010000000474974513
2017-11-18,206.49102783203125,145.6144561767578,115.9882583618164,43.06748962402344,153.09593200683594,32.73391342163086,60.672149658203125,34.99625015258789,39.81049346923828,5.221545696258545,63.69599151611328,,99.75799560546875,0.0010000000474974513
2017-11-19,206.49102783203125,145.6144561767578,115.9882583618164,43.06748962402344,153.09593200683594,32.73391342163086,60.672149658203125,34.99625015258789,39.81049346923828,5.221545696258545,63.69599151611328,,99.75799560546875,0.0010000000474974513
2017-11-20,206.76126098632812,145.50099182128906,116.28551483154297,43.13709259033203,153.63522338867188,33.0660514831543,60.49294662475586,35.14444351196289,39.77071762084961,5.28874397277832,63.65704345703125,,99.71849822998047,0.0010000000474974513
2017-11-21,208.13844299316406,147.0805206298828,117.09004974365234,43.48508834838867,155.52291870117188,33.61961364746094,60.94449996948242,35.581214904785156,40.51006317138672,5.337409496307373,63.71162796020508,,100.0342025756836,9.999999747378752e-05
2017-11-22,207.99029541015625,147.2602081298828,117.00261688232422,43.608829498291016,155.1138153076172,33.91484451293945,60.80831527709961,35.69821548461914,40.93590545654297,5.3134307861328125,63.84415817260742,,100.35785675048828,9.999999747378752e-05
2017-11-23,207.99029541015625,147.2602081298828,117.00261688232422,43.608829498291016,155.1138153076172,33.91484451293945,60.80831527709961,35.69821548461914,40.93590545654297,5.3134307861328125,63.84415817260742,,100.35785675048828,9.999999747378752e-05
2017-11-24,208.42608642578125,147.79942321777344,117.2737045288086,43.8408317565918,156.0065155029297,34.08091354370117,60.88718795776367,35.565608978271484,40.938236236572266,5.363614082336426,63.828617095947266,,100.08159637451172,9.999999747378752e-05
2017-11-25,208.42608642578125,147.79942321777344,117.2737045288086,43.8408317565918,156.0065155029297,34.08091354370117,60.88718795776367,35.565608978271484,40.938236236572266,5.363614082336426,63.828617095947266,,100.08159637451172,9.999999747378752e-05
2017-11-26,208.42608642578125,147.79942321777344,117.2737045288086,43.8408317565918,156.0065155029297,34.08091354370117,60.88718795776367,35.565608978271484,40.938236236572266,5.363614082336426,63.828617095947266,,100.08159637451172,9.999999747378752e-05
2017-11-27,208.36505126953125,147.73318481445312,117.15125274658203,43.51603317260742,155.83909606933594,34.37614440917969,60.6004638671875,35.19903564453125,40.73234939575195,5.293898582458496,63.8051872253418,,99.93951416015625,0.0010000000474974513
2017-11-28,210.430908203125,148.1115264892578,118.31427001953125,43.778968811035156,156.22964477539062,34.75440979003906,60.37111282348633,35.409629821777344,40.49368667602539,5.209105968475342,63.8051872253418,,100.07373809814453,0.0010000000474974513
2017-11-29,210.35240173339844,145.5293426513672,118.31427001953125,43.47737121582031,152.1753387451172,34.117820739746094,60.39261245727539,34.91826629638672,39.65373229980469,4.855831623077393,63.649261474609375,,99.08712005615234,0.0010000000474974513
2017-11-30,212.1131134033203,146.74948120117188,119.22372436523438,43.454158782958984,153.43997192382812,34.320796966552734,60.485774993896484,34.692073822021484,40.208255767822266,4.961887359619141,63.5556640625,,98.75558471679688,0.0010000000474974513
2017-12-01,211.72085571289062,146.12521362304688,118.98767852783203,43.38456726074219,152.59381103515625,34.50531005859375,60.629112243652344,34.356693267822266,40.02106857299805,4.886981010437012,63.7259635925293,,100.08831787109375,0.0010000000474974513
2017-12-02,211.72085571289062,146.12521362304688,118.98767852783203,43.38456726074219,152.59381103515625,34.50531005859375,60.629112243652344,34.356693267822266,40.02106857299805,4.886981010437012,63.7259635925293,,100.08831787109375,0.0010000000474974513
2017-12-03,211.72085571289062,146.12521362304688,118.98767852783203,43.38456726074219,152.59381103515625,34.50531005859375,60.629112243652344,34.356693267822266,40.02106857299805,4.886981010437012,63.7259635925293,,100.08831787109375,0.0010000000474974513
2017-12-04,211.49429321289062,144.441650390625,118.8302230834961,43.229896545410156,149.62753295898438,33.896392822265625,60.32807922363281,34.47368240356445,39.728607177734375,4.614547252655029,63.73384094238281,,100.13572692871094,0.0010000000474974513
2017-12-05,210.74468994140625,144.5361785888672,118.32302856445312,43.16802978515625,149.9715118408203,33.53657913208008,59.826393127441406,34.41909408569336,39.69117736816406,4.641247749328613,63.81191635131836,,100.63397979736328,0.0010000000474974513
2017-12-06,210.7359619140625,145.18887329101562,118.25309753417969,42.920562744140625,150.9293212890625,33.69342041015625,59.769046783447266,33.99011993408203,39.54375457763672,4.6788249015808105,63.88227081298828,,100.98196411132812,9.999999747378752e-06
2017-12-07,211.4332275390625,145.6806640625,118.72531127929688,43.0288200378418,152.01730346679688,34.191627502441406,59.919551849365234,34.03691101074219,39.61629867553711,4.74631404876709,63.79629898071289,,100.19108581542969,9.999999747378752e-06
2017-12-08,212.5838165283203,146.32386779785156,119.34615325927734,43.2917594909668,152.59381103515625,33.896392822265625,60.22777557373047,34.42689514160156,39.627986907958984,4.733954429626465,63.77287673950195,,100.1989974975586,9.999999747378752e-06
2017-12-09,212.5838165283203,146.32386779785156,119.34615325927734,43.2917594909668,152.59381103515625,33.896392822265625,60.22777557373047,34.42689514160156,39.627986907958984,4.733954429626465,63.77287673950195,,100.1989974975586,9.999999747378752e-06
2017-12-10,212.5838165283203,146.32386779785156,119.34615325927734,43.2917594909668,152.59381103515625,33.896392822265625,60.22777557373047,34.42689514160156,39.627986907958984,4.733954429626465,63.77287673950195,,100.1989974975586,9.999999747378752e-06
2017-12-11,213.2723846435547,147.45887756347656,119.62601470947266,43.38456726074219,153.8119659423828,34.12704086303711,60.2205696105957,34.653072357177734,40.400108337402344,4.812321662902832,63.7259635925293,,99.99336242675781,9.999999747378752e-06
2017-12-12,213.638427734375,147.2602081298828,119.75716400146484,43.369102478027344,153.42140197753906,34.63447952270508,60.51445388793945,34.40349578857422,40.173152923583984,4.7178850173950195,63.71820068359375,,99.95381164550781,9.999999747378752e-06
2017-12-13,213.58616638183594,147.5440216064453,119.77462768554688,43.608829498291016,153.57945251464844,34.6898307800293,60.61480712890625,34.77787780761719,40.306514739990234,4.602682113647461,63.89788055419922,,100.7052001953125,9.999999747378752e-05
2017-12-14,212.7406463623047,147.44000244140625,119.2149887084961,43.40776443481445,153.43682861328125,34.66215515136719,60.6004638671875,34.55948257446289,40.29481506347656,4.609851837158203,63.921329498291016,,101.13227081298828,9.999999747378752e-05
2017-12-15,214.52755737304688,149.11412048339844,120.28182220458984,43.38456726074219,155.19894409179688,35.47404098510742,60.9803581237793,34.653072357177734,40.70426940917969,4.735683917999268,63.929115295410156,,101.51190948486328,9.999999747378752e-05
2017-12-16,214.52755737304688,149.11412048339844,120.28182220458984,43.38456726074219,155.19894409179688,35.47404098510742,60.9803581237793,34.653072357177734,40.70426940917969,4.735683917999268,63.929115295410156,,101.51190948486328,9.999999747378752e-05
2017-12-17,214.52755737304688,149.11412048339844,120.28182220458984,43.38456726074219,155.19894409179688,35.47404098510742,60.9803581237793,34.653072357177734,40.70426940917969,4.735683917999268,63.929115295410156,,101.51190948486328,9.999999747378752e-05
2017-12-18,215.86119079589844,150.36428833007812,121.11255645751953,43.87950897216797,156.6627960205078,36.84872055053711,61.38170623779297,35.0118522644043,41.27750015258789,4.892419815063477,63.82758331298828,,100.58651733398438,9.999999747378752e-05
2017-12-19,215.0767059326172,149.47335815429688,120.62287139892578,43.74803161621094,155.8329620361328,36.064510345458984,60.07723617553711,34.91826629638672,40.83763885498047,4.848167896270752,63.632259368896484,,99.28153991699219,9.999999747378752e-06
2017-12-20,214.9111328125,149.31222534179688,120.61412811279297,43.74031066894531,155.66519165039062,35.36333084106445,59.38202667236328,34.965057373046875,40.79317855834961,4.865226745605469,63.50724411010742,,98.18222045898438,9.999999747378752e-06
2017-12-21,215.34686279296875,149.33116149902344,120.88919067382812,43.95813751220703,155.27359008789062,34.82822036743164,59.15199279785156,35.31142807006836,40.94760513305664,4.8427300453186035,63.54631423950195,,98.75444030761719,9.999999747378752e-06
2017-12-22,215.30332946777344,149.16055297851562,120.8452377319336,44.09087371826172,155.0870819091797,34.82822036743164,59.559600830078125,35.60137939453125,40.94760513305664,4.8274006843566895,63.57754135131836,,98.88917541503906,9.999999747378752e-06
2017-12-23,215.30332946777344,149.16055297851562,120.8452377319336,44.09087371826172,155.0870819091797,34.82822036743164,59.559600830078125,35.60137939453125,40.94760513305664,4.8274006843566895,63.57754135131836,,98.88917541503906,9.999999747378752e-06
2017-12-24,215.30332946777344,149.16055297851562,120.8452377319336,44.09087371826172,155.0870819091797,34.82822036743164,59.559600830078125,35.60137939453125,40.94760513305664,4.8274006843566895,63.57754135131836,,98.88917541503906,9.999999747378752e-06
2017-12-25,215.30332946777344,149.16055297851562,120.8452377319336,44.09087371826172,155.0870819091797,34.82822036743164,59.559600830078125,35.60137939453125,40.94760513305664,4.8274006843566895,63.57754135131836,,98.88917541503906,9.999999747378752e-06
2017-12-26,215.05284118652344,148.35491943359375,120.74858093261719,44.11429977416992,154.00558471679688,35.29875183105469,59.85802459716797,35.640560150146484,39.90876388549805,4.881048202514648,63.64099884033203,,99.18243408203125,9.999999747378752e-06
2017-12-27,215.17547607421875,148.37384033203125,120.79254150390625,44.1923828125,154.2480010986328,35.09128189086914,60.05454635620117,35.63270950317383,39.9157829284668,4.874372959136963,63.83684539794922,,100.47431945800781,9.999999747378752e-06
2017-12-28,215.5782928466797,148.55392456054688,121.05613708496094,44.27045822143555,154.38784790039062,34.988487243652344,60.37477111816406,35.80512237548828,40.02809143066406,4.880058765411377,63.79765319824219,,100.38716888427734,9.999999747378752e-06
2017-12-29,214.8338623046875,147.63453674316406,120.60794067382812,44.35633850097656,153.58599853515625,34.65205764770508,60.39662170410156,35.97752380371094,39.595237731933594,4.783645153045654,63.899539947509766,,100.545654296875,9.999999747378752e-05
2017-12-30,214.8338623046875,147.63453674316406,120.60794067382812,44.35633850097656,153.58599853515625,34.65205764770508,60.39662170410156,35.97752380371094,39.595237731933594,4.783645153045654,63.899539947509766,,100.545654296875,9.999999747378752e-05
2017-12-31,214.8338623046875,147.63453674316406,120.60794067382812,44.35633850097656,153.58599853515625,34.65205764770508,60.39662170410156,35.97752380371094,39.595237731933594,4.783645153045654,63.899539947509766,,100.545654296875,9.999999747378752e-05
2018-01-01,214.8338623046875,147.63453674316406,120.60794067382812,44.35633850097656,153.58599853515625,34.65205764770508,60.39662170410156,35.97752380371094,39.595237731933594,4.783645153045654,63.899539947509766,,100.545654296875,9.999999747378752e-05
2018-01-02,216.410400390625,150.22218322753906,121.4603500366211,44.80138397216797,155.68380737304688,36.0538444519043,60.17100143432617,36.59662628173828,40.304168701171875,4.92826509475708,63.71934127807617,,99.45982360839844,9.999999747378752e-05
2018-01-03,217.69786071777344,151.6818084716797,122.163330078125,45.11370086669922,157.30612182617188,36.203369140625,59.996299743652344,36.94926834106445,40.29716491699219,5.252614498138428,63.77417755126953,,99.93536376953125,9.999999747378752e-05
2018-01-04,218.6525115966797,151.9471435546875,122.62908172607422,45.48847198486328,158.21047973632812,36.32484817504883,58.962772369384766,37.1765251159668,40.48432922363281,5.280301094055176,63.742862701416016,,99.91950988769531,9.999999747378752e-05
2018-01-05,220.0538330078125,153.47323608398438,123.34967803955078,45.7929801940918,159.89794921875,36.913604736328125,58.99186325073242,37.50565719604492,40.94526672363281,5.32504940032959,63.656673431396484,,99.63420104980469,9.999999747378752e-05
2018-01-06,220.0538330078125,153.47323608398438,123.34967803955078,45.7929801940918,159.89794921875,36.913604736328125,58.99186325073242,37.50565719604492,40.94526672363281,5.32504940032959,63.656673431396484,,99.63420104980469,9.999999747378752e-05
2018-01-07,220.0538330078125,153.47323608398438,123.34967803955078,45.7929801940918,159.89794921875,36.913604736328125,58.99186325073242,37.50565719604492,40.94526672363281,5.32504940032959,63.656673431396484,,99.63420104980469,9.999999747378752e-05
2018-01-08,220.50929260253906,154.07032775878906,123.63086700439453,45.769554138183594,160.66256713867188,36.661277770996094,59.29756164550781,37.51350402832031,40.79317855834961,5.488212585449219,63.66447448730469,,99.57076263427734,9.999999747378752e-05
2018-01-09,220.97348022460938,154.07981872558594,123.85933685302734,45.808589935302734,160.25230407714844,36.736045837402344,58.53334426879883,37.50565719604492,40.78849792480469,5.486729621887207,63.47650146484375,,98.23924255371094,9.999999747378752e-05
2018-01-10,220.5968780517578,153.71963500976562,123.66597747802734,45.652442932128906,159.7301788330078,36.82949447631836,57.87826156616211,37.341102600097656,40.779136657714844,5.529745578765869,63.484336853027344,,98.12041473388672,9.999999747378752e-05
2018-01-11,222.2259521484375,154.7717742919922,124.71170043945312,45.94133377075195,160.7744903564453,36.92294692993164,57.68173599243164,37.584022521972656,41.01078414916992,5.5396342277526855,63.484336853027344,,98.52460479736328,9.999999747378752e-05
2018-01-12,223.6973419189453,155.90919494628906,125.44107055664062,46.38637924194336,161.69744873046875,37.1098518371582,57.215938568115234,37.98369598388672,41.43426513671875,5.512440204620361,63.47650146484375,,98.6910400390625,9.999999747378752e-05
2018-01-13,223.6973419189453,155.90919494628906,125.44107055664062,46.38637924194336,161.69744873046875,37.1098518371582,57.215938568115234,37.98369598388672,41.43426513671875,5.512440204620361,63.47650146484375,,98.6910400390625,9.999999747378752e-05
2018-01-14,223.6973419189453,155.90919494628906,125.44107055664062,46.38637924194336,161.69744873046875,37.1098518371582,57.215938568115234,37.98369598388672,41.43426513671875,5.512440204620361,63.47650146484375,,98.6910400390625,9.999999747378752e-05
2018-01-15,223.6973419189453,155.90919494628906,125.44107055664062,46.38637924194336,161.69744873046875,37.1098518371582,57.215938568115234,37.98369598388672,41.43426513671875,5.512440204620361,63.47650146484375,,98.6910400390625,9.999999747378752e-05
2018-01-16,222.88282775878906,155.46368408203125,124.88744354248047,46.33953094482422,160.97024536132812,36.27812957763672,57.325111389160156,37.79560089111328,41.223697662353516,5.4414873123168945,63.52347183227539,,99.10319519042969,9.999999747378752e-05
2018-01-17,225.037353515625,157.1413116455078,126.03858184814453,46.6596565246582,163.431640625,37.1285400390625,57.72540283203125,38.32849884033203,41.90456008911133,5.55545711517334,63.452945709228516,,98.96846771240234,9.999999747378752e-05
2018-01-18,224.73080444335938,157.16978454589844,125.81890869140625,46.60499954223633,163.7579345703125,37.25937271118164,56.98301696777344,38.39119338989258,41.94198989868164,5.5485334396362305,63.327667236328125,,98.04903411865234,9.999999747378752e-05
2018-01-19,225.68548583984375,157.66265869140625,126.4692153930664,46.8158073425293,164.1029052734375,37.324790954589844,57.28871536254883,38.751670837402344,41.75480270385742,5.688704967498779,63.19448471069336,,97.53387451171875,9.999999747378752e-05
2018-01-20,225.68548583984375,157.66265869140625,126.4692153930664,46.8158073425293,164.1029052734375,37.324790954589844,57.28871536254883,38.751670837402344,41.75480270385742,5.688704967498779,63.19448471069336,,97.53387451171875,9.999999747378752e-05
2018-01-21,225.68548583984375,157.66265869140625,126.4692153930664,46.8158073425293,164.1029052734375,37.324790954589844,57.28871536254883,38.751670837402344,41.75480270385742,5.688704967498779,63.19448471069336,,97.53387451171875,9.999999747378752e-05
2018-01-22,227.4984588623047,159.3498077392578,127.4709701538086,47.07347106933594,165.3709259033203,38.36211013793945,57.81279754638672,39.06513595581055,41.413204193115234,5.777209758758545,63.147464752197266,,97.62899780273438,9.999999747378752e-05
2018-01-23,228.01522827148438,160.6672821044922,127.78732299804688,47.2608642578125,166.3778533935547,38.84805679321289,58.6133918762207,39.2061882019043,41.42256164550781,5.906256198883057,63.31198501586914,,98.04903411865234,9.999999747378752e-05
2018-01-24,227.90133666992188,159.62464904785156,127.66429901123047,47.463863372802734,164.89544677734375,38.61442947387695,58.307701110839844,39.56667709350586,40.762752532958984,5.829372882843018,63.24150466918945,,97.5180435180664,9.999999747378752e-05
2018-01-25,228.00648498535156,159.56777954101562,127.71704864501953,47.292091369628906,164.46653747558594,38.586395263671875,58.205810546875,39.42561340332031,40.035099029541016,5.84296989440918,63.413787841796875,,98.31852722167969,9.999999747378752e-05
2018-01-26,230.6602020263672,162.01318359375,129.05270385742188,47.760562896728516,167.06776428222656,39.296634674072266,58.00200271606445,39.950645446777344,40.12868881225586,6.01552677154541,63.29627990722656,,97.9539566040039,9.999999747378752e-05
2018-01-27,230.6602020263672,162.01318359375,129.05270385742188,47.760562896728516,167.06776428222656,39.296634674072266,58.00200271606445,39.950645446777344,40.12868881225586,6.01552677154541,63.29627990722656,,97.9539566040039,9.999999747378752e-05
2018-01-28,230.6602020263672,162.01318359375,129.05270385742188,47.760562896728516,167.06776428222656,39.296634674072266,58.00200271606445,39.950645446777344,40.12868881225586,6.01552677154541,63.29627990722656,,97.9539566040039,9.999999747378752e-05
2018-01-29,229.06622314453125,161.22653198242188,128.20913696289062,47.26866912841797,165.6879425048828,39.55830001831055,57.22322082519531,39.32374572753906,39.29808807373047,6.102544784545898,63.21016311645508,,97.2723159790039,9.999999747378752e-05
2018-01-30,226.6226348876953,159.8995361328125,126.87345886230469,46.82361602783203,164.02828979492188,38.8760986328125,56.808326721191406,38.82220458984375,39.06645965576172,6.000444412231445,63.09260177612305,,96.7016830444336,9.999999747378752e-05
2018-01-31,226.83285522460938,160.56300354003906,126.91741943359375,46.89389419555664,165.1844482421875,38.5396728515625,57.827308654785156,39.05729675292969,39.174076080322266,6.076588153839111,63.10833740234375,,97.2723159790039,9.999999747378752e-05
2018-02-01,226.60516357421875,159.1981201171875,126.86465454101562,46.8548469543457,165.06320190429688,38.081756591796875,56.58270263671875,38.6889762878418,39.255977630615234,5.945563316345215,62.93321990966797,,95.86261749267578,9.999999747378752e-05
2018-02-02,221.7529754638672,156.0228729248047,124.16690826416016,45.83203887939453,160.42013549804688,37.1939582824707,56.10234832763672,37.81911849975586,37.55266189575195,5.773006439208984,62.74481964111328,,94.97306060791016,9.999999747378752e-05
2018-02-03,221.7529754638672,156.0228729248047,124.16690826416016,45.83203887939453,160.42013549804688,37.1939582824707,56.10234832763672,37.81911849975586,37.55266189575195,5.773006439208984,62.74481964111328,,94.97306060791016,9.999999747378752e-05
2018-02-04,221.7529754638672,156.0228729248047,124.16690826416016,45.83203887939453,160.42013549804688,37.1939582824707,56.10234832763672,37.81911849975586,37.55266189575195,5.773006439208984,62.74481964111328,,94.97306060791016,9.999999747378752e-05
2018-02-05,212.64427185058594,149.8714141845703,119.28106689453125,43.9893798828125,154.14537048339844,35.87628173828125,54.4355583190918,36.604454040527344,36.61442184448242,5.283022403717041,63.01960372924805,,95.87052917480469,9.999999747378752e-05
2018-02-06,216.5767822265625,153.8428497314453,121.23188781738281,45.05123519897461,158.04263305664062,36.71735382080078,54.44285202026367,37.51350402832031,38.14459991455078,5.57671594619751,62.8154411315918,,95.27490234375,9.999999747378752e-05
2018-02-07,215.39443969726562,151.85243225097656,120.69585418701172,44.239227294921875,156.2711944580078,37.23133850097656,54.20993423461914,36.447723388671875,37.328033447265625,5.656318187713623,62.67414855957031,,94.3694076538086,9.999999747378752e-05
2018-02-08,207.3892822265625,145.44505310058594,116.3548355102539,43.02119064331055,149.8379669189453,35.60527420043945,52.65233612060547,35.233070373535156,36.30088424682617,5.37746000289917,62.6270637512207,,94.26618194580078,9.999999747378752e-05
2018-02-09,210.58602905273438,147.95681762695312,117.95417022705078,43.427207946777344,153.45545959472656,35.85759353637695,53.96976089477539,35.76593780517578,36.74490737915039,5.7374067306518555,62.47002029418945,,93.67053985595703,9.999999747378752e-06
2018-02-10,210.58602905273438,147.95681762695312,117.95417022705078,43.427207946777344,153.45545959472656,35.85759353637695,53.96976089477539,35.76593780517578,36.74490737915039,5.7374067306518555,62.47002029418945,,93.67053985595703,9.999999747378752e-06
2018-02-11,210.58602905273438,147.95681762695312,117.95417022705078,43.427207946777344,153.45545959472656,35.85759353637695,53.96976089477539,35.76593780517578,36.74490737915039,5.7374067306518555,62.47002029418945,,93.67053985595703,9.999999747378752e-06
2018-02-12,213.47628784179688,150.58229064941406,119.52711486816406,44.036216735839844,156.19664001464844,36.27812957763672,53.9915657043457,36.25965118408203,38.224945068359375,5.637284278869629,62.48573303222656,,94.08352661132812,9.999999747378752e-06
2018-02-13,214.1945343017578,151.35955810546875,119.90496826171875,44.036216735839844,156.68138122558594,36.70053482055664,54.37005615234375,36.54176330566406,38.60788345336914,5.751003742218018,62.540672302246094,,94.50447082519531,9.999999747378752e-06
2018-02-14,216.99720764160156,154.19357299804688,121.58338165283203,44.824806213378906,159.8793182373047,37.64252853393555,53.97702407836914,37.294063568115234,39.31971740722656,5.9683074951171875,62.336585998535156,,93.45606994628906,9.999999747378752e-06
2018-02-15,219.80860900878906,157.05596923828125,123.0684814453125,45.22301483154297,162.96548461914062,38.39949417114258,54.50107192993164,37.99152374267578,40.63999557495117,6.093893051147461,62.39940643310547,,93.77376556396484,9.999999747378752e-06
2018-02-16,219.78236389160156,156.3546600341797,123.12118530273438,45.28547286987305,162.55523681640625,38.3714599609375,54.79948806762695,37.8504753112793,40.50843811035156,6.028134822845459,62.53278350830078,,94.28206634521484,9.999999747378752e-06
2018-02-17,219.78236389160156,156.3546600341797,123.12118530273438,45.28547286987305,162.55523681640625,38.3714599609375,54.79948806762695,37.8504753112793,40.50843811035156,6.028134822845459,62.53278350830078,,94.28206634521484,9.999999747378752e-06
2018-02-18,219.78236389160156,156.3546600341797,123.12118530273438,45.28547286987305,162.55523681640625,38.3714599609375,54.79948806762695,37.8504753112793,40.50843811035156,6.028134822845459,62.53278350830078,,94.28206634521484,9.999999747378752e-06
2018-02-19,219.78236389160156,156.3546600341797,123.12118530273438,45.28547286987305,162.55523681640625,38.3714599609375,54.79948806762695,37.8504753112793,40.50843811035156,6.028134822845459,62.53278350830078,,94.28206634521484,9.999999747378752e-06
2018-02-20,218.4510955810547,156.66738891601562,122.38308715820312,44.793582916259766,162.9561309814453,38.33407974243164,54.15169906616211,37.51350402832031,40.37218475341797,6.157675743103027,62.47002029418945,,93.86910247802734,9.999999747378752e-06
2018-02-21,217.30377197265625,156.22198486328125,121.81185913085938,44.684261322021484,162.14498901367188,38.380794525146484,53.08177185058594,37.466468811035156,40.188941955566406,5.970532417297363,62.23452377319336,,92.71748352050781,9.999999747378752e-06
2018-02-22,217.5664825439453,156.20298767089844,121.89095306396484,44.88728332519531,162.20095825195312,38.3060417175293,53.68587875366211,37.51350402832031,40.52488708496094,5.990075588226318,62.31296920776367,,92.99546813964844,9.999999747378752e-06
2018-02-23,221.13987731933594,159.39715576171875,123.78023529052734,45.379173278808594,165.50140380859375,38.791988372802734,54.54475021362305,38.12473678588867,41.22966003417969,6.083580493927002,62.477867126464844,,93.82144165039062,9.999999747378752e-06
2018-02-24,221.13987731933594,159.39715576171875,123.78023529052734,45.379173278808594,165.50140380859375,38.791988372802734,54.54475021362305,38.12473678588867,41.22966003417969,6.083580493927002,62.477867126464844,,93.82144165039062,9.999999747378752e-06
2018-02-25,221.13987731933594,159.39715576171875,123.78023529052734,45.379173278808594,165.50140380859375,38.791988372802734,54.54475021362305,38.12473678588867,41.22966003417969,6.083580493927002,62.477867126464844,,93.82144165039062,9.999999747378752e-06
2018-02-26,223.6885986328125,161.51084899902344,125.08075714111328,45.72270965576172,167.97219848632812,39.586334228515625,54.69759750366211,38.48523712158203,42.04486846923828,6.099659442901611,62.50926208496094,,93.85321807861328,9.999999747378752e-06
2018-02-27,220.8332977294922,159.5108642578125,123.50784301757812,44.941925048828125,166.4337158203125,38.960208892822266,53.423851013183594,37.45079803466797,41.908599853515625,6.086796760559082,62.37582015991211,,93.71820831298828,9.999999747378752e-06
2018-02-28,218.3809814453125,158.4872589111328,122.14578247070312,44.434417724609375,165.3429412841797,38.23127746582031,53.3874626159668,36.96494674682617,41.84518051147461,5.986362457275391,62.45433044433594,,94.3138427734375,3.9999998989515007e-05
2018-03-01,215.49954223632812,155.89967346191406,120.69585418701172,43.97376251220703,162.74171447753906,38.10044479370117,53.43842697143555,36.957096099853516,41.11219787597656,5.744189739227295,62.560508728027344,,94.95768737792969,3.9999998989515007e-05
2018-03-02,216.64686584472656,157.3308868408203,121.4779052734375,44.098690032958984,164.55979919433594,38.97889709472656,53.41658020019531,37.051143646240234,41.39645767211914,5.851299285888672,62.4424934387207,,94.18571472167969,3.9999998989515007e-05
2018-03-03,216.64686584472656,157.3308868408203,121.4779052734375,44.098690032958984,164.55979919433594,38.97889709472656,53.41658020019531,37.051143646240234,41.39645767211914,5.851299285888672,62.4424934387207,,94.18571472167969,3.9999998989515007e-05
2018-03-04,216.64686584472656,157.3308868408203,121.4779052734375,44.098690032958984,164.55979919433594,38.97889709472656,53.41658020019531,37.051143646240234,41.39645767211914,5.851299285888672,62.4424934387207,,94.18571472167969,3.9999998989515007e-05
2018-03-05,219.13421630859375,159.07489013671875,122.84876251220703,44.278263092041016,166.24732971191406,39.77323913574219,54.02068328857422,37.160858154296875,41.539772033691406,5.82928466796875,62.403228759765625,,93.93106079101562,3.9999998989515007e-05
2018-03-06,219.68600463867188,159.74790954589844,123.29692840576172,44.61398696899414,166.80674743652344,40.14704513549805,54.275428771972656,37.27056884765625,41.50454330444336,5.990322589874268,62.42681121826172,,94.0185775756836,3.9999998989515007e-05
2018-03-07,219.58966064453125,160.11752319335938,123.40242004394531,44.56715393066406,167.8603057861328,40.754486083984375,54.61024475097656,37.26272201538086,41.1192512512207,5.982406139373779,62.41104507446289,,93.9151611328125,3.9999998989515007e-05
2018-03-08,220.61439514160156,160.9990234375,123.86813354492188,44.66084671020508,168.51296997070312,41.11894989013672,54.71213912963867,37.28624725341797,41.56795120239258,5.9660797119140625,62.48186492919922,,94.45626831054688,3.9999998989515007e-05
2018-03-09,224.43304443359375,164.1269073486328,125.92437744140625,45.08247375488281,171.8414306640625,41.9506721496582,55.01055145263672,37.95234680175781,42.28213882446289,6.0687384605407715,62.403228759765625,,93.83555603027344,9.999999747378752e-06
2018-03-10,224.43304443359375,164.1269073486328,125.92437744140625,45.08247375488281,171.8414306640625,41.9506721496582,55.01055145263672,37.95234680175781,42.28213882446289,6.0687384605407715,62.403228759765625,,93.83555603027344,9.999999747378752e-06
2018-03-11,224.43304443359375,164.1269073486328,125.92437744140625,45.08247375488281,171.8414306640625,41.9506721496582,55.01055145263672,37.95234680175781,42.28213882446289,6.0687384605407715,62.403228759765625,,93.83555603027344,9.999999747378752e-06
2018-03-12,224.21408081054688,164.99888610839844,125.85409545898438,45.160552978515625,172.4474334716797,42.0347785949707,55.25076675415039,38.08554458618164,42.69091033935547,6.178322792053223,62.46614456176758,,94.37673950195312,9.999999747378752e-06
2018-03-13,222.73385620117188,162.75250244140625,125.072021484375,44.84042739868164,170.35897827148438,41.53013610839844,55.301692962646484,37.71725082397461,42.279781341552734,6.127612590789795,62.48186492919922,,94.85420227050781,9.999999747378752e-06
2018-03-14,221.56033325195312,162.7240753173828,124.4393081665039,44.95753860473633,170.3962860107422,41.240440368652344,55.352657318115234,37.76426315307617,41.920345306396484,6.1530914306640625,62.615596771240234,,95.6898422241211,9.999999747378752e-06
2018-03-15,221.35008239746094,162.58187866210938,124.27237701416016,44.89508056640625,170.43357849121094,40.77317428588867,55.33809280395508,37.61537170410156,41.969688415527344,6.167934417724609,62.62347412109375,,95.6898422241211,9.999999747378752e-06
2018-03-16,221.57781982421875,162.09852600097656,124.48326873779297,44.80919647216797,170.23548889160156,40.576927185058594,55.72386932373047,37.497825622558594,41.82166290283203,6.196134090423584,62.56844711303711,,95.3476333618164,9.999999747378752e-06
2018-03-17,221.57781982421875,162.09852600097656,124.48326873779297,44.80919647216797,170.23548889160156,40.576927185058594,55.72386932373047,37.497825622558594,41.82166290283203,6.196134090423584,62.56844711303711,,95.3476333618164,9.999999747378752e-06
2018-03-18,221.57781982421875,162.09852600097656,124.48326873779297,44.80919647216797,170.23548889160156,40.576927185058594,55.72386932373047,37.497825622558594,41.82166290283203,6.196134090423584,62.56844711303711,,95.3476333618164,9.999999747378752e-06
2018-03-19,218.6174774169922,158.63990783691406,122.88394165039062,44.41880798339844,166.89076232910156,39.81061935424805,55.24348068237305,37.14517593383789,41.182674407958984,5.961626052856445,62.52116775512695,,95.04523468017578,9.999999747378752e-06
2018-03-20,219.0028533935547,159.16209411621094,123.0684814453125,44.55934524536133,167.05889892578125,39.88538360595703,55.054237365722656,37.466468811035156,41.168582916259766,6.1738715171813965,62.4424934387207,,94.66325378417969,9.999999747378752e-06
2018-03-21,218.49485778808594,158.4690704345703,122.96302795410156,44.684261322021484,166.33021545410156,39.876033782958984,54.646636962890625,37.670230865478516,40.235931396484375,6.148639678955078,62.4424934387207,,94.7667007446289,9.999999747378752e-06
2018-03-22,213.064697265625,154.5576934814453,119.95079803466797,43.71609115600586,161.8643798828125,38.745269775390625,54.32639694213867,36.479068756103516,39.667388916015625,5.982655048370361,62.544803619384766,,95.70577239990234,9.999999747378752e-06
2018-03-23,208.52786254882812,150.48484802246094,117.4361801147461,43.21640396118164,157.5479736328125,37.98830795288086,53.35834503173828,35.94619369506836,38.74884033203125,5.762989521026611,62.560508728027344,,95.63412475585938,9.999999747378752e-06
2018-03-24,208.52786254882812,150.48484802246094,117.4361801147461,43.21640396118164,157.5479736328125,37.98830795288086,53.35834503173828,35.94619369506836,38.74884033203125,5.762989521026611,62.560508728027344,,95.63412475585938,9.999999747378752e-06
2018-03-25,208.52786254882812,150.48484802246094,117.4361801147461,43.21640396118164,157.5479736328125,37.98830795288086,53.35834503173828,35.94619369506836,38.74884033203125,5.762989521026611,62.560508728027344,,95.63412475585938,9.999999747378752e-06
2018-03-26,214.2679443359375,156.07662963867188,120.53311920166016,44.102508544921875,163.52734375,38.791988372802734,53.965396881103516,37.028953552246094,40.588314056396484,6.04771089553833,62.52116775512695,,95.26805114746094,9.999999747378752e-06
2018-03-27,210.55503845214844,151.02597045898438,118.39788818359375,43.625022888183594,157.97772216796875,36.81080627441406,54.171173095703125,36.47932815551758,39.547576904296875,5.578697204589844,62.733612060546875,,96.28669738769531,9.999999747378752e-06
2018-03-28,209.9654541015625,149.2886199951172,118.12438201904297,43.77374267578125,156.41744995117188,35.87628173828125,55.53078842163086,36.22806930541992,39.110618591308594,5.4755449295043945,62.72578048706055,,96.54135131835938,9.999999747378752e-06
2018-03-29,212.99221801757812,152.0228271484375,119.74784851074219,44.26690673828125,159.76222229003906,36.51176452636719,55.464637756347656,36.88761901855469,39.4160270690918,5.728852272033691,62.88309860229492,,97.01087188720703,9.999999747378752e-06
2018-03-30,212.99221801757812,152.0228271484375,119.74784851074219,44.26690673828125,159.76222229003906,36.51176452636719,55.464637756347656,36.88761901855469,39.4160270690918,5.728852272033691,62.88309860229492,,97.01087188720703,9.999999747378752e-06
2018-03-31,212.99221801757812,152.0228271484375,119.74784851074219,44.26690673828125,159.76222229003906,36.51176452636719,55.464637756347656,36.88761901855469,39.4160270690918,5.728852272033691,62.88309860229492,,97.01087188720703,9.999999747378752e-06
2018-04-01,212.99221801757812,152.0228271484375,119.74784851074219,44.26690673828125,159.76222229003906,36.51176452636719,55.464637756347656,36.88761901855469,39.4160270690918,5.728852272033691,62.88309860229492,,97.01087188720703,9.999999747378752e-06
2018-04-02,208.06512451171875,147.6367645263672,117.02151489257812,43.578041076660156,155.91297912597656,35.33426284790039,54.71502685546875,36.34584426879883,39.1576042175293,5.4681220054626465,62.875205993652344,,97.2022705078125,9.999999747378752e-06
2018-04-03,210.70455932617188,149.29811096191406,118.4773178100586,43.9850959777832,157.32369995117188,35.838905334472656,55.178035736083984,36.699180603027344,39.55934524536133,5.574492454528809,62.80419921875,,96.45264434814453,9.999999747378752e-06
2018-04-04,213.13290405273438,151.652587890625,119.80963134765625,44.0555534362793,159.40716552734375,36.698665618896484,55.758609771728516,36.81694412231445,40.31578826904297,5.596507549285889,62.80419921875,,96.25321960449219,9.999999747378752e-06
2018-04-05,214.67263793945312,152.5164794921875,120.64781188964844,44.34517288208008,160.0798797607422,36.9416389465332,55.73655700683594,36.895477294921875,40.59536361694336,5.476285934448242,62.71744155883789,,95.53544616699219,9.999999747378752e-06
2018-04-06,209.94793701171875,148.70004272460938,118.11556243896484,43.88334274291992,156.2119598388672,35.92300796508789,55.31767272949219,36.243770599365234,39.55698013305664,5.2999114990234375,62.875205993652344,,96.58026123046875,9.999999747378752e-06
2018-04-07,209.94793701171875,148.70004272460938,118.11556243896484,43.88334274291992,156.2119598388672,35.92300796508789,55.31767272949219,36.243770599365234,39.55698013305664,5.2999114990234375,62.875205993652344,,96.58026123046875,9.999999747378752e-06
2018-04-08,209.94793701171875,148.70004272460938,118.11556243896484,43.88334274291992,156.2119598388672,35.92300796508789,55.31767272949219,36.243770599365234,39.55698013305664,5.2999114990234375,62.875205993652344,,96.58026123046875,9.999999747378752e-06
2018-04-09,210.8013458251953,149.74427795410156,118.51262664794922,44.21210861206055,157.27700805664062,36.14729690551758,55.14126205444336,36.21236801147461,39.94932174682617,5.328605651855469,62.93828201293945,,96.7397232055664,9.999999747378752e-06
2018-04-10,214.27671813964844,153.04812622070312,120.43607330322266,44.73657989501953,161.1449432373047,37.30609893798828,55.082481384277344,36.88761901855469,40.70108413696289,5.637818336486816,62.8278694152832,,96.56426239013672,9.999999747378752e-06
2018-04-11,213.1417236328125,152.16519165039062,119.88019561767578,44.6035041809082,160.48159790039062,37.46497344970703,55.20006561279297,36.934730529785156,40.510780334472656,5.596507549285889,62.875205993652344,,96.90721893310547,9.999999747378752e-06
2018-04-12,214.9278564453125,153.99752807617188,120.85076904296875,44.7287483215332,162.48097229003906,37.866817474365234,54.58272933959961,36.92687225341797,40.910160064697266,5.803308486938477,62.75690841674805,,96.19744110107422,9.999999747378752e-06
2018-04-13,214.3295135498047,153.20004272460938,120.50665283203125,44.658302307128906,161.83631896972656,37.60515213012695,54.86935043334961,36.542137145996094,41.04876708984375,5.726624488830566,62.80419921875,,96.42072296142578,9.999999747378752e-06
2018-04-14,214.3295135498047,153.20004272460938,120.50665283203125,44.658302307128906,161.83631896972656,37.60515213012695,54.86935043334961,36.542137145996094,41.04876708984375,5.726624488830566,62.80419921875,,96.42072296142578,9.999999747378752e-06
2018-04-15,214.3295135498047,153.20004272460938,120.50665283203125,44.658302307128906,161.83631896972656,37.60515213012695,54.86935043334961,36.542137145996094,41.04876708984375,5.726624488830566,62.80419921875,,96.42072296142578,9.999999747378752e-06
2018-04-16,216.07162475585938,154.36776733398438,121.51248931884766,44.744415283203125,162.95745849609375,37.586456298828125,55.207420349121094,36.57354736328125,41.304847717285156,5.726377487182617,62.81209945678711,,96.45264434814453,9.999999747378752e-06
2018-04-17,218.3944091796875,157.69052124023438,122.79185485839844,44.940101623535156,166.33953857421875,38.670509338378906,55.85414505004883,36.60496520996094,41.87336349487305,5.876034259796143,62.835784912109375,,96.71583557128906,9.999999747378752e-06
2018-04-18,218.51756286621094,158.01333618164062,122.95951080322266,45.198429107666016,166.0592498779297,38.93217086791992,55.73655700683594,36.864070892333984,41.77939224243164,5.8470940589904785,62.63072967529297,,95.94219207763672,9.999999747378752e-06
2018-04-19,217.3209991455078,156.560791015625,122.28893280029297,45.00273132324219,164.1065673828125,38.53032684326172,54.92814254760742,36.65990447998047,40.59536361694336,5.665770530700684,62.48082733154297,,95.16064453125,9.999999747378752e-06
2018-04-20,215.5613555908203,154.0829620361328,121.31838989257812,44.72092819213867,161.80828857421875,38.19389724731445,54.42104721069336,36.22806930541992,38.93208694458008,5.657608985900879,62.32309341430664,,94.47476959228516,9.999999747378752e-06
2018-04-21,215.5613555908203,154.0829620361328,121.31838989257812,44.72092819213867,161.80828857421875,38.19389724731445,54.42104721069336,36.22806930541992,38.93208694458008,5.657608985900879,62.32309341430664,,94.47476959228516,9.999999747378752e-06
2018-04-22,215.5613555908203,154.0829620361328,121.31838989257812,44.72092819213867,161.80828857421875,38.19389724731445,54.42104721069336,36.22806930541992,38.93208694458008,5.657608985900879,62.32309341430664,,94.47476959228516,9.999999747378752e-06
2018-04-23,215.46449279785156,153.69374084472656,121.27426147460938,44.587852478027344,161.1356201171875,37.56776809692383,54.376956939697266,35.98467254638672,38.819313049316406,5.538128852844238,62.29156494140625,,94.49867248535156,9.999999747378752e-06
2018-04-24,212.52586364746094,150.4373779296875,119.81847381591797,44.39998245239258,158.08981323242188,37.03509521484375,54.58272933959961,35.81977081298828,38.27898406982422,5.4718337059021,62.18113708496094,,94.06804656982422,9.999999747378752e-06
2018-04-25,213.0713653564453,150.6177520751953,119.95079803466797,44.25907516479492,157.83755493164062,36.31550979614258,54.4798583984375,35.552818298339844,38.44577407836914,5.359527587890625,62.094390869140625,,93.43798828125,9.999999747378752e-06
2018-04-26,215.2621612548828,153.78866577148438,121.0889663696289,44.58000946044922,161.04212951660156,36.950984954833984,55.19272232055664,35.921844482421875,38.57968521118164,5.57127571105957,62.220577239990234,,94.09198760986328,9.999999747378752e-06
2018-04-27,215.4909210205078,153.8835906982422,121.16839599609375,44.68960952758789,160.360107421875,36.80146026611328,56.14076614379883,36.11029052734375,38.13332748413086,5.598733901977539,62.31523132324219,,94.81771850585938,9.999999747378752e-06
2018-04-28,215.4909210205078,153.8835906982422,121.16839599609375,44.68960952758789,160.360107421875,36.80146026611328,56.14076614379883,36.11029052734375,38.13332748413086,5.598733901977539,62.31523132324219,,94.81771850585938,9.999999747378752e-06
2018-04-29,215.4909210205078,153.8835906982422,121.16839599609375,44.68960952758789,160.360107421875,36.80146026611328,56.14076614379883,36.11029052734375,38.13332748413086,5.598733901977539,62.31523132324219,,94.81771850585938,9.999999747378752e-06
2018-04-30,213.73123168945312,152.7917938232422,120.28608703613281,44.47042465209961,159.724853515625,36.530452728271484,55.920284271240234,35.86688995361328,38.823997497558594,5.56335973739624,62.346763610839844,,94.9852066040039,9.999999747378752e-06
2018-05-01,214.188720703125,154.53863525390625,120.47135162353516,44.36866760253906,161.64947509765625,36.97902297973633,56.427391052246094,35.66273498535156,39.726131439208984,5.618771076202393,62.25034713745117,,94.64309692382812,9.999999747378752e-06
2018-05-02,212.72824096679688,153.62725830078125,119.77432250976562,44.25123977661133,161.69618225097656,36.9603271484375,56.22161102294922,35.427188873291016,41.48104476928711,5.598239421844482,62.25823974609375,,94.53921508789062,9.999999747378752e-06
2018-05-03,212.22666931152344,153.6082763671875,119.44790649414062,44.34517288208008,162.20066833496094,36.71735382080078,56.18484878540039,35.3172607421875,41.55620193481445,5.76348352432251,62.313568115234375,,94.96280670166016,9.999999747378752e-06
2018-05-04,215.042236328125,156.52285766601562,120.991943359375,44.47825622558594,165.25584411621094,37.296756744384766,56.80221939086914,35.490013122558594,43.186607360839844,5.913638114929199,62.353092193603516,,95.10668182373047,9.999999747378752e-06
2018-05-05,215.042236328125,156.52285766601562,120.991943359375,44.47825622558594,165.25584411621094,37.296756744384766,56.80221939086914,35.490013122558594,43.186607360839844,5.913638114929199,62.353092193603516,,95.10668182373047,9.999999747378752e-06
2018-05-06,215.042236328125,156.52285766601562,120.991943359375,44.47825622558594,165.25584411621094,37.296756744384766,56.80221939086914,35.490013122558594,43.186607360839844,5.913638114929199,62.353092193603516,,95.10668182373047,9.999999747378752e-06
2018-05-07,215.7108917236328,157.82345581054688,121.52132415771484,44.407806396484375,166.6852264404297,38.26866149902344,57.18434143066406,35.395774841308594,43.499061584472656,6.151608467102051,62.32147216796875,,94.95482635498047,9.999999747378752e-06
2018-05-08,215.7020721435547,157.66212463378906,121.56547546386719,44.52522659301758,167.32057189941406,38.586395263671875,56.89773941040039,35.57637023925781,43.7081298828125,6.194153308868408,62.2740592956543,,94.86690521240234,9.999999747378752e-06
2018-05-09,217.79608154296875,159.3804168701172,122.71245574951172,44.572200775146484,169.51611328125,39.56764602661133,57.27989959716797,35.62347412109375,44.015907287597656,6.327239036560059,62.20288848876953,,94.2994155883789,9.999999747378752e-06
2018-05-10,219.83738708496094,161.0323486328125,123.78005981445312,45.03403854370117,171.53416442871094,39.876033782958984,57.72821807861328,36.33013916015625,44.6455078125,6.434845447540283,62.329368591308594,,95.05872344970703,9.999999747378752e-06
2018-05-11,220.37405395507812,160.88050842285156,124.02706146240234,45.08884048461914,171.0389862060547,40.06948471069336,57.529781341552734,36.20451736450195,44.475711822509766,6.296319484710693,62.392642974853516,,95.29850006103516,9.999999747378752e-06
2018-05-12,220.37405395507812,160.88050842285156,124.02706146240234,45.08884048461914,171.0389862060547,40.06948471069336,57.529781341552734,36.20451736450195,44.475711822509766,6.296319484710693,62.392642974853516,,95.29850006103516,9.999999747378752e-06
2018-05-13,220.37405395507812,160.88050842285156,124.02706146240234,45.08884048461914,171.0389862060547,40.06948471069336,57.529781341552734,36.20451736450195,44.475711822509766,6.296319484710693,62.392642974853516,,95.29850006103516,9.999999747378752e-06
2018-05-14,220.62039184570312,161.15576171875,124.08885955810547,45.135799407958984,170.82411193847656,40.13770294189453,57.03738021850586,36.31443786621094,44.3719367980957,6.3168511390686035,62.313568115234375,,94.79495239257812,9.999999747378752e-06
2018-05-15,219.10708618164062,159.37095642089844,123.33885955810547,44.71309280395508,169.3385772705078,39.932106018066406,56.11137008666992,35.62347412109375,43.968658447265625,6.074429512023926,62.02107238769531,,93.71595001220703,9.999999747378752e-06
2018-05-16,220.0397186279297,160.42474365234375,123.93882751464844,44.932273864746094,170.2261199951172,40.249839782714844,55.94233322143555,36.1259880065918,44.378997802734375,6.085559368133545,61.97367858886719,,93.35623168945312,9.999999747378752e-06
2018-05-17,219.85494995117188,159.80764770507812,123.9741439819336,44.83052062988281,169.38528442382812,40.3059196472168,55.663055419921875,35.62347412109375,44.09836959838867,6.127612590789795,61.91836929321289,,92.8846664428711,9.999999747378752e-06
2018-05-18,219.30943298339844,158.98175048828125,123.70064544677734,44.63481140136719,168.73129272460938,39.82931137084961,55.73655700683594,35.29371643066406,43.93800735473633,6.083827495574951,62.084327697753906,,93.6839370727539,9.999999747378752e-06
2018-05-19,219.30943298339844,158.98175048828125,123.70064544677734,44.63481140136719,168.73129272460938,39.82931137084961,55.73655700683594,35.29371643066406,43.93800735473633,6.083827495574951,62.084327697753906,,93.6839370727539,9.999999747378752e-06
2018-05-20,219.30943298339844,158.98175048828125,123.70064544677734,44.63481140136719,168.73129272460938,39.82931137084961,55.73655700683594,35.29371643066406,43.93800735473633,6.083827495574951,62.084327697753906,,93.6839370727539,9.999999747378752e-06
2018-05-21,220.91949462890625,159.8740997314453,124.62704467773438,44.932273864746094,170.04867553710938,39.94145202636719,56.39799118041992,35.521419525146484,44.249298095703125,6.041774749755859,62.084327697753906,,93.73190307617188,9.999999747378752e-06
2018-05-22,220.28604125976562,159.665283203125,124.16822052001953,44.916629791259766,169.6468963623047,40.06293869018555,56.47882080078125,35.66273498535156,44.138465881347656,6.003679275512695,62.100154876708984,,93.58805847167969,9.999999747378752e-06
2018-05-23,220.97232055664062,161.0133514404297,124.49473571777344,44.533050537109375,170.95489501953125,40.50217056274414,57.04473114013672,35.505699157714844,44.42146301269531,6.127193450927734,62.289852142333984,,94.26742553710938,9.999999747378752e-06
2018-05-24,220.5500030517578,160.96588134765625,124.29181671142578,44.376487731933594,170.8334503173828,40.41805648803711,56.92713928222656,35.38007354736328,44.3719367980957,6.130906105041504,62.41632080078125,,95.01875305175781,9.999999747378752e-06
2018-05-25,219.99569702148438,161.1272430419922,124.05355834960938,44.21210861206055,170.87078857421875,40.36198806762695,57.12556457519531,35.46643829345703,44.473331451416016,6.170262336730957,62.550724029541016,,95.61023712158203,9.999999747378752e-06
2018-05-26,219.99569702148438,161.1272430419922,124.05355834960938,44.21210861206055,170.87078857421875,40.36198806762695,57.12556457519531,35.46643829345703,44.473331451416016,6.170262336730957,62.550724029541016,,95.61023712158203,9.999999747378752e-06
2018-05-27,219.99569702148438,161.1272430419922,124.05355834960938,44.21210861206055,170.87078857421875,40.36198806762695,57.12556457519531,35.46643829345703,44.473331451416016,6.170262336730957,62.550724029541016,,95.61023712158203,9.999999747378752e-06
2018-05-28,219.99569702148438,161.1272430419922,124.05355834960938,44.21210861206055,170.87078857421875,40.36198806762695,57.12556457519531,35.46643829345703,44.473331451416016,6.170262336730957,62.550724029541016,,95.61023712158203,9.999999747378752e-06
2018-05-29,217.45297241210938,160.41525268554688,122.82713317871094,43.34321975708008,169.9084930419922,40.249839782714844,57.39746856689453,34.6812629699707,44.3129768371582,6.153183460235596,62.985504150390625,,97.70436096191406,9.999999747378752e-06
2018-05-30,220.32127380371094,161.5640411376953,124.41531372070312,43.90681838989258,171.16041564941406,40.81055450439453,58.17649841308594,34.98748779296875,44.21864318847656,6.262094974517822,62.795753479003906,,97.0489273071289,9.999999747378752e-06
2018-05-31,218.89588928222656,161.4595489501953,123.55948638916016,43.74243927001953,170.98291015625,40.632999420166016,57.97808837890625,35.02675247192383,44.0700569152832,6.242292404174805,62.772064208984375,,96.88909149169922,9.999999747378752e-06
2018-06-01,221.2010955810547,163.994384765625,124.84765625,44.14166259765625,174.07540893554688,40.90401077270508,58.23530578613281,35.41933822631836,44.86482238769531,6.376696586608887,62.81100845336914,,96.37710571289062,9.999999747378752e-06
2018-06-02,221.2010955810547,163.994384765625,124.84765625,44.14166259765625,174.07540893554688,40.90401077270508,58.23530578613281,35.41933822631836,44.86482238769531,6.376696586608887,62.81100845336914,,96.37710571289062,9.999999747378752e-06
2018-06-03,221.2010955810547,163.994384765625,124.84765625,44.14166259765625,174.07540893554688,40.90401077270508,58.23530578613281,35.41933822631836,44.86482238769531,6.376696586608887,62.81100845336914,,96.37710571289062,9.999999747378752e-06
2018-06-04,222.177734375,165.47543334960938,125.42999267578125,44.3060417175293,175.53286743164062,41.59555435180664,58.742401123046875,35.78837585449219,45.23978805541992,6.555657863616943,62.675960540771484,,95.6801528930664,9.999999747378752e-06
2018-06-05,222.48565673828125,165.98809814453125,125.61520385742188,44.21210861206055,176.49514770507812,42.13758087158203,58.588069915771484,35.47429656982422,45.58882522583008,6.56110143661499,62.73153305053711,,95.90445709228516,9.999999747378752e-06
2018-06-06,224.26296997070312,166.95645141601562,126.72698974609375,44.6661262512207,177.51356506347656,42.86650466918945,58.727691650390625,35.98467254638672,45.74684143066406,6.56308126449585,62.55681610107422,,95.12735748291016,9.999999747378752e-06
2018-06-07,224.15737915039062,165.59884643554688,126.54167938232422,44.313880920410156,175.50486755371094,42.455318450927734,58.727691650390625,35.43504333496094,45.62421417236328,6.507390975952148,62.71564865112305,,96.04864501953125,9.999999747378752e-06
2018-06-08,224.86123657226562,165.6083526611328,126.97402954101562,44.376487731933594,175.53286743164062,42.707637786865234,58.940826416015625,35.41147994995117,45.20913314819336,6.492042541503906,62.63628387451172,,95.76026916503906,9.999999747378752e-06
2018-06-09,224.86123657226562,165.6083526611328,126.97402954101562,44.376487731933594,175.53286743164062,42.707637786865234,58.940826416015625,35.41147994995117,45.20913314819336,6.492042541503906,62.63628387451172,,95.76026916503906,9.999999747378752e-06
2018-06-10,224.86123657226562,165.6083526611328,126.97402954101562,44.376487731933594,175.53286743164062,42.707637786865234,58.940826416015625,35.41147994995117,45.20913314819336,6.492042541503906,62.63628387451172,,95.76026916503906,9.999999747378752e-06
2018-06-11,225.15158081054688,166.0544891357422,127.15933990478516,44.572200775146484,175.51417541503906,42.78239440917969,58.852638244628906,35.364376068115234,45.09830093383789,6.450953483581543,62.580665588378906,,95.58402252197266,9.999999747378752e-06
2018-06-12,225.52993774414062,166.92796325683594,127.42402648925781,44.384334564208984,176.69134521484375,43.1468620300293,59.205387115478516,35.34080505371094,45.34592056274414,6.4994683265686035,62.57271957397461,,95.60804748535156,9.999999747378752e-06
2018-06-13,224.63247680664062,166.9185028076172,126.94754028320312,44.3530158996582,176.34571838378906,43.36180877685547,58.05157470703125,35.08170700073242,44.97330093383789,6.495014190673828,62.532997131347656,,95.56000518798828,9.999999747378752e-06
2018-06-14,225.28353881835938,168.6083526611328,127.30931854248047,44.18862533569336,177.28933715820312,44.174835205078125,58.602760314941406,34.89326095581055,44.996883392333984,6.606646537780762,62.66802978515625,,96.3531494140625,9.999999747378752e-06
2018-06-15,225.0900115966797,168.0196990966797,127.18579864501953,43.891170501708984,176.61660766601562,44.18417739868164,58.56603240966797,34.7048225402832,44.53466033935547,6.565804481506348,62.675960540771484,,96.4412612915039,9.999999747378752e-06
2018-06-16,225.0900115966797,168.0196990966797,127.18579864501953,43.891170501708984,176.61660766601562,44.18417739868164,58.56603240966797,34.7048225402832,44.53466033935547,6.565804481506348,62.675960540771484,,96.4412612915039,9.999999747378752e-06
2018-06-17,225.0900115966797,168.0196990966797,127.18579864501953,43.891170501708984,176.61660766601562,44.18417739868164,58.56603240966797,34.7048225402832,44.53466033935547,6.565804481506348,62.675960540771484,,96.4412612915039,9.999999747378752e-06
2018-06-18,224.55335998535156,167.9226837158203,127.04463195800781,43.54673385620117,176.8782196044922,44.716854095458984,58.58232116699219,34.304386138916016,44.51107406616211,6.561596870422363,62.675960540771484,,96.3531494140625,9.999999747378752e-06
2018-06-19,223.6998748779297,167.44699096679688,126.62104797363281,43.09272384643555,175.65432739257812,44.31501388549805,58.52299499511719,33.91178894042969,43.79178237915039,6.439815998077393,62.779239654541016,,96.91390991210938,9.999999747378752e-05
2018-06-20,224.10458374023438,168.63619995117188,126.91226959228516,43.21796417236328,176.14015197753906,45.20280838012695,59.17573165893555,34.02171325683594,43.98280334472656,6.492786884307861,62.63628387451172,,96.064697265625,9.999999747378752e-05
2018-06-21,222.70562744140625,167.1710662841797,126.03875732421875,42.81874465942383,174.5798797607422,44.12810516357422,59.45756530761719,33.542755126953125,43.737545013427734,6.36407470703125,62.66802978515625,,96.5694351196289,9.999999747378752e-05
2018-06-22,223.10157775878906,166.80001831054688,126.21862030029297,43.27219772338867,173.65496826171875,43.55805206298828,59.924888610839844,33.81540298461914,43.61021041870117,6.211599349975586,62.70772933959961,,96.5614013671875,9.999999747378752e-05
2018-06-23,223.10157775878906,166.80001831054688,126.21862030029297,43.27219772338867,173.65496826171875,43.55805206298828,59.924888610839844,33.81540298461914,43.61021041870117,6.211599349975586,62.70772933959961,,96.5614013671875,9.999999747378752e-05
2018-06-24,223.10157775878906,166.80001831054688,126.21862030029297,43.27219772338867,173.65496826171875,43.55805206298828,59.924888610839844,33.81540298461914,43.61021041870117,6.211599349975586,62.70772933959961,,96.5614013671875,9.999999747378752e-05
2018-06-25,220.0133056640625,163.04200744628906,124.44654083251953,42.67866897583008,169.63758850097656,42.32448196411133,59.76913070678711,33.372859954833984,42.9616584777832,5.918779373168945,62.699790954589844,,96.7777099609375,9.999999747378752e-05
2018-06-26,220.49725341796875,163.70794677734375,124.73008728027344,42.73406219482422,170.5345001220703,42.77305603027344,59.96196746826172,33.23851013183594,43.49463653564453,5.989819526672363,62.803035736083984,,96.91390991210938,9.999999747378752e-05
2018-06-27,218.66714477539062,161.48170471191406,123.56935119628906,42.20384216308594,167.91847229003906,41.539485931396484,59.73202133178711,32.503570556640625,43.430965423583984,5.834619998931885,62.95391082763672,,97.82722473144531,9.999999747378752e-05
2018-06-28,219.99929809570312,162.87071228027344,124.34020233154297,42.41751480102539,169.8371124267578,42.02543640136719,60.266090393066406,32.811767578125,43.746978759765625,5.961848735809326,62.90628433227539,,97.85125732421875,9.999999747378752e-05
2018-06-29,220.55618286132812,163.30838012695312,124.4288330078125,42.81319808959961,169.94015502929688,42.0347785949707,60.4144172668457,33.349143981933594,43.654998779296875,5.863828659057617,62.8903923034668,,97.5147705078125,9.999999747378752e-05
2018-06-30,220.55618286132812,163.30838012695312,124.4288330078125,42.81319808959961,169.94015502929688,42.0347785949707,60.4144172668457,33.349143981933594,43.654998779296875,5.863828659057617,62.8903923034668,,97.5147705078125,9.999999747378752e-05
2018-07-01,220.55618286132812,163.30838012695312,124.4288330078125,42.81319808959961,169.94015502929688,42.0347785949707,60.4144172668457,33.349143981933594,43.654998779296875,5.863828659057617,62.8903923034668,,97.5147705078125,9.999999747378752e-05
2018-07-02,220.81253051757812,164.40248107910156,124.73008728027344,42.362117767333984,171.7201385498047,42.61417770385742,60.08063507080078,32.98563003540039,44.1431770324707,5.996006965637207,62.851375579833984,,97.4384994506836,9.999999747378752e-05
2018-07-03,219.91970825195312,162.49969482421875,124.41105651855469,42.457096099853516,169.80897521972656,42.19365310668945,60.53310012817383,33.017242431640625,43.374366760253906,5.862344264984131,62.978736877441406,,97.96040344238281,9.999999747378752e-05
2018-07-04,219.91970825195312,162.49969482421875,124.41105651855469,42.457096099853516,169.80897521972656,42.19365310668945,60.53310012817383,33.017242431640625,43.374366760253906,5.862344264984131,62.978736877441406,,97.96040344238281,9.999999747378752e-05
2018-07-05,221.8025360107422,164.51666259765625,125.46546936035156,42.73406219482422,172.03866577148438,42.77305603027344,61.252586364746094,32.98563003540039,43.7234001159668,6.0081353187561035,63.06633758544922,,98.24143981933594,9.999999747378752e-05
2018-07-06,223.65000915527344,167.075927734375,126.51991271972656,42.963558197021484,174.0902557373047,43.64215850830078,61.57896041870117,33.38866424560547,44.3294792175293,6.121996879577637,63.137977600097656,,98.56266021728516,9.999999747378752e-05
2018-07-07,223.65000915527344,167.075927734375,126.51991271972656,42.963558197021484,174.0902557373047,43.64215850830078,61.57896041870117,33.38866424560547,44.3294792175293,6.121996879577637,63.137977600097656,,98.56266021728516,9.999999747378752e-05
2018-07-08,223.65000915527344,167.075927734375,126.51991271972656,42.963558197021484,174.0902557373047,43.64215850830078,61.57896041870117,33.38866424560547,44.3294792175293,6.121996879577637,63.137977600097656,,98.56266021728516,9.999999747378752e-05
2018-07-09,225.63006591796875,168.57913208007812,127.6717758178711,43.42255401611328,175.59857177734375,44.08137893676758,61.08940887451172,33.997161865234375,44.94500732421875,6.169520378112793,63.08219909667969,,97.92828369140625,0.0010000000474974513
2018-07-10,226.41680908203125,168.70278930664062,127.99961853027344,43.42255401611328,175.95457458496094,43.885135650634766,61.215484619140625,33.965553283691406,44.890769958496094,6.26853084564209,63.04244613647461,,97.92029571533203,9.999999747378752e-06
2018-07-11,224.86984252929688,167.84658813476562,127.08692169189453,42.71031951904297,175.02716064453125,43.847747802734375,61.01524353027344,33.333335876464844,44.30826187133789,6.126946449279785,63.074275970458984,,98.29765319824219,9.999999747378752e-06
2018-07-12,226.7969207763672,170.7388458251953,128.13250732421875,43.0743522644043,177.9968719482422,44.623409271240234,61.20066833496094,33.79960250854492,45.051124572753906,6.218530178070068,63.12203598022461,,98.28961944580078,9.999999747378752e-06
2018-07-13,226.99131774902344,170.8815155029297,128.2122802734375,43.20888900756836,177.77203369140625,44.61406326293945,61.01524353027344,33.823307037353516,45.12187576293945,6.171252250671387,63.17774200439453,,98.53853607177734,9.999999747378752e-06
2018-07-14,226.99131774902344,170.8815155029297,128.2122802734375,43.20888900756836,177.77203369140625,44.61406326293945,61.01524353027344,33.823307037353516,45.12187576293945,6.171252250671387,63.17774200439453,,98.53853607177734,9.999999747378752e-06
2018-07-15,226.99131774902344,170.8815155029297,128.2122802734375,43.20888900756836,177.77203369140625,44.61406326293945,61.01524353027344,33.823307037353516,45.12187576293945,6.171252250671387,63.17774200439453,,98.53853607177734,9.999999747378752e-06
2018-07-16,226.8499298095703,170.47244262695312,128.00851440429688,43.12184143066406,177.15370178222656,43.8664436340332,60.68888473510742,33.63364791870117,45.02284240722656,6.14353084564209,63.09017562866211,,98.12906646728516,9.999999747378752e-06
2018-07-17,227.822265625,171.50949096679688,128.59329223632812,43.264278411865234,178.596435546875,44.343048095703125,60.288333892822266,33.89442825317383,45.15018081665039,6.279421329498291,63.06633758544922,,97.94435119628906,9.999999747378752e-06
2018-07-18,228.23776245117188,171.18600463867188,128.87680053710938,43.256370544433594,178.4933319091797,44.212215423583984,60.02131271362305,33.86281967163086,44.90256118774414,6.230164051055908,63.03446960449219,,97.5509262084961,9.999999747378752e-06
2018-07-19,227.37149047851562,170.3297119140625,128.56666564941406,43.03477478027344,178.30599975585938,44.41780471801758,60.7259521484375,33.475582122802734,45.25159454345703,6.2383317947387695,63.153831481933594,,98.16915893554688,9.999999747378752e-06
2018-07-20,227.15933227539062,170.2916717529297,128.33628845214844,43.36715316772461,178.18418884277344,44.174835205078125,60.13996505737305,33.91023254394531,45.147830963134766,6.2101149559021,63.01057052612305,,96.9647445678711,9.999999747378752e-06
2018-07-21,227.15933227539062,170.2916717529297,128.33628845214844,43.36715316772461,178.18418884277344,44.174835205078125,60.13996505737305,33.91023254394531,45.147830963134766,6.2101149559021,63.01057052612305,,96.9647445678711,9.999999747378752e-06
2018-07-22,227.15933227539062,170.2916717529297,128.33628845214844,43.36715316772461,178.18418884277344,44.174835205078125,60.13996505737305,33.91023254394531,45.147830963134766,6.2101149559021,63.01057052612305,,96.9647445678711,9.999999747378752e-06
2018-07-23,227.5924835205078,170.8339385986328,128.5400848388672,43.22471618652344,178.8868408203125,44.02531433105469,60.01388931274414,33.80750274658203,45.18791961669922,6.1734795570373535,62.81156921386719,,95.76831817626953,9.999999747378752e-06
2018-07-24,228.6620635986328,171.53797912597656,128.82362365722656,43.549171447753906,178.61521911621094,42.87584686279297,59.70976638793945,34.313270568847656,45.515724182128906,6.156155109405518,62.90711212158203,,96.09754180908203,9.999999747378752e-06
2018-07-25,230.75701904296875,173.935546875,129.92233276367188,44.0002555847168,181.19142150878906,43.791683197021484,60.18446731567383,34.858551025390625,45.94493865966797,6.234371185302734,62.90711212158203,,95.94499206542969,9.999999747378752e-06
2018-07-26,230.076416015625,171.3001708984375,129.70970153808594,43.7707633972168,180.56375122070312,43.45524978637695,60.3847541809082,34.51873779296875,45.80107116699219,6.307886600494385,62.90711212158203,,95.76031494140625,9.999999747378752e-06
2018-07-27,228.5824737548828,168.98826599121094,128.6730499267578,43.834083557128906,177.05062866210938,41.791805267333984,59.73945236206055,34.56615447998047,45.039337158203125,6.2380852699279785,62.89118194580078,,95.9209213256836,9.999999747378752e-06
2018-07-28,228.5824737548828,168.98826599121094,128.6730499267578,43.834083557128906,177.05062866210938,41.791805267333984,59.73945236206055,34.56615447998047,45.039337158203125,6.2380852699279785,62.89118194580078,,95.9209213256836,9.999999747378752e-06
2018-07-29,228.5824737548828,168.98826599121094,128.6730499267578,43.834083557128906,177.05062866210938,41.791805267333984,59.73945236206055,34.56615447998047,45.039337158203125,6.2380852699279785,62.89118194580078,,95.9209213256836,9.999999747378752e-06
2018-07-30,227.26539611816406,166.6002197265625,127.83121490478516,43.85780334472656,173.87478637695312,40.74513626098633,59.77653884887695,34.51873779296875,44.78700637817383,6.042788505554199,62.819557189941406,,95.59166717529297,9.999999747378752e-06
2018-07-31,228.41453552246094,167.8751220703125,128.55783081054688,43.90528869628906,174.39944458007812,41.6329345703125,60.77788162231445,34.67679214477539,44.87661361694336,6.060857772827148,62.867286682128906,,96.11363220214844,9.999999747378752e-06
2018-08-01,228.1316680908203,168.51255798339844,128.40719604492188,43.70745086669922,176.4042510986328,41.801151275634766,61.20808410644531,34.41599655151367,47.52029037475586,6.100709438323975,62.832984924316406,,95.33056640625,9.999999747378752e-06
2018-08-02,229.28970336914062,170.80543518066406,129.16920471191406,43.37507247924805,178.95240783691406,42.86650466918945,60.963314056396484,34.0208740234375,48.909358978271484,6.203433036804199,62.864898681640625,,95.4674301147461,9.999999747378752e-06
2018-08-03,230.4123077392578,171.32870483398438,129.60336303710938,43.47793960571289,179.41143798828125,42.49269485473633,61.623443603515625,34.2342414855957,49.05085754394531,6.240063190460205,63.00054168701172,,95.94220733642578,9.999999747378752e-06
2018-08-04,230.4123077392578,171.32870483398438,129.60336303710938,43.47793960571289,179.41143798828125,42.49269485473633,61.623443603515625,34.2342414855957,49.05085754394531,6.240063190460205,63.00054168701172,,95.94220733642578,9.999999747378752e-06
2018-08-05,230.4123077392578,171.32870483398438,129.60336303710938,43.47793960571289,179.41143798828125,42.49269485473633,61.623443603515625,34.2342414855957,49.05085754394531,6.240063190460205,63.00054168701172,,95.94220733642578,9.999999747378752e-06
2018-08-06,231.2786102294922,172.33717346191406,130.18820190429688,43.28802490234375,180.47007751464844,42.931922912597656,61.5418701171875,33.97346115112305,49.30555725097656,6.287837982177734,63.056400299072266,,95.99852752685547,9.999999747378752e-06
2018-08-07,231.92388916015625,172.9651641845703,130.61349487304688,43.533348083496094,181.19142150878906,43.548702239990234,61.430606842041016,34.281654357910156,48.843318939208984,6.360113143920898,62.94468307495117,,95.49960327148438,9.999999747378752e-06
2018-08-08,231.8001251220703,173.1743927001953,130.48941040039062,43.541263580322266,181.5380401611328,43.595436096191406,61.07455825805664,34.202632904052734,48.8763427734375,6.396499156951904,62.92876052856445,,95.5961685180664,9.999999747378752e-06
2018-08-09,231.50833129882812,173.0697479248047,130.4008026123047,43.42255401611328,181.70669555664062,43.75429916381836,61.104251861572266,34.15522003173828,49.26075744628906,6.347983360290527,63.04840087890625,,96.40088653564453,9.999999747378752e-06
2018-08-10,229.9349365234375,171.74732971191406,129.58566284179688,42.599525451660156,180.5168914794922,43.85710144042969,60.63694381713867,33.475582122802734,49.11402130126953,6.306648254394531,63.17609405517578,,97.10107421875,9.999999747378752e-06
2018-08-11,229.9349365234375,171.74732971191406,129.58566284179688,42.599525451660156,180.5168914794922,43.85710144042969,60.63694381713867,33.475582122802734,49.11402130126953,6.306648254394531,63.17609405517578,,97.10107421875,9.999999747378752e-06
2018-08-12,229.9349365234375,171.74732971191406,129.58566284179688,42.599525451660156,180.5168914794922,43.85710144042969,60.63694381713867,33.475582122802734,49.11402130126953,6.306648254394531,63.17609405517578,,97.10107421875,9.999999747378752e-06
2018-08-13,229.06869506835938,171.5570526123047,129.08949279785156,42.27507019042969,180.17965698242188,43.55805206298828,60.51826095581055,32.93821716308594,49.43113708496094,6.339569568634033,63.1840705871582,,96.89985656738281,9.999999747378752e-06
2018-08-14,230.54490661621094,172.63209533691406,129.94003295898438,42.35420608520508,181.3600311279297,43.81037139892578,60.814964294433594,33.135780334472656,49.639400482177734,6.47100305557251,63.144142150878906,,96.68255615234375,9.999999747378752e-06
2018-08-15,228.8477325439453,170.52003479003906,128.91224670410156,41.665714263916016,179.75808715820312,42.91322708129883,61.282257080078125,32.16374969482422,49.75536346435547,6.412837028503418,63.215980529785156,,97.24589538574219,9.999999747378752e-06
2018-08-16,230.70399475097656,171.0813446044922,129.92233276367188,41.91103744506836,180.86355590820312,43.36180877685547,61.77921676635742,32.392940521240234,50.48428726196289,6.3722429275512695,63.24787521362305,,97.23784637451172,9.999999747378752e-06
2018-08-17,231.47299194335938,171.11941528320312,130.4008026123047,42.188018798828125,181.50059509277344,42.829124450683594,62.3503532409668,32.669517517089844,51.4924430847168,6.059869289398193,63.3197135925293,,97.35855102539062,9.999999747378752e-06
2018-08-18,231.47299194335938,171.11941528320312,130.4008026123047,42.188018798828125,181.50059509277344,42.829124450683594,62.3503532409668,32.669517517089844,51.4924430847168,6.059869289398193,63.3197135925293,,97.35855102539062,9.999999747378752e-06
2018-08-19,231.47299194335938,171.11941528320312,130.4008026123047,42.188018798828125,181.50059509277344,42.829124450683594,62.3503532409668,32.669517517089844,51.4924430847168,6.059869289398193,63.3197135925293,,97.35855102539062,9.999999747378752e-06
2018-08-20,231.98573303222656,170.96717834472656,130.64892578125,42.377952575683594,181.3319549560547,43.343109130859375,62.39487075805664,32.811767578125,50.9907341003418,6.134619235992432,63.399478912353516,,98.0103988647461,9.999999747378752e-06
2018-08-21,232.4895782470703,171.59507751464844,131.13624572753906,42.68658447265625,181.72543334960938,44.26829147338867,62.016578674316406,33.167381286621094,50.89134216308594,6.270263195037842,63.36756896972656,,97.68049621582031,9.999999747378752e-06
2018-08-22,232.4188995361328,172.26104736328125,131.18052673339844,42.90815734863281,182.65284729003906,44.305667877197266,61.6679573059082,33.364959716796875,50.89371109008789,6.505409240722656,63.40745162963867,,98.06672668457031,9.999999747378752e-06
2018-08-23,232.0829315185547,172.01373291015625,130.92356872558594,42.50456619262695,183.23370361328125,44.24025344848633,61.512184143066406,32.84337615966797,50.997840881347656,6.604915142059326,63.40745162963867,,98.21963500976562,9.999999747378752e-06
2018-08-24,233.54151916503906,173.612060546875,131.73873901367188,42.90024948120117,185.3321990966797,44.91310501098633,61.87565612792969,33.333335876464844,51.15638732910156,6.738082408905029,63.43937301635742,,98.41275787353516,9.999999747378752e-06
2018-08-25,233.54151916503906,173.612060546875,131.73873901367188,42.90024948120117,185.3321990966797,44.91310501098633,61.87565612792969,33.333335876464844,51.15638732910156,6.738082408905029,63.43937301635742,,98.41275787353516,9.999999747378752e-06
2018-08-26,233.54151916503906,173.612060546875,131.73873901367188,42.90024948120117,185.3321990966797,44.91310501098633,61.87565612792969,33.333335876464844,51.15638732910156,6.738082408905029,63.43937301635742,,98.41275787353516,9.999999747378752e-06
2018-08-27,235.30056762695312,175.38165283203125,132.6868133544922,43.462120056152344,186.75616455078125,45.679412841796875,61.65311813354492,33.878631591796875,51.5776481628418,6.829170227050781,63.359622955322266,,97.84941864013672,9.999999747378752e-06
2018-08-28,235.43312072753906,175.63856506347656,132.76657104492188,43.38298797607422,187.64614868164062,45.7822151184082,62.483863830566406,33.712669372558594,51.99416732788086,6.7915472984313965,63.263858795166016,,97.26197814941406,9.999999747378752e-06
2018-08-29,236.7237548828125,177.66505432128906,133.46656799316406,43.580833435058594,189.44483947753906,46.38031005859375,62.498687744140625,33.9023323059082,52.77041244506836,6.897049427032471,63.223941802978516,,97.39076232910156,9.999999747378752e-06
2018-08-30,235.76023864746094,177.35110473632812,132.91722106933594,43.03477478027344,188.9857940673828,46.35226821899414,62.098175048828125,33.001426696777344,53.255558013916016,6.880207538604736,63.27183532714844,,97.59996795654297,9.999999747378752e-06
2018-08-31,235.7691192626953,177.5794219970703,132.9703826904297,42.85276794433594,189.9882354736328,46.44572448730469,62.34292984008789,33.22270202636719,53.87088394165039,6.951288223266602,63.28780746459961,,97.37464141845703,9.999999747378752e-06
2018-09-01,235.7691192626953,177.5794219970703,132.9703826904297,42.85276794433594,189.9882354736328,46.44572448730469,62.34292984008789,33.22270202636719,53.87088394165039,6.951288223266602,63.28780746459961,,97.37464141845703,9.999999747378752e-06
2018-09-02,235.7691192626953,177.5794219970703,132.9703826904297,42.85276794433594,189.9882354736328,46.44572448730469,62.34292984008789,33.22270202636719,53.87088394165039,6.951288223266602,63.28780746459961,,97.37464141845703,9.999999747378752e-06
2018-09-03,235.7691192626953,177.5794219970703,132.9703826904297,42.85276794433594,189.9882354736328,46.44572448730469,62.34292984008789,33.22270202636719,53.87088394165039,6.951288223266602,63.28780746459961,,97.37464141845703,9.999999747378752e-06
2018-09-04,235.44198608398438,176.81829833984375,132.7843017578125,42.338375091552734,190.25990295410156,45.95042419433594,61.601200103759766,32.479854583740234,54.043643951416016,7.02608060836792,63.19021987915039,,96.8116683959961,9.999999747378752e-06
2018-09-05,234.77899169921875,174.53494262695312,132.35015869140625,41.95059585571289,187.2995147705078,44.84769058227539,61.957218170166016,32.13213348388672,53.69102096557617,6.895316123962402,63.206214904785156,,96.55359649658203,9.999999747378752e-06
2018-09-06,234.08953857421875,172.97462463378906,131.951416015625,41.863563537597656,186.29710388183594,43.959896087646484,62.13524627685547,32.116329193115234,52.79881286621094,6.754149436950684,63.30216979980469,,96.90845489501953,9.999999747378752e-06
2018-09-07,233.52383422851562,172.3086395263672,131.6501922607422,41.56283950805664,185.72567749023438,43.670196533203125,61.46027374267578,31.974084854125977,52.372833251953125,6.732852458953857,63.102230072021484,,96.08576965332031,9.999999747378752e-06
2018-09-08,233.52383422851562,172.3086395263672,131.6501922607422,41.56283950805664,185.72567749023438,43.670196533203125,61.46027374267578,31.974084854125977,52.372833251953125,6.732852458953857,63.102230072021484,,96.08576965332031,9.999999747378752e-06
2018-09-09,233.52383422851562,172.3086395263672,131.6501922607422,41.56283950805664,185.72567749023438,43.670196533203125,61.46027374267578,31.974084854125977,52.372833251953125,6.732852458953857,63.102230072021484,,96.08576965332031,9.999999747378752e-06
2018-09-10,233.9657440185547,172.88902282714844,131.93368530273438,41.61031723022461,186.40951538085938,43.791683197021484,61.7347297668457,31.594755172729492,51.66994094848633,6.803928375244141,63.14219284057617,,96.44062805175781,9.999999747378752e-05
2018-09-11,234.84970092773438,174.22097778320312,132.37673950195312,41.67362594604492,187.5899200439453,44.32435989379883,61.72731018066406,31.634275436401367,52.976314544677734,6.756130695343018,63.006256103515625,,95.70668029785156,9.999999747378752e-05
2018-09-12,234.8762664794922,173.70721435546875,132.38560485839844,41.83190155029297,187.22451782226562,44.46453857421875,61.75696563720703,31.831830978393555,52.318389892578125,6.642209053039551,63.054195404052734,,95.9325180053711,9.999999747378752e-05
2018-09-13,236.21104431152344,175.5624237060547,133.05007934570312,42.20384216308594,189.3886260986328,44.800960540771484,62.061065673828125,32.2348747253418,53.582157135009766,6.719974040985107,63.09423065185547,,96.07771301269531,9.999999747378752e-05
2018-09-14,236.33474731445312,175.04873657226562,133.156494140625,42.195926666259766,189.56663513183594,45.081321716308594,61.6679573059082,32.19536209106445,52.97393798828125,6.846031665802002,62.99024963378906,,95.61798095703125,9.999999747378752e-05
2018-09-15,236.33474731445312,175.04873657226562,133.156494140625,42.195926666259766,189.56663513183594,45.081321716308594,61.6679573059082,32.19536209106445,52.97393798828125,6.846031665802002,62.99024963378906,,95.61798095703125,9.999999747378752e-05
2018-09-16,236.33474731445312,175.04873657226562,133.156494140625,42.195926666259766,189.56663513183594,45.081321716308594,61.6679573059082,32.19536209106445,52.97393798828125,6.846031665802002,62.99024963378906,,95.61798095703125,9.999999747378752e-05
2018-09-17,234.99996948242188,172.52749633789062,132.314697265625,42.164276123046875,186.69993591308594,44.18417739868164,61.86823654174805,31.942472457885742,51.563446044921875,6.784116268157959,62.98227310180664,,95.61798095703125,9.999999747378752e-05
2018-09-18,236.2818145751953,173.95455932617188,133.0235595703125,42.59162139892578,187.9272003173828,44.98786926269531,61.57155227661133,32.19536209106445,51.648651123046875,6.71204948425293,62.83831787109375,,94.61785125732422,9.999999747378752e-05
2018-09-19,236.54693603515625,173.82135009765625,133.04129028320312,42.836944580078125,186.99974060058594,44.9598388671875,60.85203552246094,32.63001251220703,51.67940902709961,6.7358245849609375,62.7423210144043,,94.05320739746094,9.999999747378752e-05
2018-09-20,238.4474639892578,175.74322509765625,134.06910705566406,43.28010177612305,189.0232391357422,45.165435791015625,61.42319107055664,32.89869689941406,52.072269439697266,6.594657897949219,62.82233428955078,,94.4887466430664,9.999999747378752e-05
2018-09-21,238.279541015625,174.7823028564453,133.93617248535156,43.303863525390625,188.72352600097656,44.07204055786133,61.40092849731445,33.03303527832031,51.51138687133789,6.524569988250732,62.862300872802734,,94.44844818115234,9.999999747378752e-05
2018-09-22,238.279541015625,174.7823028564453,133.93617248535156,43.303863525390625,188.72352600097656,44.07204055786133,61.40092849731445,33.03303527832031,51.51138687133789,6.524569988250732,62.862300872802734,,94.44844818115234,9.999999747378752e-05
2018-09-23,238.279541015625,174.7823028564453,133.93617248535156,43.303863525390625,188.72352600097656,44.07204055786133,61.40092849731445,33.03303527832031,51.51138687133789,6.524569988250732,62.862300872802734,,94.44844818115234,9.999999747378752e-05
2018-09-24,237.48394775390625,175.26840209960938,133.44883728027344,43.03477478027344,189.4180145263672,44.23091125488281,60.29830551147461,32.62209701538086,52.25212478637695,6.580293655395508,62.78230285644531,,94.20643615722656,9.999999747378752e-05
2018-09-25,237.1922149658203,175.50665283203125,133.37794494628906,43.28010177612305,189.48382568359375,44.64209747314453,60.30582046508789,32.827579498291016,52.58345413208008,6.647409439086914,62.73432922363281,,94.10965728759766,9.999999747378752e-05
2018-09-26,236.4969482421875,175.63055419921875,132.86402893066406,43.3023796081543,188.59100341796875,44.679473876953125,59.58379364013672,32.88752746582031,52.16455841064453,6.610507011413574,62.89427947998047,,94.77108764648438,9.999999747378752e-05
2018-09-27,237.154052734375,177.11740112304688,133.17417907714844,43.25465774536133,189.5308074951172,45.053287506103516,59.86959457397461,32.98345184326172,53.23662567138672,6.622395992279053,62.942291259765625,,94.83557891845703,9.999999747378752e-05
2018-09-28,237.12742614746094,177.0792999267578,133.23110961914062,42.94450759887695,190.37667846679688,44.24025344848633,60.68189239501953,32.775611877441406,53.42359924316406,6.959707260131836,62.942291259765625,,94.58555603027344,9.999999747378752e-05
2018-09-29,237.12742614746094,177.0792999267578,133.23110961914062,42.94450759887695,190.37667846679688,44.24025344848633,60.68189239501953,32.775611877441406,53.42359924316406,6.959707260131836,62.942291259765625,,94.58555603027344,9.999999747378752e-05
2018-09-30,237.12742614746094,177.0792999267578,133.23110961914062,42.94450759887695,190.37667846679688,44.24025344848633,60.68189239501953,32.775611877441406,53.42359924316406,6.959707260131836,62.942291259765625,,94.58555603027344,9.999999747378752e-05
2018-10-01,238.0065460205078,177.4414825439453,133.4359130859375,43.016082763671875,190.7244415283203,44.305667877197266,60.117794036865234,32.855552673339844,53.783321380615234,7.166255474090576,62.824459075927734,,93.89116668701172,9.999999747378752e-05
2018-10-02,237.9798583984375,177.04116821289062,133.2400665283203,42.753639221191406,190.48008728027344,43.165550231933594,59.9824104309082,32.503807067871094,54.261375427246094,7.094930171966553,62.936683654785156,,94.46507263183594,9.999999747378752e-05
2018-10-03,238.18405151367188,177.23178100585938,133.41810607910156,42.59457778930664,191.31655883789062,43.24965286254883,59.34310531616211,32.23201370239258,54.921653747558594,7.101120948791504,62.61600875854492,,92.82415771484375,9.999999747378752e-05
2018-10-04,236.2305450439453,173.8292236328125,132.2874755859375,42.00608444213867,187.95188903808594,41.89460372924805,58.8466911315918,31.496559143066406,53.956085205078125,6.916862487792969,62.455684661865234,,92.16937255859375,9.999999747378752e-05
2018-10-05,234.8986358642578,171.70370483398438,131.4327850341797,41.783416748046875,185.48007202148438,41.10026168823242,58.81661605834961,31.3526668548584,53.08043670654297,6.68332052230835,62.343441009521484,,91.37718963623047,9.999999747378752e-05
2018-10-06,234.8986358642578,171.70370483398438,131.4327850341797,41.783416748046875,185.48007202148438,41.10026168823242,58.81661605834961,31.3526668548584,53.08043670654297,6.68332052230835,62.343441009521484,,91.37718963623047,9.999999747378752e-05
2018-10-07,234.8986358642578,171.70370483398438,131.4327850341797,41.783416748046875,185.48007202148438,41.10026168823242,58.81661605834961,31.3526668548584,53.08043670654297,6.68332052230835,62.343441009521484,,91.37718963623047,9.999999747378752e-05
2018-10-08,234.8364715576172,170.6553192138672,131.33482360839844,41.624351501464844,183.0458221435547,40.33395004272461,59.66652297973633,31.408628463745117,52.95737075805664,6.582025051116943,62.31941223144531,,91.06999969482422,9.999999747378752e-05
2018-10-09,234.53457641601562,171.2081298828125,131.10340881347656,41.48120880126953,183.52517700195312,40.52085494995117,59.7492561340332,31.328691482543945,53.69102096557617,6.57633113861084,62.439659118652344,,91.99153137207031,9.999999747378752e-05
2018-10-10,226.96038818359375,163.678466796875,126.92794799804688,40.47916793823242,175.00070190429688,38.40884017944336,58.86173629760742,30.457324981689453,51.20372772216797,6.084728717803955,62.39155197143555,,91.74089050292969,9.999999747378752e-05
2018-10-11,222.1831817626953,161.64837646484375,124.22150421142578,39.93838119506836,172.55709838867188,38.035030364990234,57.17696762084961,30.185543060302734,50.751705169677734,5.823200702667236,62.567955017089844,,92.85649108886719,9.999999747378752e-05
2018-10-12,225.1844940185547,166.14703369140625,125.85958099365234,40.312156677246094,177.876708984375,39.26859664916992,57.02655029296875,30.952970504760742,52.56451416015625,6.105780601501465,62.5518913269043,,92.53314208984375,9.999999747378752e-05
2018-10-13,225.1844940185547,166.14703369140625,125.85958099365234,40.312156677246094,177.876708984375,39.26859664916992,57.02655029296875,30.952970504760742,52.56451416015625,6.105780601501465,62.5518913269043,,92.53314208984375,9.999999747378752e-05
2018-10-14,225.1844940185547,166.14703369140625,125.85958099365234,40.312156677246094,177.876708984375,39.26859664916992,57.02655029296875,30.952970504760742,52.56451416015625,6.105780601501465,62.5518913269043,,92.53314208984375,9.999999747378752e-05
2018-10-15,223.95021057128906,164.135986328125,125.29865264892578,40.14516067504883,175.3296356201172,38.91347885131836,57.41012191772461,30.649192810058594,51.440391540527344,5.8293914794921875,62.53585433959961,,92.49266815185547,9.999999747378752e-05
2018-10-16,228.71852111816406,168.9110870361328,128.0585479736328,40.91657638549805,180.78082275390625,40.77317428588867,58.590980529785156,31.3526668548584,52.573978424072266,6.088197231292725,62.583953857421875,,92.70286560058594,9.999999747378752e-05
2018-10-17,228.79847717285156,168.97779846191406,128.02297973632812,40.574607849121094,180.14169311523438,40.53020095825195,58.36532211303711,30.97695541381836,52.3467903137207,6.019593715667725,62.471717834472656,,92.15316009521484,9.999999747378752e-05
2018-10-18,225.58407592773438,165.06053161621094,126.1711654663086,39.89863204956055,176.50445556640625,39.34335708618164,58.25251388549805,30.169551849365234,51.123268127441406,5.9321699142456055,62.431636810302734,,92.12088012695312,9.999999747378752e-05
2018-10-19,225.40643310546875,164.90806579589844,125.84178161621094,40.12925338745117,175.99693298339844,38.61442947387695,58.756439208984375,30.449338912963867,51.9018669128418,5.675595283508301,62.39956283569336,,91.91873931884766,9.999999747378752e-05
2018-10-20,225.40643310546875,164.90806579589844,125.84178161621094,40.12925338745117,175.99693298339844,38.61442947387695,58.756439208984375,30.449338912963867,51.9018669128418,5.675595283508301,62.39956283569336,,91.91873931884766,9.999999747378752e-05
2018-10-21,225.40643310546875,164.90806579589844,125.84178161621094,40.12925338745117,175.99693298339844,38.61442947387695,58.756439208984375,30.449338912963867,51.9018669128418,5.675595283508301,62.39956283569336,,91.91873931884766,9.999999747378752e-05
2018-10-22,224.47410583496094,165.75631713867188,125.34320831298828,40.06563186645508,177.42552185058594,38.72657012939453,57.93661117553711,30.769102096557617,52.21900939941406,5.726365566253662,62.375545501708984,,91.79753112792969,9.999999747378752e-05
2018-10-23,223.1244354248047,165.14633178710938,124.60429382324219,39.644134521484375,176.7582244873047,39.02561950683594,58.192344665527344,30.46533203125,52.71125411987305,5.474745273590088,62.46368408203125,,92.08854675292969,9.999999747378752e-05
2018-10-24,216.46478271484375,157.5880889892578,120.73155975341797,38.53871536254883,168.8258514404297,36.81080627441406,58.74137878417969,29.577987670898438,50.903167724609375,4.938563346862793,62.63203430175781,,92.78372192382812,9.999999747378752e-05
2018-10-25,220.3451385498047,163.03993225097656,123.0018081665039,39.03178405761719,174.24879455566406,38.53032684326172,59.49353790283203,30.137575149536133,52.01783752441406,5.147340774536133,62.55989074707031,,92.39569854736328,9.999999747378752e-05
2018-10-26,216.44700622558594,158.84620666503906,120.87400817871094,38.70571517944336,170.75254821777344,38.2219352722168,58.06447982788086,29.905750274658203,51.18953323364258,4.910825252532959,62.67212677001953,,92.9534912109375,9.999999747378752e-05
2018-10-27,216.44700622558594,158.84620666503906,120.87400817871094,38.70571517944336,170.75254821777344,38.2219352722168,58.06447982788086,29.905750274658203,51.18953323364258,4.910825252532959,62.67212677001953,,92.9534912109375,9.999999747378752e-05
2018-10-28,216.44700622558594,158.84620666503906,120.87400817871094,38.70571517944336,170.75254821777344,38.2219352722168,58.06447982788086,29.905750274658203,51.18953323364258,4.910825252532959,62.67212677001953,,92.9534912109375,9.999999747378752e-05
2018-10-29,215.32823181152344,155.57699584960938,120.20626831054688,38.48305130004883,167.93295288085938,37.83877944946289,58.801578521728516,29.322174072265625,50.22868347167969,4.597042083740234,62.61600875854492,,92.74329376220703,9.999999747378752e-05
2018-10-30,218.62252807617188,158.1409149169922,122.0848159790039,38.944297790527344,170.08529663085938,38.801334381103516,59.606346130371094,29.921733856201172,50.479549407958984,5.027472496032715,62.527835845947266,,92.28253173828125,9.999999747378752e-05
2018-10-31,220.91343688964844,161.85806274414062,123.35790252685547,39.27036666870117,174.23939514160156,39.79193115234375,58.90687942504883,30.26547622680664,51.79537582397461,5.221389293670654,62.39956283569336,,91.8136978149414,9.999999747378752e-05
2018-11-01,223.20433044433594,163.9930419921875,124.75566101074219,39.98610305786133,176.6266326904297,41.791805267333984,59.18516159057617,31.3526668548584,52.59055709838867,5.40168571472168,62.51530838012695,,91.89879608154297,9.999999747378752e-05
2018-11-02,221.81910705566406,161.438720703125,124.2481460571289,40.208778381347656,173.412353515625,42.50204086303711,58.6962776184082,31.464582443237305,49.1021728515625,5.3226823806762695,62.2822380065918,,90.75627136230469,9.999999747378752e-05
2018-11-03,221.81910705566406,161.438720703125,124.2481460571289,40.208778381347656,173.412353515625,42.50204086303711,58.6962776184082,31.464582443237305,49.1021728515625,5.3226823806762695,62.2822380065918,,90.75627136230469,9.999999747378752e-05
2018-11-04,221.81910705566406,161.438720703125,124.2481460571289,40.208778381347656,173.412353515625,42.50204086303711,58.6962776184082,31.464582443237305,49.1021728515625,5.3226823806762695,62.2822380065918,,90.75627136230469,9.999999747378752e-05
2018-11-05,223.08001708984375,161.03842163085938,124.85355377197266,40.21672821044922,172.99884033203125,41.885257720947266,59.56874084472656,31.608484268188477,47.70825958251953,5.24467134475708,62.330448150634766,,91.11273956298828,9.999999747378752e-05
2018-11-06,224.49185180664062,162.25839233398438,125.56578826904297,40.30422592163086,174.05145263671875,41.89460372924805,59.86959457397461,31.488561630249023,48.22417449951172,5.227086067199707,62.32244110107422,,91.05599975585938,9.999999747378752e-05
2018-11-07,229.23353576660156,167.34799194335938,128.12985229492188,40.84498977661133,179.0420684814453,42.95061111450195,60.5841178894043,32.048152923583984,49.686737060546875,5.294695854187012,62.37866973876953,,91.1775894165039,9.999999747378752e-05
2018-11-08,228.8428192138672,166.28050231933594,127.88052368164062,40.38374328613281,178.71310424804688,42.27775573730469,60.62924575805664,31.27271842956543,49.51337432861328,5.101524829864502,62.2741813659668,,91.16948699951172,9.999999747378752e-05
2018-11-09,226.72950744628906,163.47836303710938,126.57182312011719,39.96224594116211,175.63038635253906,41.47032928466797,60.6217155456543,30.737123489379883,48.55867385864258,5.093597888946533,62.426918029785156,,91.85015869140625,9.999999747378752e-05
2018-11-10,226.72950744628906,163.47836303710938,126.57182312011719,39.96224594116211,175.63038635253906,41.47032928466797,60.6217155456543,30.737123489379883,48.55867385864258,5.093597888946533,62.426918029785156,,91.85015869140625,9.999999747378752e-05
2018-11-11,226.72950744628906,163.47836303710938,126.57182312011719,39.96224594116211,175.63038635253906,41.47032928466797,60.6217155456543,30.737123489379883,48.55867385864258,5.093597888946533,62.426918029785156,,91.85015869140625,9.999999747378752e-05
2018-11-12,222.3518829345703,158.53170776367188,124.14134216308594,39.3260383605957,169.58712768554688,39.96014404296875,60.74208068847656,30.32942771911621,46.11257553100586,4.694124221801758,62.52330780029297,,92.44976806640625,9.999999747378752e-05
2018-11-13,221.97900390625,158.66510009765625,123.96329498291016,39.53279495239258,169.66229248046875,40.287227630615234,60.68189239501953,30.689170837402344,45.65186309814453,4.936087608337402,62.4911994934082,,92.39306640625,9.999999747378752e-05
2018-11-14,220.4605255126953,157.4546356201172,123.05522155761719,39.652095794677734,167.8202362060547,39.80127716064453,60.53146743774414,30.928979873657227,44.36231231689453,4.883582592010498,62.53940963745117,,92.44976806640625,9.999999747378752e-05
2018-11-15,222.74261474609375,160.20916748046875,124.44404602050781,39.93838119506836,172.02134704589844,40.96942901611328,60.117794036865234,31.53653335571289,45.457122802734375,5.01236629486084,62.547454833984375,,92.40926361083984,9.999999747378752e-05
2018-11-16,223.31089782714844,159.64683532714844,124.71110534667969,39.93838119506836,171.77700805664062,40.81055450439453,60.764625549316406,31.64845085144043,45.9605827331543,4.072253227233887,62.684051513671875,,92.944091796875,9.999999747378752e-05
2018-11-17,223.31089782714844,159.64683532714844,124.71110534667969,39.93838119506836,171.77700805664062,40.81055450439453,60.764625549316406,31.64845085144043,45.9605827331543,4.072253227233887,62.684051513671875,,92.944091796875,9.999999747378752e-05
2018-11-18,223.31089782714844,159.64683532714844,124.71110534667969,39.93838119506836,171.77700805664062,40.81055450439453,60.764625549316406,31.64845085144043,45.9605827331543,4.072253227233887,62.684051513671875,,92.944091796875,9.999999747378752e-05
2018-11-19,219.608154296875,154.4618682861328,122.5477523803711,39.59642791748047,165.01007080078125,38.85740661621094,60.84735107421875,31.256738662719727,44.13908004760742,3.583623170852661,62.684051513671875,,93.203369140625,9.999999747378752e-05
2018-11-20,215.56797790527344,151.6978302001953,120.36653900146484,38.79319763183594,161.65475463867188,38.14717102050781,60.22309875488281,30.601228713989258,42.03020095825195,3.6920969486236572,62.643898010253906,,93.23580932617188,9.999999747378752e-05
2018-11-21,216.28721618652344,152.85110473632812,120.95410919189453,39.389652252197266,163.0176239013672,39.00693893432617,60.275726318359375,31.17679214477539,41.982704162597656,3.5838706493377686,62.70815658569336,,93.203369140625,9.999999747378752e-05
2018-11-22,216.28721618652344,152.85110473632812,120.95410919189453,39.389652252197266,163.0176239013672,39.00693893432617,60.275726318359375,31.17679214477539,41.982704162597656,3.5838706493377686,62.70815658569336,,93.203369140625,9.999999747378752e-05
2018-11-23,214.8931121826172,151.74557495117188,120.30423736572266,39.143123626708984,161.92733764648438,38.97889709472656,60.155418395996094,30.849035263061523,40.916378021240234,3.591053009033203,62.70013427734375,,93.30062866210938,9.999999747378752e-05
2018-11-24,214.8931121826172,151.74557495117188,120.30423736572266,39.143123626708984,161.92733764648438,38.97889709472656,60.155418395996094,30.849035263061523,40.916378021240234,3.591053009033203,62.70013427734375,,93.30062866210938,9.999999747378752e-05
2018-11-25,214.8931121826172,151.74557495117188,120.30423736572266,39.143123626708984,161.92733764648438,38.97889709472656,60.155418395996094,30.849035263061523,40.916378021240234,3.591053009033203,62.70013427734375,,93.30062866210938,9.999999747378752e-05
2018-11-26,218.25845336914062,155.25296020507812,122.17381286621094,39.660037994384766,165.4423828125,40.13770294189453,60.26823043823242,31.06488800048828,41.46974182128906,3.7904179096221924,62.651939392089844,,93.08992767333984,9.999999747378752e-05
2018-11-27,218.94215393066406,155.77716064453125,122.32512664794922,39.56462097167969,165.57395935058594,39.745208740234375,60.52394104003906,31.28871726989746,41.379486083984375,3.8072590827941895,62.69209289550781,,93.19529724121094,9.999999747378752e-05
2018-11-28,224.05677795410156,160.79054260253906,125.174072265625,40.24855041503906,171.35406494140625,41.28716278076172,61.065467834472656,31.98419952392578,42.97064208984375,3.9642744064331055,62.72425079345703,,92.74150085449219,9.999999747378752e-05
2018-11-29,223.5950469970703,160.26634216308594,124.942626953125,40.04973220825195,170.0006866455078,41.16567611694336,61.080501556396484,31.768348693847656,42.64053726196289,3.9010584354400635,62.772464752197266,,93.10614013671875,9.999999747378752e-05
2018-11-30,225.07794189453125,161.4291534423828,125.84178161621094,39.9304313659668,171.68296813964844,41.539485931396484,61.6596565246582,31.728384017944336,42.41017532348633,4.051537990570068,62.79655456542969,,93.45454406738281,9.999999747378752e-05
2018-12-01,225.07794189453125,161.4291534423828,125.84178161621094,39.9304313659668,171.68296813964844,41.539485931396484,61.6596565246582,31.728384017944336,42.41017532348633,4.051537990570068,62.79655456542969,,93.45454406738281,9.999999747378752e-05
2018-12-02,225.07794189453125,161.4291534423828,125.84178161621094,39.9304313659668,171.68296813964844,41.539485931396484,61.6596565246582,31.728384017944336,42.41017532348633,4.051537990570068,62.79655456542969,,93.45454406738281,9.999999747378752e-05
2018-12-03,227.85719299316406,164.2503204345703,127.31074523925781,40.5030403137207,175.30145263671875,42.54876708984375,61.9906120300293,32.35992431640625,43.892093658447266,4.215403079986572,62.894901275634766,,94.1181640625,9.999999747378752e-05
2018-12-04,220.78909301757812,157.95028686523438,123.15311431884766,39.51689910888672,168.56272888183594,40.43675231933594,61.07300567626953,31.76036262512207,41.961326599121094,3.894860029220581,63.04791259765625,,95.69384002685547,9.999999747378752e-05
2018-12-05,220.78909301757812,157.95028686523438,123.15311431884766,39.51689910888672,168.56272888183594,40.43675231933594,61.07300567626953,31.76036262512207,41.961326599121094,3.894860029220581,63.04791259765625,,95.69384002685547,9.999999747378752e-05
2018-12-06,220.22972106933594,159.06544494628906,123.0018081665039,39.190834045410156,169.0702362060547,40.68906784057617,62.58477020263672,31.50456428527832,41.49348449707031,3.9241130352020264,63.16071319580078,,95.99436950683594,9.999999747378752e-05
2018-12-07,215.11508178710938,153.81378173828125,120.09944152832031,38.6818733215332,163.22433471679688,39.34335708618164,61.76498031616211,30.873031616210938,40.013954162597656,3.6593494415283203,63.289608001708984,,96.1729965209961,9.999999747378752e-05
2018-12-08,215.11508178710938,153.81378173828125,120.09944152832031,38.6818733215332,163.22433471679688,39.34335708618164,61.76498031616211,30.873031616210938,40.013954162597656,3.6593494415283203,63.289608001708984,,96.1729965209961,9.999999747378752e-05
2018-12-09,215.11508178710938,153.81378173828125,120.09944152832031,38.6818733215332,163.22433471679688,39.34335708618164,61.76498031616211,30.873031616210938,40.013954162597656,3.6593494415283203,63.289608001708984,,96.1729965209961,9.999999747378752e-05
2018-12-10,215.3726043701172,155.4244842529297,120.23296356201172,38.34785079956055,165.38595581054688,39.754547119140625,61.36631774902344,30.513294219970703,40.277549743652344,3.7647101879119873,63.35405731201172,,96.57103729248047,9.999999747378752e-05
2018-12-11,215.43478393554688,155.93919372558594,120.20626831054688,38.475093841552734,165.4612579345703,39.67978286743164,61.396427154541016,30.8250675201416,40.04719924926758,3.673727035522461,63.36210632324219,,96.55480194091797,9.999999747378752e-05
2018-12-12,216.6246337890625,157.3116912841797,120.89181518554688,39.07950210571289,166.94615173339844,40.47413635253906,60.44873809814453,31.28871726989746,40.158817291259766,3.691328763961792,63.29764938354492,,96.12432861328125,9.999999747378752e-05
2018-12-13,216.55361938476562,157.3593292236328,120.5979995727539,39.023834228515625,166.95654296875,39.84799575805664,60.7980842590332,31.33668327331543,40.59815979003906,3.6910810470581055,63.34601974487305,,95.89688110351562,9.999999747378752e-05
2018-12-14,212.55783081054688,153.52783203125,118.51471710205078,38.48305130004883,163.0608673095703,39.034969329833984,60.62303924560547,30.94497299194336,39.29912185668945,3.63059139251709,63.40241241455078,,96.22990417480469,9.999999747378752e-05
2018-12-15,212.55783081054688,153.52783203125,118.51471710205078,38.48305130004883,163.0608673095703,39.034969329833984,60.62303924560547,30.94497299194336,39.29912185668945,3.63059139251709,63.40241241455078,,96.22990417480469,9.999999747378752e-05
2018-12-16,212.55783081054688,153.52783203125,118.51471710205078,38.48305130004883,163.0608673095703,39.034969329833984,60.62303924560547,30.94497299194336,39.29912185668945,3.63059139251709,63.40241241455078,,96.22990417480469,9.999999747378752e-05
2018-12-17,208.21810913085938,150.0489501953125,115.98634338378906,38.15699005126953,159.28787231445312,37.30609893798828,58.33967208862305,30.609222412109375,38.933387756347656,3.5594422817230225,63.52321243286133,,96.79032135009766,9.999999747378752e-05
2018-12-18,208.13775634765625,150.9925537109375,115.95072937011719,38.204708099365234,160.6178436279297,37.2780647277832,58.94096755981445,30.80107307434082,39.43923568725586,3.6427395343780518,63.619903564453125,,97.37001037597656,9.999999747378752e-05
2018-12-19,204.81668090820312,147.284912109375,114.17013549804688,37.76730728149414,157.3541717529297,36.7080078125,58.294010162353516,30.289457321166992,38.20905303955078,3.4337539672851562,63.73272705078125,,98.65633392333984,9.999999747378752e-05
2018-12-20,201.4510040283203,145.1499481201172,112.3272476196289,37.7195930480957,154.66587829589844,35.34360885620117,57.418739318847656,30.521276473999023,37.244873046875,3.3492181301116943,63.64409255981445,,98.29810333251953,9.999999747378752e-05
2018-12-21,197.4425506591797,140.6512451171875,109.94129943847656,37.13904571533203,149.883544921875,33.50259780883789,56.61955642700195,30.27347755432129,35.796207427978516,3.212125062942505,63.64409255981445,,98.28180694580078,9.999999747378752e-05
2018-12-22,197.4425506591797,140.6512451171875,109.94129943847656,37.13904571533203,149.883544921875,33.50259780883789,56.61955642700195,30.27347755432129,35.796207427978516,3.212125062942505,63.64409255981445,,98.28180694580078,9.999999747378752e-05
2018-12-23,197.4425506591797,140.6512451171875,109.94129943847656,37.13904571533203,149.883544921875,33.50259780883789,56.61955642700195,30.27347755432129,35.796207427978516,3.212125062942505,63.64409255981445,,98.28180694580078,9.999999747378752e-05
2018-12-24,192.005615234375,137.1633758544922,107.19296264648438,36.750003814697266,146.02565002441406,33.0259895324707,54.60258102416992,30.039241790771484,34.869998931884766,3.150397539138794,63.65860366821289,,98.77027893066406,9.999999747378752e-05
2018-12-25,192.005615234375,137.1633758544922,107.19296264648438,36.750003814697266,146.02565002441406,33.0259895324707,54.60258102416992,30.039241790771484,34.869998931884766,3.150397539138794,63.65860366821289,,98.77027893066406,9.999999747378752e-05
2018-12-26,201.7188262939453,145.72769165039062,112.35112762451172,37.65025329589844,154.84510803222656,35.06324768066406,56.42928695678711,30.570480346679688,37.32560729980469,3.2996370792388916,63.52132034301758,,97.71192169189453,9.999999747378752e-05
2018-12-27,203.5936279296875,146.29168701171875,113.36304473876953,37.65829086303711,156.11849975585938,35.10955047607422,56.42166519165039,30.506093978881836,37.083370208740234,3.2517900466918945,63.65860366821289,,97.72821044921875,9.999999747378752e-05
2018-12-28,203.33470153808594,146.2152099609375,113.21977233886719,37.86729431152344,155.7978057861328,35.466434478759766,56.604331970214844,30.723417282104492,37.102378845214844,3.3132708072662354,63.812076568603516,,98.55047607421875,9.999999747378752e-05
2018-12-29,203.33470153808594,146.2152099609375,113.21977233886719,37.86729431152344,155.7978057861328,35.466434478759766,56.604331970214844,30.723417282104492,37.102378845214844,3.3132708072662354,63.812076568603516,,98.55047607421875,9.999999747378752e-05
2018-12-30,203.33470153808594,146.2152099609375,113.21977233886719,37.86729431152344,155.7978057861328,35.466434478759766,56.604331970214844,30.723417282104492,37.102378845214844,3.3132708072662354,63.812076568603516,,98.55047607421875,9.999999747378752e-05
2018-12-31,205.16485595703125,147.4482421875,114.29438018798828,37.95570373535156,157.3636016845703,35.87154006958008,56.75654983520508,30.667072296142578,37.46097183227539,3.3095529079437256,63.973636627197266,,98.92498016357422,9.999999747378752e-05
2019-01-01,205.16485595703125,147.4482421875,114.29438018798828,37.95570373535156,157.3636016845703,35.87154006958008,56.75654983520508,30.667072296142578,37.46097183227539,3.3095529079437256,63.973636627197266,,98.92498016357422,9.999999747378752e-05
2019-01-02,205.32562255859375,148.04083251953125,114.38394165039062,37.88336944580078,157.4579315185547,36.093387603759766,55.52353286743164,30.803909301757812,37.50372314453125,3.376983880996704,64.1028060913086,,99.44599914550781,9.999999747378752e-05
2019-01-03,200.42430114746094,143.2042999267578,111.73321533203125,37.457359313964844,149.6760711669922,34.90699005126953,55.91172409057617,30.32096290588379,33.768089294433594,3.1729564666748047,64.3531723022461,,100.57764434814453,9.999999747378752e-05
2019-01-04,207.03965759277344,149.3312530517578,115.43168640136719,38.679134368896484,156.1845703125,37.06758117675781,56.5662727355957,31.27880859375,35.2096061706543,3.3762402534484863,64.15937805175781,,99.4134521484375,9.999999747378752e-05
2019-01-05,207.03965759277344,149.3312530517578,115.43168640136719,38.679134368896484,156.1845703125,37.06758117675781,56.5662727355957,31.27880859375,35.2096061706543,3.3762402534484863,64.15937805175781,,99.4134521484375,9.999999747378752e-05
2019-01-06,207.03965759277344,149.3312530517578,115.43168640136719,38.679134368896484,156.1845703125,37.06758117675781,56.5662727355957,31.27880859375,35.2096061706543,3.3762402534484863,64.15937805175781,,99.4134521484375,9.999999747378752e-05
2019-01-07,208.5930938720703,151.1090850830078,116.5958480834961,38.79971694946289,157.92958068847656,38.67837905883789,57.12188720703125,31.34318733215332,35.1312370300293,3.554980516433716,64.06243133544922,,99.1203384399414,9.999999747378752e-05
2019-01-08,210.61959838867188,152.47596740722656,117.79583740234375,39.08103561401367,159.4481658935547,38.794124603271484,58.30162048339844,31.520265579223633,35.80095291137695,3.466477870941162,63.98167419433594,,98.85983276367188,9.999999747378752e-05
2019-01-09,211.5926971435547,153.7185821533203,118.35108184814453,39.603515625,161.4385223388672,40.00945281982422,58.2178955078125,31.979076385498047,36.40891647338867,3.5346519947052,64.07052612304688,,98.70512390136719,9.999999747378752e-05
2019-01-10,212.4765625,154.158203125,118.93313598632812,39.73212432861328,162.19305419921875,40.212005615234375,59.00946044921875,32.22055435180664,36.525291442871094,3.6003472805023193,63.94129180908203,,98.07010650634766,9.999999747378752e-05
2019-01-11,212.37835693359375,153.59426879882812,118.96000671386719,39.47490310668945,162.09877014160156,40.29882049560547,59.17689514160156,32.01933288574219,36.16667938232422,3.689593553543091,64.07052612304688,,98.45276641845703,9.999999747378752e-05
2019-01-12,212.37835693359375,153.59426879882812,118.96000671386719,39.47490310668945,162.09877014160156,40.29882049560547,59.17689514160156,32.01933288574219,36.16667938232422,3.689593553543091,64.07052612304688,,98.45276641845703,9.999999747378752e-05
2019-01-13,212.37835693359375,153.59426879882812,118.96000671386719,39.47490310668945,162.09877014160156,40.29882049560547,59.17689514160156,32.01933288574219,36.16667938232422,3.689593553543091,64.07052612304688,,98.45276641845703,9.999999747378752e-05
2019-01-14,211.20880126953125,152.2370147705078,118.20777893066406,39.30610275268555,160.49522399902344,39.57540512084961,58.9790153503418,31.793947219848633,35.62283706665039,3.729506492614746,64.01399230957031,,98.08641052246094,9.999999747378752e-05
2019-01-15,213.6818084716797,155.20962524414062,119.497314453125,39.55527877807617,162.86279296875,40.78109359741211,59.54226303100586,32.00322341918945,36.35192108154297,3.715376138687134,64.02205657958984,,97.72821044921875,9.999999747378752e-05
2019-01-16,214.1549530029297,155.18099975585938,119.83763885498047,39.71605682373047,163.0325469970703,40.81003189086914,59.96084976196289,32.317134857177734,36.796016693115234,3.6898419857025146,64.0462875366211,,97.82591247558594,9.999999747378752e-05
2019-01-17,215.75299072265625,156.40451049804688,120.80476379394531,39.89288330078125,164.27767944335938,41.128326416015625,60.25008010864258,32.4700813293457,37.01451110839844,3.7612385749816895,63.973636627197266,,97.8503189086914,9.999999747378752e-05
2019-01-18,218.65444946289062,157.95294189453125,122.37191009521484,40.21440505981445,166.72073364257812,41.282657623291016,60.45558547973633,32.63911437988281,37.242488861083984,3.8903985023498535,63.92515563964844,,97.33743286132812,9.999999747378752e-05
2019-01-19,218.65444946289062,157.95294189453125,122.37191009521484,40.21440505981445,166.72073364257812,41.282657623291016,60.45558547973633,32.63911437988281,37.242488861083984,3.8903985023498535,63.92515563964844,,97.33743286132812,9.999999747378752e-05
2019-01-20,218.65444946289062,157.95294189453125,122.37191009521484,40.21440505981445,166.72073364257812,41.282657623291016,60.45558547973633,32.63911437988281,37.242488861083984,3.8903985023498535,63.92515563964844,,97.33743286132812,9.999999747378752e-05
2019-01-21,218.65444946289062,157.95294189453125,122.37191009521484,40.21440505981445,166.72073364257812,41.282657623291016,60.45558547973633,32.63911437988281,37.242488861083984,3.8903985023498535,63.92515563964844,,97.33743286132812,9.999999747378752e-05
2019-01-22,215.7440643310547,154.78909301757812,120.69731140136719,39.603515625,163.97589111328125,39.65256881713867,60.27292251586914,32.09176254272461,36.40655517578125,3.688105821609497,64.03823852539062,,97.99688720703125,9.999999747378752e-05
2019-01-23,216.06549072265625,154.9897918701172,120.82269287109375,39.84465789794922,164.36257934570312,39.257110595703125,60.2805290222168,32.405677795410156,36.55377960205078,3.7009971141815186,64.1028060913086,,97.95612335205078,9.999999747378752e-05
2019-01-24,216.2797088623047,155.99346923828125,121.07342529296875,39.98933792114258,166.05099487304688,40.10591125488281,60.48603439331055,32.67934799194336,36.26405334472656,3.912957191467285,64.24010467529297,,98.59930419921875,9.999999747378752e-05
2019-01-25,218.11880493164062,157.8573455810547,122.21072387695312,40.431434631347656,168.6260986328125,41.06081008911133,61.23955154418945,33.00131607055664,37.465736389160156,3.9702236652374268,64.16744232177734,,98.12712097167969,9.999999747378752e-05
2019-01-26,218.11880493164062,157.8573455810547,122.21072387695312,40.431434631347656,168.6260986328125,41.06081008911133,61.23955154418945,33.00131607055664,37.465736389160156,3.9702236652374268,64.16744232177734,,98.12712097167969,9.999999747378752e-05
2019-01-27,218.11880493164062,157.8573455810547,122.21072387695312,40.431434631347656,168.6260986328125,41.06081008911133,61.23955154418945,33.00131607055664,37.465736389160156,3.9702236652374268,64.16744232177734,,98.12712097167969,9.999999747378752e-05
2019-01-28,216.4314727783203,155.90745544433594,121.31519317626953,40.21440505981445,166.52259826660156,40.202362060546875,61.840816497802734,32.655208587646484,37.1190071105957,3.421358585357666,64.191650390625,,98.0294418334961,9.999999747378752e-05
2019-01-29,216.16366577148438,154.43548583984375,121.14505004882812,40.2947883605957,164.85305786132812,39.78760528564453,62.32792663574219,32.69544219970703,36.73426818847656,3.2624502182006836,64.32088470458984,,98.52605438232422,9.999999747378752e-05
2019-01-30,219.58291625976562,158.36395263671875,122.971923828125,40.77706527709961,169.5882110595703,40.771446228027344,62.83028030395508,33.27497863769531,39.24449157714844,3.405989408493042,64.38549041748047,,98.45276641845703,9.999999747378752e-05
2019-01-31,221.4130401611328,160.7344207763672,124.05548095703125,40.8654899597168,169.9372100830078,41.52379608154297,63.484840393066406,33.629150390625,39.527103424072266,3.56365704536438,64.6843490600586,,99.2994613647461,9.999999747378752e-05
2019-02-01,221.60060119628906,160.0557861328125,124.23454284667969,40.80118942260742,171.08802795410156,41.5816650390625,63.08145523071289,33.37962341308594,39.546104431152344,3.587951898574829,64.50462341308594,,98.6997299194336,9.999999747378752e-05
2019-02-02,221.60060119628906,160.0557861328125,124.23454284667969,40.80118942260742,171.08802795410156,41.5816650390625,63.08145523071289,33.37962341308594,39.546104431152344,3.587951898574829,64.50462341308594,,98.6997299194336,9.999999747378752e-05
2019-02-03,221.60060119628906,160.0557861328125,124.23454284667969,40.80118942260742,171.08802795410156,41.5816650390625,63.08145523071289,33.37962341308594,39.546104431152344,3.587951898574829,64.50462341308594,,98.6997299194336,9.999999747378752e-05
2019-02-04,223.1807861328125,162.04388427734375,125.12112426757812,40.93783950805664,173.77630615234375,42.24720764160156,63.55332565307617,33.45206832885742,40.66941833496094,3.698270559310913,64.44791412353516,,98.25911712646484,9.999999747378752e-05
2019-02-05,224.17166137695312,163.47775268554688,125.64054870605469,41.29954528808594,175.21002197265625,42.36294937133789,63.91866683959961,33.83037185668945,41.365238189697266,3.7173590660095215,64.5855484008789,,98.7079086303711,9.999999747378752e-05
2019-02-06,223.89492797851562,162.990234375,125.51519012451172,41.01017761230469,175.8231201171875,42.401527404785156,63.500057220458984,33.427921295166016,41.379486083984375,3.7929701805114746,64.56126403808594,,98.75682830810547,9.999999747378752e-05
2019-02-07,221.69874572753906,160.80133056640625,124.32412719726562,40.471622467041016,173.44615173339844,40.98365020751953,64.02522277832031,33.11399841308594,40.59579849243164,3.6546387672424316,64.60987854003906,,99.40963745117188,9.999999747378752e-05
2019-02-08,221.9844207763672,161.1167449951172,124.44953155517578,40.31890106201172,174.5686492919922,41.46592712402344,64.02522277832031,32.98522186279297,40.643489837646484,3.6732327938079834,64.70697784423828,,99.83390808105469,9.999999747378752e-05
2019-02-09,221.9844207763672,161.1167449951172,124.44953155517578,40.31890106201172,174.5686492919922,41.46592712402344,64.02522277832031,32.98522186279297,40.643489837646484,3.6732327938079834,64.70697784423828,,99.83390808105469,9.999999747378752e-05
2019-02-10,221.9844207763672,161.1167449951172,124.44953155517578,40.31890106201172,174.5686492919922,41.46592712402344,64.02522277832031,32.98522186279297,40.643489837646484,3.6732327938079834,64.70697784423828,,99.83390808105469,9.999999747378752e-05
2019-02-11,222.1005096435547,160.9638671875,124.70918273925781,40.23851776123047,174.66294860839844,41.88067626953125,64.2002944946289,32.79204177856445,40.40974426269531,3.63059139251709,64.68272399902344,,99.44226837158203,9.999999747378752e-05
2019-02-12,224.9751739501953,163.34388732910156,126.26738739013672,40.66453552246094,177.03050231933594,42.681251525878906,63.7968864440918,33.11399841308594,40.75797653198242,3.7476041316986084,64.67463684082031,,99.18930053710938,9.999999747378752e-05
2019-02-13,225.65367126464844,163.45858764648438,126.66140747070312,40.6082763671875,177.30406188964844,42.960968017578125,64.12419128417969,32.880577087402344,40.58863830566406,3.7899961471557617,64.57747650146484,,98.81394958496094,9.999999747378752e-05
2019-02-14,225.15370178222656,163.6593017578125,126.43753814697266,40.62434387207031,177.7190704345703,43.076717376708984,64.32965850830078,32.944969177246094,40.73650360107422,3.830900192260742,64.69081115722656,,99.37700653076172,9.999999747378752e-05
2019-02-15,227.6356201171875,164.34750366210938,127.82559204101562,41.0342903137207,179.077392578125,43.587921142578125,64.76351165771484,32.88862228393555,40.6458854675293,3.900562047958374,64.71507263183594,,99.53201293945312,9.999999747378752e-05
2019-02-16,227.6356201171875,164.34750366210938,127.82559204101562,41.0342903137207,179.077392578125,43.587921142578125,64.76351165771484,32.88862228393555,40.6458854675293,3.900562047958374,64.71507263183594,,99.53201293945312,9.999999747378752e-05
2019-02-17,227.6356201171875,164.34750366210938,127.82559204101562,41.0342903137207,179.077392578125,43.587921142578125,64.76351165771484,32.88862228393555,40.6458854675293,3.900562047958374,64.71507263183594,,99.53201293945312,9.999999747378752e-05
2019-02-18,227.6356201171875,164.34750366210938,127.82559204101562,41.0342903137207,179.077392578125,43.587921142578125,64.76351165771484,32.88862228393555,40.6458854675293,3.900562047958374,64.71507263183594,,99.53201293945312,9.999999747378752e-05
2019-02-19,228.0284423828125,164.6724853515625,128.07640075683594,41.25131607055664,179.2189178466797,43.61686325073242,64.74830627441406,33.2266845703125,40.76750564575195,3.883208751678467,64.77177429199219,,99.78497314453125,9.999999747378752e-05
2019-02-20,228.5551300048828,164.64381408691406,128.3450164794922,41.44422149658203,179.47354125976562,43.97374725341797,64.34489440917969,33.37156677246094,41.02986145019531,3.930558681488037,64.74746704101562,,99.49935150146484,9.999999747378752e-05
2019-02-21,227.72486877441406,164.04164123535156,127.9062271118164,41.31562805175781,179.43580627441406,43.11530303955078,64.40579223632812,33.299129486083984,40.798519134521484,3.861640453338623,64.61795806884766,,98.60997772216797,9.999999747378752e-05
2019-02-22,229.09078979492188,165.25558471679688,128.74798583984375,41.57284164428711,181.83172607421875,44.147361755371094,64.78634643554688,33.67743682861328,41.25405502319336,3.946425199508667,64.76365661621094,,99.19747924804688,9.999999747378752e-05
2019-02-23,229.09078979492188,165.25558471679688,128.74798583984375,41.57284164428711,181.83172607421875,44.147361755371094,64.78634643554688,33.67743682861328,41.25405502319336,3.946425199508667,64.76365661621094,,99.19747924804688,9.999999747378752e-05
2019-02-24,229.09078979492188,165.25558471679688,128.74798583984375,41.57284164428711,181.83172607421875,44.147361755371094,64.78634643554688,33.67743682861328,41.25405502319336,3.946425199508667,64.76365661621094,,99.19747924804688,9.999999747378752e-05
2019-02-25,229.4300537109375,165.85777282714844,128.9359893798828,41.757713317871094,182.6805877685547,44.74538040161133,64.2763900756836,34.12818908691406,41.55458068847656,3.934030055999756,64.73944854736328,,98.90370178222656,9.999999747378752e-05
2019-02-26,229.2603759765625,166.02978515625,128.6942596435547,41.90240478515625,182.9730682373047,44.40779113769531,64.07850646972656,34.02354431152344,41.578433990478516,3.8946125507354736,64.82845306396484,,99.3932876586914,9.999999747378752e-05
2019-02-27,229.1443328857422,165.9246368408203,128.73904418945312,41.701446533203125,182.9730682373047,45.06368637084961,63.75884246826172,33.7579345703125,41.707210540771484,3.8527159690856934,64.69889831542969,,98.26726531982422,9.999999747378752e-05
2019-02-28,228.60873413085938,165.5423583984375,128.4703369140625,41.53264617919922,182.38821411132812,44.90935516357422,63.9262809753418,33.50035095214844,41.296993255615234,3.8281476497650146,64.62603759765625,,97.93270874023438,9.999999747378752e-05
2019-03-01,230.17994689941406,166.68931579589844,129.33006286621094,41.64519119262695,183.55784606933594,45.14085006713867,63.728397369384766,33.54059982299805,41.731056213378906,3.882495641708374,64.42642974853516,,97.02753448486328,9.999999747378752e-05
2019-03-02,230.17994689941406,166.68931579589844,129.33006286621094,41.64519119262695,183.55784606933594,45.14085006713867,63.728397369384766,33.54059982299805,41.731056213378906,3.882495641708374,64.42642974853516,,97.02753448486328,9.999999747378752e-05
2019-03-03,230.17994689941406,166.68931579589844,129.33006286621094,41.64519119262695,183.55784606933594,45.14085006713867,63.728397369384766,33.54059982299805,41.731056213378906,3.882495641708374,64.42642974853516,,97.02753448486328,9.999999747378752e-05
2019-03-04,229.29611206054688,166.71803283691406,128.73004150390625,41.596954345703125,182.50143432617188,44.5910530090332,64.01760864257812,33.66133117675781,41.94095230102539,3.890685558319092,64.54000091552734,,97.78799438476562,9.999999747378752e-05
2019-03-05,229.0283203125,166.84230041503906,128.48826599121094,41.67732620239258,181.8883056640625,44.71644973754883,64.19267272949219,34.05575180053711,41.86463928222656,3.884233236312866,64.5887222290039,,97.99237060546875,9.999999747378752e-05
2019-03-06,227.56419372558594,165.89599609375,127.51213836669922,41.540687561035156,180.70921325683594,43.75189971923828,63.895816802978516,33.8867073059082,41.623741149902344,3.7733049392700195,64.66989135742188,,98.3521957397461,9.999999747378752e-05
2019-03-07,225.73402404785156,163.86004638671875,126.51811218261719,40.986080169677734,179.14344787597656,42.989906311035156,63.75884246826172,33.33937072753906,41.1419677734375,3.7040669918060303,64.85648345947266,,98.98999786376953,9.999999747378752e-05
2019-03-08,225.2787322998047,163.6114959716797,126.2584457397461,40.89763641357422,179.1622772216797,43.26962661743164,63.82734298706055,33.097904205322266,41.23974609375,3.738313674926758,64.93763732910156,,99.40702056884766,9.999999747378752e-05
2019-03-09,225.2787322998047,163.6114959716797,126.2584457397461,40.89763641357422,179.1622772216797,43.26962661743164,63.82734298706055,33.097904205322266,41.23974609375,3.738313674926758,64.93763732910156,,99.40702056884766,9.999999747378752e-05
2019-03-10,225.2787322998047,163.6114959716797,126.2584457397461,40.89763641357422,179.1622772216797,43.26962661743164,63.82734298706055,33.097904205322266,41.23974609375,3.738313674926758,64.93763732910156,,99.40702056884766,9.999999747378752e-05
2019-03-11,228.5640411376953,167.01431274414062,128.11216735839844,41.379920959472656,183.0956573486328,44.77431869506836,64.76351165771484,33.77402877807617,42.66838836669922,3.998882293701172,64.90520477294922,,99.11262512207031,9.999999747378752e-05
2019-03-12,229.37649536132812,167.9319305419922,128.54200744628906,41.44422149658203,184.001220703125,44.899715423583984,65.06036376953125,33.91086196899414,43.14778137207031,4.033130645751953,65.05938720703125,,99.80772399902344,9.999999747378752e-05
2019-03-13,230.93878173828125,169.19369506835938,129.36585998535156,41.701446533203125,185.15194702148438,45.27588653564453,65.38001251220703,33.983299255371094,43.338592529296875,4.184509754180908,65.02689361572266,,99.61963653564453,9.999999747378752e-05
2019-03-14,230.8584747314453,168.90692138671875,129.25839233398438,41.63713836669922,185.51983642578125,44.98651885986328,65.47896575927734,33.80622863769531,43.82035827636719,4.108570575714111,64.97013854980469,,98.90003204345703,9.999999747378752e-05
2019-03-15,231.9833526611328,170.47445678710938,129.85841369628906,42.063167572021484,187.60446166992188,45.32411575317383,65.2734603881836,34.26503372192383,44.390384674072266,4.214040756225586,65.09183502197266,,99.55421447753906,9.999999747378752e-05
2019-03-16,231.9833526611328,170.47445678710938,129.85841369628906,42.063167572021484,187.60446166992188,45.32411575317383,65.2734603881836,34.26503372192383,44.390384674072266,4.214040756225586,65.09183502197266,,99.55421447753906,9.999999747378752e-05
2019-03-17,231.9833526611328,170.47445678710938,129.85841369628906,42.063167572021484,187.60446166992188,45.32411575317383,65.2734603881836,34.26503372192383,44.390384674072266,4.214040756225586,65.09183502197266,,99.55421447753906,9.999999747378752e-05
2019-03-18,232.81361389160156,170.8804473876953,130.34201049804688,42.30429458618164,188.3212890625,45.18907165527344,64.9461898803711,34.65138244628906,44.84354782104492,4.192698955535889,65.05127716064453,,99.4969253540039,9.999999747378752e-05
2019-03-19,232.88499450683594,171.45501708984375,130.31509399414062,42.344486236572266,188.7740936279297,45.31447219848633,64.74830627441406,34.659427642822266,44.48817825317383,4.360454082489014,65.01880645751953,,99.27619934082031,9.999999747378752e-05
2019-03-20,232.05477905273438,172.13491821289062,129.77783203125,42.35253143310547,188.19871520996094,45.43021011352539,64.9461898803711,34.65138244628906,44.87693786621094,4.327946186065674,65.30286407470703,,100.3146743774414,9.999999747378752e-05
2019-03-21,234.7077178955078,174.82574462890625,131.30020141601562,42.360572814941406,192.88845825195312,46.365821838378906,66.10307312011719,34.73187255859375,46.52977752685547,4.564692497253418,65.31907653808594,,100.5354232788086,9.999999747378752e-05
2019-03-22,230.2457275390625,170.98580932617188,128.5598907470703,41.4522705078125,187.98770141601562,44.41743850708008,65.62358093261719,33.685482025146484,45.566219329833984,4.404877185821533,65.67613983154297,,102.09722900390625,9.999999747378752e-05
2019-03-23,230.2457275390625,170.98580932617188,128.5598907470703,41.4522705078125,187.98770141601562,44.41743850708008,65.62358093261719,33.685482025146484,45.566219329833984,4.404877185821533,65.67613983154297,,102.09722900390625,9.999999747378752e-05
2019-03-24,230.2457275390625,170.98580932617188,128.5598907470703,41.4522705078125,187.98770141601562,44.41743850708008,65.62358093261719,33.685482025146484,45.566219329833984,4.404877185821533,65.67613983154297,,102.09722900390625,9.999999747378752e-05
2019-03-25,230.0392303466797,170.66024780273438,128.47166442871094,41.489356994628906,187.22134399414062,44.320987701416016,65.70730590820312,33.840335845947266,45.01526641845703,4.312559604644775,65.75727844238281,,102.26075744628906,9.999999747378752e-05
2019-03-26,231.70016479492188,171.45501708984375,129.46209716796875,41.73128128051758,188.3093719482422,44.51389694213867,66.23246002197266,33.95323944091797,44.550193786621094,4.389243125915527,65.77352905273438,,102.18717193603516,9.999999747378752e-05
2019-03-27,230.62278747558594,170.35379028320312,128.8678436279297,41.60225296020508,187.1267547607422,44.031620025634766,66.04218292236328,33.58224868774414,44.95087432861328,4.380061149597168,65.89525604248047,,103.12751007080078,9.999999747378752e-05
2019-03-28,231.5205841064453,170.7464141845703,129.43507385253906,41.62645721435547,187.91201782226562,44.50424575805664,66.68302917480469,33.87260055541992,45.01049041748047,4.398673057556152,65.92772674560547,,103.4873046875,9.999999747378752e-05
2019-03-29,233.0109100341797,172.03915405273438,130.2904052734375,41.85225296020508,189.8136749267578,45.07332992553711,66.62171173095703,34.27583312988281,45.303863525390625,4.455997943878174,65.87904357910156,,103.38915252685547,9.999999747378752e-05
2019-03-30,233.0109100341797,172.03915405273438,130.2904052734375,41.85225296020508,189.8136749267578,45.07332992553711,66.62171173095703,34.27583312988281,45.303863525390625,4.455997943878174,65.87904357910156,,103.38915252685547,9.999999747378752e-05
2019-03-31,233.0109100341797,172.03915405273438,130.2904052734375,41.85225296020508,189.8136749267578,45.07332992553711,66.62171173095703,34.27583312988281,45.303863525390625,4.455997943878174,65.87904357910156,,103.38915252685547,9.999999747378752e-05
2019-04-01,235.6953125,174.3181915283203,131.80294799804688,42.39254379272461,192.47216796875,45.74851608276367,66.58336639404297,34.7919921875,45.61153030395508,4.523499488830566,65.61866760253906,,101.92066955566406,9.999999747378752e-05
2019-04-02,235.77606201171875,174.97891235351562,131.79400634765625,42.4328498840332,193.02085876464844,46.11504364013672,67.0510025024414,34.68714141845703,46.274574279785156,4.541367053985596,65.65125274658203,,102.10913848876953,9.999999747378752e-05
2019-04-03,236.21600341796875,175.98439025878906,132.10910034179688,42.69895935058594,194.648193359375,47.05065155029297,66.97431945800781,34.856510162353516,46.59178161621094,4.680833339691162,65.56173706054688,,101.22407531738281,9.999999747378752e-05
2019-04-04,236.7815704345703,175.91738891601562,132.38821411132812,42.739288330078125,193.60745239257812,46.42369842529297,66.86701965332031,35.08232116699219,46.672874450683594,4.671898365020752,65.62683868408203,,101.51090240478516,9.999999747378752e-05
2019-04-05,237.92173767089844,176.8270721435547,133.0544891357422,42.852176666259766,194.5251922607422,47.17604064941406,67.33460235595703,35.364593505859375,46.98530960083008,4.738654613494873,65.67564392089844,,101.64205169677734,9.999999747378752e-05
2019-04-06,237.92173767089844,176.8270721435547,133.0544891357422,42.852176666259766,194.5251922607422,47.17604064941406,67.33460235595703,35.364593505859375,46.98530960083008,4.738654613494873,65.67564392089844,,101.64205169677734,9.999999747378752e-05
2019-04-07,237.92173767089844,176.8270721435547,133.0544891357422,42.852176666259766,194.5251922607422,47.17604064941406,67.33460235595703,35.364593505859375,46.98530960083008,4.738654613494873,65.67564392089844,,101.64205169677734,9.999999747378752e-05
2019-04-08,238.12820434570312,177.27713012695312,133.1715087890625,42.844112396240234,195.30099487304688,47.07958984375,66.95897674560547,35.34040069580078,47.72468566894531,4.759500503540039,65.61056518554688,,101.28144836425781,9.999999747378752e-05
2019-04-09,236.8624267578125,176.65472412109375,132.37026977539062,42.70702362060547,194.40220642089844,46.587669372558594,66.60639190673828,35.29201126098633,47.58156204223633,4.696714878082275,65.70816802978516,,101.6010513305664,9.999999747378752e-05
2019-04-10,237.67933654785156,177.6027374267578,132.98245239257812,42.8360481262207,195.9537353515625,47.24356460571289,67.21961212158203,35.46138000488281,47.848690032958984,4.767193794250488,65.79763793945312,,101.846923828125,9.999999747378752e-05
2019-04-11,237.63446044921875,177.1813507080078,132.97349548339844,42.69090270996094,195.8592071533203,46.635894775390625,67.17363739013672,35.05006408691406,47.45039367675781,4.753296852111816,65.68376159667969,,101.24870300292969,9.999999747378752e-05
2019-04-12,239.2415771484375,177.94744873046875,133.86485290527344,43.01345443725586,197.1269073486328,46.742000579833984,67.49559020996094,35.267818450927734,47.431312561035156,4.715328693389893,65.56173706054688,,100.52753448486328,9.999999747378752e-05
2019-04-13,239.2415771484375,177.94744873046875,133.86485290527344,43.01345443725586,197.1269073486328,46.742000579833984,67.49559020996094,35.267818450927734,47.431312561035156,4.715328693389893,65.56173706054688,,100.52753448486328,9.999999747378752e-05
2019-04-14,239.2415771484375,177.94744873046875,133.86485290527344,43.01345443725586,197.1269073486328,46.742000579833984,67.49559020996094,35.267818450927734,47.431312561035156,4.715328693389893,65.56173706054688,,100.52753448486328,9.999999747378752e-05
2019-04-15,239.0799102783203,177.97613525390625,133.75677490234375,42.97314453125,197.1269073486328,46.25007629394531,67.150634765625,35.08232116699219,47.51716995239258,4.583553791046143,65.57801818847656,,100.78157043457031,9.999999747378752e-05
2019-04-16,239.25051879882812,178.58900451660156,133.7927703857422,43.13441467285156,197.97840881347656,46.56837463378906,65.63284301757812,35.364593505859375,47.521942138671875,4.670658588409424,65.464111328125,,100.15052795410156,9.999999747378752e-05
2019-04-17,238.6669464111328,179.21145629882812,133.29759216308594,43.18280792236328,198.68795776367188,45.38198471069336,65.034912109375,35.453311920166016,48.44734573364258,4.6478271484375,65.464111328125,,100.1915283203125,9.999999747378752e-05
2019-04-18,239.11581420898438,179.44125366210938,133.4956512451172,43.150543212890625,199.0474395751953,45.420570373535156,65.533203125,35.49363708496094,48.62145233154297,4.623260974884033,65.55360412597656,,100.71602630615234,9.999999747378752e-05
2019-04-19,239.11581420898438,179.44125366210938,133.4956512451172,43.150543212890625,199.0474395751953,45.420570373535156,65.533203125,35.49363708496094,48.62145233154297,4.623260974884033,65.55360412597656,,100.71602630615234,9.999999747378752e-05
2019-04-20,239.11581420898438,179.44125366210938,133.4956512451172,43.150543212890625,199.0474395751953,45.420570373535156,65.533203125,35.49363708496094,48.62145233154297,4.623260974884033,65.55360412597656,,100.71602630615234,9.999999747378752e-05
2019-04-21,239.11581420898438,179.44125366210938,133.4956512451172,43.150543212890625,199.0474395751953,45.420570373535156,65.533203125,35.49363708496094,48.62145233154297,4.623260974884033,65.55360412597656,,100.71602630615234,9.999999747378752e-05
2019-04-22,239.3492431640625,179.94879150390625,133.5316925048828,43.069908142089844,199.6624298095703,45.57489013671875,64.8126220703125,35.28395080566406,48.781246185302734,4.67711067199707,65.48856353759766,,100.23248291015625,9.999999747378752e-05
2019-04-23,241.41416931152344,182.2373809814453,134.87318420410156,43.174739837646484,201.96144104003906,46.71306228637695,65.6711654663086,35.364593505859375,49.484832763671875,4.7317047119140625,65.6023941040039,,100.4455337524414,9.999999747378752e-05
2019-04-24,240.9383544921875,181.6628875732422,134.69313049316406,42.76347351074219,202.0938720703125,46.307952880859375,66.15410614013672,34.95328903198242,49.408512115478516,4.744115352630615,65.77326965332031,,101.26504516601562,9.999999747378752e-05
2019-04-25,240.84852600097656,182.40017700195312,134.4680633544922,42.69090270996094,201.8384552001953,45.8931999206543,66.01611328125,34.88876724243164,48.96012496948242,4.638396739959717,65.75697326660156,,101.1175537109375,9.999999747378752e-05
2019-04-26,241.95285034179688,182.56292724609375,135.1973114013672,42.91669845581055,201.41268920898438,45.999298095703125,66.53739166259766,35.05006408691406,48.72639083862305,4.419517993927002,65.90342712402344,,101.46175384521484,9.999999747378752e-05
2019-04-27,241.95285034179688,182.56292724609375,135.1973114013672,42.91669845581055,201.41268920898438,45.999298095703125,66.53739166259766,35.05006408691406,48.72639083862305,4.419517993927002,65.90342712402344,,101.46175384521484,9.999999747378752e-05
2019-04-28,241.95285034179688,182.56292724609375,135.1973114013672,42.91669845581055,201.41268920898438,45.999298095703125,66.53739166259766,35.05006408691406,48.72639083862305,4.419517993927002,65.90342712402344,,101.46175384521484,9.999999747378752e-05
2019-04-29,242.258056640625,182.91729736328125,135.39541625976562,43.02152633666992,201.5451202392578,46.09575271606445,65.88580322265625,34.98554992675781,48.800323486328125,4.450289726257324,65.76512908935547,,100.81434631347656,9.999999747378752e-05
2019-04-30,242.41075134277344,181.50003051757812,135.40443420410156,43.01345443725586,201.9046173095703,45.545963287353516,66.5143814086914,35.00975036621094,47.86061477661133,4.491733074188232,65.86275482177734,,101.33062744140625,9.999999747378752e-05
2019-05-01,240.64212036132812,180.9159393310547,134.3960418701172,42.78767776489258,201.1288299560547,45.121559143066406,66.56803131103516,34.816184997558594,50.20989990234375,4.478582859039307,65.8668441772461,,101.74858856201172,9.999999747378752e-05
2019-05-02,240.16627502441406,180.13072204589844,134.17092895507812,42.72316360473633,200.20166015625,45.343406677246094,66.63703918457031,34.86457443237305,49.88313293457031,4.546082496643066,65.72006225585938,,101.26412963867188,9.999999747378752e-05
2019-05-03,242.44659423828125,183.0034637451172,135.62046813964844,43.15861511230469,202.16957092285156,46.674476623535156,67.20428466796875,35.31621551513672,50.50324249267578,4.5416154861450195,65.84235382080078,,101.5514907836914,9.999999747378752e-05
2019-05-04,242.44659423828125,183.0034637451172,135.62046813964844,43.15861511230469,202.16957092285156,46.674476623535156,67.20428466796875,35.31621551513672,50.50324249267578,4.5416154861450195,65.84235382080078,,101.5514907836914,9.999999747378752e-05
2019-05-05,242.44659423828125,183.0034637451172,135.62046813964844,43.15861511230469,202.16957092285156,46.674476623535156,67.20428466796875,35.31621551513672,50.50324249267578,4.5416154861450195,65.84235382080078,,101.5514907836914,9.999999747378752e-05
2019-05-06,241.48594665527344,181.88308715820312,135.18832397460938,42.63446044921875,200.8072052001953,47.089237213134766,66.98965454101562,34.56616973876953,49.72333908081055,4.463193416595459,65.9238510131836,,101.83072662353516,9.999999747378752e-05
2019-05-07,237.57164001464844,178.3400115966797,132.85643005371094,41.90869903564453,196.54037475585938,45.62312316894531,65.77847290039062,33.91291809082031,48.38294219970703,4.295934200286865,66.02178192138672,,102.61090087890625,9.999999747378752e-05
2019-05-08,237.1047821044922,177.8899688720703,132.64035034179688,41.94900894165039,196.1808319091797,44.783966064453125,65.70950317382812,33.8242073059082,48.392478942871094,4.316035270690918,65.97283172607422,,102.16741943359375,9.999999747378752e-05
2019-05-09,236.37759399414062,176.9324493408203,132.2171630859375,41.610321044921875,194.86573791503906,44.39814376831055,65.87813568115234,33.3483772277832,47.872562408447266,4.223468780517578,66.0380630493164,,102.58625793457031,9.999999747378752e-05
2019-05-10,237.4818115234375,177.1526336669922,132.82940673828125,41.9167594909668,195.41448974609375,44.60070037841797,66.58336639404297,33.622581481933594,47.209346771240234,4.189472198486328,66.0299301147461,,102.44666290283203,9.999999747378752e-05
2019-05-11,237.4818115234375,177.1526336669922,132.82940673828125,41.9167594909668,195.41448974609375,44.60070037841797,66.58336639404297,33.622581481933594,47.209346771240234,4.189472198486328,66.0299301147461,,102.44666290283203,9.999999747378752e-05
2019-05-12,237.4818115234375,177.1526336669922,132.82940673828125,41.9167594909668,195.41448974609375,44.60070037841797,66.58336639404297,33.622581481933594,47.209346771240234,4.189472198486328,66.0299301147461,,102.44666290283203,9.999999747378752e-05
2019-05-13,231.65524291992188,171.0049591064453,129.47105407714844,40.868431091308594,187.83628845214844,42.1411018371582,66.5143814086914,32.48542022705078,44.465553283691406,3.9321279525756836,66.16858673095703,,103.25140380859375,9.999999747378752e-05
2019-05-14,233.66629028320312,172.8818359375,130.64151000976562,41.279693603515625,190.98678588867188,42.95132064819336,66.75967407226562,32.93706130981445,45.16946029663086,4.0212178230285645,66.20930480957031,,102.94758605957031,9.999999747378752e-05
2019-05-15,235.04884338378906,175.32363891601562,131.4158477783203,41.408721923828125,192.94520568847656,43.4721794128418,67.21195220947266,33.02578353881836,45.710567474365234,3.9601712226867676,66.30719757080078,,103.57991790771484,9.999999747378752e-06
2019-05-16,237.20350646972656,177.0856170654297,132.6042938232422,41.60225296020508,194.9414520263672,43.67473602294922,67.4802474975586,32.94512939453125,45.50944519042969,3.9753081798553467,66.20930480957031,,103.2349624633789,9.999999747378752e-06
2019-05-17,235.76710510253906,175.2757568359375,131.66795349121094,41.2554931640625,193.001953125,42.401527404785156,67.34991455078125,32.316070556640625,45.25087356567383,3.8844807147979736,66.22563934326172,,103.46495819091797,9.999999747378752e-06
2019-05-18,235.76710510253906,175.2757568359375,131.66795349121094,41.2554931640625,193.001953125,42.401527404785156,67.34991455078125,32.316070556640625,45.25087356567383,3.8844807147979736,66.22563934326172,,103.46495819091797,9.999999747378752e-06
2019-05-19,235.76710510253906,175.2757568359375,131.66795349121094,41.2554931640625,193.001953125,42.401527404785156,67.34991455078125,32.316070556640625,45.25087356567383,3.8844807147979736,66.22563934326172,,103.46495819091797,9.999999747378752e-06
2019-05-20,234.16009521484375,172.31687927246094,130.7315673828125,41.0942268371582,189.62442016601562,41.40804672241211,66.37639617919922,32.203155517578125,43.835880279541016,3.765859603881836,66.14412689208984,,103.25140380859375,9.999999747378752e-06
2019-05-21,236.1441650390625,174.1170654296875,132.01004028320312,41.3683967590332,192.2166748046875,42.343658447265625,66.94365692138672,32.63866424560547,44.67626190185547,3.8480007648468018,66.11148834228516,,103.08716583251953,9.999999747378752e-05
2019-05-22,235.49783325195312,173.3414764404297,131.5328826904297,41.2313232421875,191.052978515625,41.69741439819336,67.14297485351562,32.50155258178711,43.761653900146484,3.777026653289795,66.23382568359375,,103.678466796875,9.999999747378752e-05
2019-05-23,232.74156188964844,170.68898010253906,129.85824584960938,40.811981201171875,187.58087158203125,40.549598693847656,67.2962875366211,32.09025192260742,43.01467514038086,3.655923366546631,66.47029876708984,,104.84458923339844,9.999999747378752e-05
2019-05-24,233.1455841064453,170.602783203125,130.17337036132812,41.14261245727539,187.73223876953125,40.646053314208984,67.50325775146484,32.138633728027344,42.849464416503906,3.6020727157592773,66.47029876708984,,104.93486785888672,9.999999747378752e-05
2019-05-25,233.1455841064453,170.602783203125,130.17337036132812,41.14261245727539,187.73223876953125,40.646053314208984,67.50325775146484,32.138633728027344,42.849464416503906,3.6020727157592773,66.47029876708984,,104.93486785888672,9.999999747378752e-05
2019-05-26,233.1455841064453,170.602783203125,130.17337036132812,41.14261245727539,187.73223876953125,40.646053314208984,67.50325775146484,32.138633728027344,42.849464416503906,3.6020727157592773,66.47029876708984,,104.93486785888672,9.999999747378752e-05
2019-05-27,233.1455841064453,170.602783203125,130.17337036132812,41.14261245727539,187.73223876953125,40.646053314208984,67.50325775146484,32.138633728027344,42.849464416503906,3.6020727157592773,66.47029876708984,,104.93486785888672,9.999999747378752e-05
2019-05-28,231.05369567871094,169.961181640625,129.02987670898438,40.884552001953125,187.14564514160156,40.40491485595703,66.83633422851562,32.235416412353516,42.67229080200195,3.5569074153900146,66.60893249511719,,105.69044494628906,9.999999747378752e-05
2019-05-29,229.4646453857422,168.5631103515625,128.14756774902344,40.74747085571289,185.8873748779297,40.04803466796875,65.94713592529297,32.50962448120117,42.468780517578125,3.4827067852020264,66.59256744384766,,106.01071166992188,9.999999747378752e-05
2019-05-30,230.10206604003906,169.27174377441406,128.399658203125,40.89262008666992,186.98484802246094,40.327754974365234,66.22310638427734,32.65480422973633,42.68904495239258,3.456122636795044,66.7719955444336,,106.92228698730469,9.999999747378752e-05
2019-05-31,227.02267456054688,166.57139587402344,126.67095184326172,40.682960510253906,183.97622680664062,39.286041259765625,66.60639190673828,32.77576446533203,41.91572570800781,3.365440607070923,67.0655746459961,,108.26082611083984,9.999999747378752e-05
2019-06-01,227.02267456054688,166.57139587402344,126.67095184326172,40.682960510253906,183.97622680664062,39.286041259765625,66.60639190673828,32.77576446533203,41.91572570800781,3.365440607070923,67.0655746459961,,108.26082611083984,9.999999747378752e-05
2019-06-02,227.02267456054688,166.57139587402344,126.67095184326172,40.682960510253906,183.97622680664062,39.286041259765625,66.60639190673828,32.77576446533203,41.91572570800781,3.365440607070923,67.0655746459961,,108.26082611083984,9.999999747378752e-05
2019-06-03,226.34933471679688,162.90379333496094,126.41886138916016,40.932945251464844,180.6271514892578,38.71696090698242,66.76734924316406,32.969329833984375,41.49193572998047,3.3237016201019287,67.25603485107422,,108.98502349853516,9.999999747378752e-05
2019-06-04,231.3320770263672,167.49069213867188,129.25502014160156,41.33614730834961,186.6253662109375,40.31810760498047,66.46841430664062,32.977386474609375,43.0098762512207,3.5527679920196533,67.14161682128906,,107.74240112304688,9.999999747378752e-05
2019-06-05,233.28921508789062,168.73553466796875,130.2454071044922,41.23937225341797,189.037841796875,40.61711502075195,67.85586547851562,32.73543167114258,43.70420455932617,3.510035991668701,67.14161682128906,,107.13346862792969,9.999999747378752e-05
2019-06-06,234.8064727783203,170.0760955810547,130.9746551513672,41.33614730834961,191.12872314453125,40.636409759521484,67.98617553710938,32.72737503051758,44.34585189819336,3.5721466541290283,67.1252670288086,,107.47911834716797,9.999999747378752e-05
2019-06-07,237.149658203125,173.3606414794922,132.16314697265625,41.81192398071289,194.46839904785156,41.67811965942383,68.23914337158203,32.96125411987305,45.52620315551758,3.614879608154297,67.30508422851562,,108.4089584350586,9.999999747378752e-05
2019-06-08,237.149658203125,173.3606414794922,132.16314697265625,41.81192398071289,194.46839904785156,41.67811965942383,68.23914337158203,32.96125411987305,45.52620315551758,3.614879608154297,67.30508422851562,,108.4089584350586,9.999999747378752e-05
2019-06-09,237.149658203125,173.3606414794922,132.16314697265625,41.81192398071289,194.46839904785156,41.67811965942383,68.23914337158203,32.96125411987305,45.52620315551758,3.614879608154297,67.30508422851562,,108.4089584350586,9.999999747378752e-05
2019-06-10,238.26292419433594,175.381103515625,132.90139770507812,41.98126220703125,196.5971221923828,42.073585510253906,68.016845703125,33.267723083496094,46.10799789428711,3.6876745223999023,67.16610717773438,,107.38858032226562,9.999999747378752e-05
2019-06-11,238.21804809570312,175.62049865722656,132.77537536621094,42.25544357299805,196.36062622070312,41.764930725097656,68.2008285522461,33.61451721191406,46.64191818237305,3.7453131675720215,67.11709594726562,,107.4544448852539,9.999999747378752e-05
2019-06-12,237.7690887451172,174.60548400878906,132.5952911376953,41.88450241088867,195.5091094970703,41.62024688720703,68.43077850341797,33.2515869140625,46.49347686767578,3.6322710514068604,67.23149871826172,,107.53666687011719,9.999999747378752e-05
2019-06-13,238.82843017578125,175.63967895507812,133.20755004882812,41.93287658691406,196.07675170898438,42.1314582824707,68.72207641601562,33.28384780883789,46.48389434814453,3.683450222015381,67.34596252441406,,107.90703582763672,9.999999747378752e-05
2019-06-14,238.4693603515625,174.89279174804688,132.91946411132812,41.59420394897461,194.31700134277344,41.54308319091797,68.7603988647461,32.8725471496582,46.14632034301758,3.593513250350952,67.35413360595703,,108.1785888671875,9.999999747378752e-05
2019-06-15,238.4693603515625,174.89279174804688,132.91946411132812,41.59420394897461,194.31700134277344,41.54308319091797,68.7603988647461,32.8725471496582,46.14632034301758,3.593513250350952,67.35413360595703,,108.1785888671875,9.999999747378752e-05
2019-06-16,238.4693603515625,174.89279174804688,132.91946411132812,41.59420394897461,194.31700134277344,41.54308319091797,68.7603988647461,32.8725471496582,46.14632034301758,3.593513250350952,67.35413360595703,,108.1785888671875,9.999999747378752e-05
2019-06-17,238.6848602294922,175.94610595703125,133.01611328125,41.63451385498047,194.70492553710938,42.83557891845703,69.49630737304688,33.00978088378906,46.42164993286133,3.603203058242798,67.35413360595703,,108.36785125732422,9.999999747378752e-05
2019-06-18,241.0640411376953,178.50283813476562,134.47109985351562,42.2957763671875,197.96893310546875,43.510765075683594,69.42733001708984,33.756866455078125,47.5134162902832,3.7982330322265625,67.50943756103516,,108.91093444824219,9.999999747378752e-05
2019-06-19,241.70144653320312,179.17315673828125,134.93199157714844,42.578006744384766,198.92449951171875,43.66509246826172,69.80293273925781,33.99235916137695,47.37455368041992,3.804194688796997,67.73828887939453,,109.06729125976562,9.999999747378752e-05
2019-06-20,243.95481872558594,180.83934020996094,136.17002868652344,43.02959442138672,201.66818237304688,43.722965240478516,70.15554809570312,34.52018356323242,47.75523376464844,3.828542470932007,67.84455108642578,,109.35533905029297,9.999999747378752e-05
2019-06-21,243.66758728027344,180.5712432861328,136.1881103515625,42.85910415649414,200.60340881347656,43.82905960083008,69.16667938232422,34.382137298583984,47.592430114746094,3.7704060077667236,67.65654754638672,,108.15386199951172,9.999999747378752e-05
2019-06-22,243.66758728027344,180.5712432861328,136.1881103515625,42.85910415649414,200.60340881347656,43.82905960083008,69.16667938232422,34.382137298583984,47.592430114746094,3.7704060077667236,67.65654754638672,,108.15386199951172,9.999999747378752e-05
2019-06-23,243.66758728027344,180.5712432861328,136.1881103515625,42.85910415649414,200.60340881347656,43.82905960083008,69.16667938232422,34.382137298583984,47.592430114746094,3.7704060077667236,67.65654754638672,,108.15386199951172,9.999999747378752e-05
2019-06-24,243.35336303710938,180.57693481445312,135.4290008544922,42.899898529052734,200.4326171875,43.20210647583008,68.92904663085938,34.4065055847168,47.5445442199707,3.792766571044922,67.77922058105469,,108.9603042602539,9.999999747378752e-05
2019-06-25,240.9473114013672,177.47714233398438,134.14576721191406,42.598060607910156,196.9215850830078,42.88380432128906,67.90951538085938,34.03296661376953,46.82388687133789,3.7634499073028564,67.8037109375,,109.2977066040039,9.999999747378752e-05
2019-06-26,240.7139129638672,178.302490234375,133.89273071289062,42.72857666015625,198.80992126464844,43.10565185546875,66.55269622802734,34.36590576171875,47.836639404296875,3.956739902496338,67.64838409423828,,108.5982666015625,9.999999747378752e-05
2019-06-27,241.5585479736328,178.98387145996094,134.69703674316406,42.86724853515625,199.73045349121094,44.19559097290039,67.4094467163086,34.56078338623047,47.82227325439453,4.055373191833496,67.84455108642578,,109.36355590820312,9.999999747378752e-05
2019-06-28,242.89414978027344,179.21417236328125,135.6368865966797,43.030399322509766,200.11944580078125,46.27901840209961,67.64163970947266,34.53643035888672,47.38652420043945,4.0802178382873535,67.90179443359375,,109.28948974609375,9.999999747378752e-05
2019-06-29,242.89414978027344,179.21417236328125,135.6368865966797,43.030399322509766,200.11944580078125,46.27901840209961,67.64163970947266,34.53643035888672,47.38652420043945,4.0802178382873535,67.90179443359375,,109.28948974609375,9.999999747378752e-05
2019-06-30,242.89414978027344,179.21417236328125,135.6368865966797,43.030399322509766,200.11944580078125,46.27901840209961,67.64163970947266,34.53643035888672,47.38652420043945,4.0802178382873535,67.90179443359375,,109.28948974609375,9.999999747378752e-05
2019-07-01,244.9608154296875,181.63262939453125,136.5948028564453,43.28327560424805,203.05165100097656,46.22114181518555,67.6106948852539,35.03178405761719,48.25562286376953,4.128417015075684,67.89689636230469,,109.03388977050781,9.999999747378752e-05
2019-07-02,245.67376708984375,182.35240173339844,136.9110870361328,43.43828201293945,203.6494903564453,45.75815963745117,68.78704833984375,34.98305892944336,48.53814697265625,4.030527114868164,68.02800750732422,,109.8748779296875,9.999999747378752e-05
2019-07-03,247.559814453125,183.72476196289062,137.94129943847656,43.59326171875,205.11080932617188,46.35617446899414,69.60742950439453,35.02367401123047,48.940372467041016,4.043447494506836,68.15088653564453,,110.6581802368164,9.999999747378752e-05
2019-07-04,247.559814453125,183.72476196289062,137.94129943847656,43.59326171875,205.11080932617188,46.35617446899414,69.60742950439453,35.02367401123047,48.940372467041016,4.043447494506836,68.15088653564453,,110.6581802368164,9.999999747378752e-05
2019-07-05,247.24395751953125,183.3505096435547,137.86001586914062,43.30776596069336,204.7977294921875,46.10540008544922,69.35977935791016,34.78004455566406,48.897281646728516,3.980839252471924,67.83132934570312,,109.1905288696289,9.999999747378752e-05
2019-07-06,247.24395751953125,183.3505096435547,137.86001586914062,43.30776596069336,204.7977294921875,46.10540008544922,69.35977935791016,34.78004455566406,48.897281646728516,3.980839252471924,67.83132934570312,,109.1905288696289,9.999999747378752e-05
2019-07-07,247.24395751953125,183.3505096435547,137.86001586914062,43.30776596069336,204.7977294921875,46.10540008544922,69.35977935791016,34.78004455566406,48.897281646728516,3.980839252471924,67.83132934570312,,109.1905288696289,9.999999747378752e-05
2019-07-08,246.00767517089844,182.06454467773438,137.1189422607422,43.038570404052734,203.27940368652344,45.671348571777344,69.60742950439453,34.64198684692383,47.889312744140625,3.905808687210083,67.82316589355469,,109.33892822265625,9.999999747378752e-05
2019-07-09,246.31448364257812,182.97621154785156,137.3629608154297,42.87541961669922,204.04806518554688,46.53944778442383,69.83959197998047,34.55268859863281,48.181419372558594,3.9082937240600586,67.73299407958984,,109.2977066040039,9.999999747378752e-05
2019-07-10,247.4605712890625,184.79965209960938,137.9232177734375,43.07118606567383,205.61376953125,46.85774612426758,70.24205017089844,34.78004455566406,48.65785598754883,3.976616144180298,67.79037475585938,,108.69580841064453,9.999999747378752e-05
2019-07-11,247.95693969726562,184.66529846191406,138.11300659179688,43.095672607421875,206.2970428466797,46.88668441772461,69.32879638671875,34.70696258544922,48.303504943847656,4.131147861480713,67.56913757324219,,107.24470520019531,9.999999747378752e-05
2019-07-12,249.17523193359375,185.73056030273438,138.81790161132812,43.128299713134766,207.94815063476562,46.742000579833984,69.2359390258789,34.70696258544922,48.67462158203125,4.164191722869873,67.62651824951172,,107.36835479736328,9.999999747378752e-05
2019-07-13,249.17523193359375,185.73056030273438,138.81790161132812,43.128299713134766,207.94815063476562,46.742000579833984,69.2359390258789,34.70696258544922,48.67462158203125,4.164191722869873,67.62651824951172,,107.36835479736328,9.999999747378752e-05
2019-07-14,249.17523193359375,185.73056030273438,138.81790161132812,43.128299713134766,207.94815063476562,46.742000579833984,69.2359390258789,34.70696258544922,48.67462158203125,4.164191722869873,67.62651824951172,,107.36835479736328,9.999999747378752e-05
2019-07-15,249.2384033203125,186.32554626464844,138.72750854492188,43.20170593261719,208.4605255126953,46.94455337524414,69.18177032470703,34.86937713623047,49.13191604614258,4.155745506286621,67.72484588623047,,107.98674774169922,9.999999747378752e-05
2019-07-16,248.42617797851562,185.36582946777344,138.3750762939453,43.06303024291992,206.69558715820312,46.655189514160156,69.01924896240234,34.80439758300781,48.961917877197266,4.151024341583252,67.63471984863281,,107.66516876220703,9.999999747378752e-05
2019-07-17,246.74761962890625,184.45413208007812,137.46237182617188,42.9814567565918,206.19259643554688,46.87703323364258,68.78704833984375,34.723209381103516,48.686580657958984,4.216365814208984,67.83955383300781,,108.8277587890625,9.999999747378752e-05
2019-07-18,247.6501922607422,184.66529846191406,137.96841430664062,43.120140075683594,207.65396118164062,47.09888458251953,68.78704833984375,34.94245147705078,49.239654541015625,4.2280426025390625,67.96244049072266,,108.83599853515625,9.999999747378752e-05
2019-07-19,246.32350158691406,183.3120880126953,137.1822052001953,42.9814567565918,206.52476501464844,46.57802200317383,67.66485595703125,34.71507263183594,48.50461196899414,4.184813976287842,67.88868713378906,,108.58038330078125,9.999999747378752e-05
2019-07-20,246.32350158691406,183.3120880126953,137.1822052001953,42.9814567565918,206.52476501464844,46.57802200317383,67.66485595703125,34.71507263183594,48.50461196899414,4.184813976287842,67.88868713378906,,108.58038330078125,9.999999747378752e-05
2019-07-21,246.32350158691406,183.3120880126953,137.1822052001953,42.9814567565918,206.52476501464844,46.57802200317383,67.66485595703125,34.71507263183594,48.50461196899414,4.184813976287842,67.88868713378906,,108.58038330078125,9.999999747378752e-05
2019-07-22,246.91909790039062,184.7708740234375,137.50750732421875,43.046722412109375,208.7642822265625,47.01206970214844,67.60292053222656,34.67448043823242,49.613155364990234,4.256365776062012,67.96244049072266,,108.78646850585938,9.999999747378752e-05
2019-07-23,248.61569213867188,185.9800262451172,138.42933654785156,43.234336853027344,209.95040893554688,47.16640090942383,68.369140625,34.67448043823242,50.00101852416992,4.364190578460693,67.90509796142578,,108.19287109375,9.999999747378752e-05
2019-07-24,249.7617950439453,187.2852783203125,139.2787628173828,43.234336853027344,211.91465759277344,48.150238037109375,68.42330932617188,34.78004455566406,49.96033477783203,4.438724517822266,67.9706039428711,,108.66285705566406,9.999999747378752e-05
2019-07-25,248.54351806640625,185.50985717773438,138.53782653808594,42.834617614746094,210.41539001464844,46.54909133911133,68.02086639404297,34.57704162597656,49.565269470214844,4.3075456619262695,67.89689636230469,,108.14339447021484,9.999999747378752e-05
2019-07-26,250.32139587402344,187.41964721679688,139.54087829589844,42.94883346557617,211.876708984375,47.600440979003906,68.33043670654297,34.60951232910156,49.73765182495117,4.349532127380371,67.89689636230469,,108.39904022216797,9.999999747378752e-05
2019-07-27,250.32139587402344,187.41964721679688,139.54087829589844,42.94883346557617,211.876708984375,47.600440979003906,68.33043670654297,34.60951232910156,49.73765182495117,4.349532127380371,67.89689636230469,,108.39904022216797,9.999999747378752e-05
2019-07-28,250.32139587402344,187.41964721679688,139.54087829589844,42.94883346557617,211.876708984375,47.600440979003906,68.33043670654297,34.60951232910156,49.73765182495117,4.349532127380371,67.89689636230469,,108.39904022216797,9.999999747378752e-05
2019-07-29,249.8701629638672,186.77662658691406,139.2064971923828,42.96514892578125,211.5446014404297,47.38824462890625,68.51617431640625,34.60139465332031,50.202117919921875,4.343321323394775,67.93785858154297,,108.43197631835938,9.999999747378752e-05
2019-07-30,249.26551818847656,185.97047424316406,139.07095336914062,42.50016403198242,210.2635040283203,47.85123062133789,69.06566619873047,34.26033401489258,49.98665237426758,4.358974456787109,67.92146301269531,,108.69580841064453,9.999999747378752e-05
2019-07-31,246.44081115722656,183.39846801757812,137.55274963378906,42.17388153076172,207.19847106933594,46.742000579833984,68.79480743408203,33.911155700683594,51.006595611572266,4.191769123077393,68.00340270996094,,109.56983184814453,9.999999747378752e-05
2019-08-01,244.37416076660156,182.48675537109375,136.2784881591797,41.863887786865234,206.1546630859375,46.02823257446289,68.79480743408203,33.29399490356445,49.90285110473633,4.097361087799072,68.4903793334961,,111.74589538574219,9.999999747378752e-05
2019-08-02,242.58737182617188,179.7996063232422,135.17599487304688,41.55391311645508,202.3115234375,44.484954833984375,69.12757110595703,32.977291107177734,48.84700012207031,4.004689693450928,68.55606842041016,,112.77863311767578,9.999999747378752e-05
2019-08-03,242.58737182617188,179.7996063232422,135.17599487304688,41.55391311645508,202.3115234375,44.484954833984375,69.12757110595703,32.977291107177734,48.84700012207031,4.004689693450928,68.55606842041016,,112.77863311767578,9.999999747378752e-05
2019-08-04,242.58737182617188,179.7996063232422,135.17599487304688,41.55391311645508,202.3115234375,44.484954833984375,69.12757110595703,32.977291107177734,48.84700012207031,4.004689693450928,68.55606842041016,,112.77863311767578,9.999999747378752e-05
2019-08-05,235.43096923828125,173.44639587402344,131.1635284423828,40.42002868652344,193.99891662597656,42.59444046020508,67.76547241210938,31.816070556640625,46.28996276855469,3.746307134628296,68.85169982910156,,114.72834777832031,9.999999747378752e-05
2019-08-06,238.463134765625,175.87442016601562,132.87155151367188,40.76264572143555,196.83616638183594,42.980262756347656,68.51617431640625,32.31952667236328,47.16624450683594,3.785064458847046,69.02420806884766,,115.64540100097656,9.999999747378752e-05
2019-08-07,238.6256561279297,176.82452392578125,133.01611328125,40.942100524902344,198.1836700439453,43.530059814453125,69.18177032470703,32.45758819580078,47.65467071533203,3.8233258724212646,69.02420806884766,,115.68665313720703,9.999999747378752e-05
2019-08-08,243.28219604492188,180.67294311523438,135.54649353027344,41.41523361206055,203.08963012695312,44.26310729980469,70.3968276977539,32.87986755371094,48.70574188232422,3.9318952560424805,69.08169555664062,,115.93450164794922,9.999999747378752e-05
2019-08-09,241.58566284179688,178.97427368164062,134.5795440673828,41.097103118896484,200.7742156982422,43.66509246826172,70.31169891357422,32.55503845214844,48.304386138916016,3.8305299282073975,68.95848083496094,,115.70313262939453,9.999999747378752e-05
2019-08-10,241.58566284179688,178.97427368164062,134.5795440673828,41.097103118896484,200.7742156982422,43.66509246826172,70.31169891357422,32.55503845214844,48.304386138916016,3.8305299282073975,68.95848083496094,,115.70313262939453,9.999999747378752e-05
2019-08-11,241.58566284179688,178.97427368164062,134.5795440673828,41.097103118896484,200.7742156982422,43.66509246826172,70.31169891357422,32.55503845214844,48.304386138916016,3.8305299282073975,68.95848083496094,,115.70313262939453,9.999999747378752e-05
2019-08-12,238.75193786621094,176.92051696777344,132.91671752929688,40.6973876953125,198.10775756835938,42.76226806640625,70.1259536743164,32.18960189819336,48.18182373046875,3.762704372406006,69.2623291015625,,118.1156005859375,9.999999747378752e-05
2019-08-13,242.45204162597656,180.7976837158203,134.8144989013672,41.146034240722656,202.87139892578125,43.62650680541992,70.22657775878906,32.57127380371094,50.22224044799805,3.8769893646240234,69.15558624267578,,117.71073150634766,9.999999747378752e-05
2019-08-14,235.15115356445312,175.3945770263672,130.91954040527344,39.98768997192383,196.6369171142578,42.09287643432617,69.1585464477539,31.669898986816406,48.72736740112305,3.728419303894043,69.40193176269531,,120.36272430419922,9.999999747378752e-05
2019-08-15,235.89120483398438,175.19309997558594,131.1635284423828,40.1345329284668,196.24786376953125,42.015716552734375,69.84733581542969,31.848556518554688,48.484642028808594,3.6961214542388916,69.73865509033203,,121.70106506347656,9.999999747378752e-05
2019-08-16,239.34759521484375,178.0050048828125,133.15171813964844,40.64027404785156,199.7778778076172,43.10565185546875,70.56710052490234,32.270816802978516,49.628631591796875,3.964193820953369,69.66470336914062,,120.72621154785156,9.999999747378752e-05
2019-08-17,239.34759521484375,178.0050048828125,133.15171813964844,40.64027404785156,199.7778778076172,43.10565185546875,70.56710052490234,32.270816802978516,49.628631591796875,3.964193820953369,69.66470336914062,,120.72621154785156,9.999999747378752e-05
2019-08-18,239.34759521484375,178.0050048828125,133.15171813964844,40.64027404785156,199.7778778076172,43.10565185546875,70.56710052490234,32.270816802978516,49.628631591796875,3.964193820953369,69.66470336914062,,120.72621154785156,9.999999747378752e-05
2019-08-19,242.28953552246094,180.83609008789062,134.73313903808594,40.836055755615234,202.72900390625,43.93516540527344,71.07788848876953,32.376380920410156,50.553897857666016,4.24294900894165,69.4429931640625,,118.99958801269531,9.999999747378752e-05
2019-08-20,240.41249084472656,179.43487548828125,133.7029266357422,40.754486083984375,201.8275909423828,43.65544509887695,70.5748519897461,32.43321990966797,50.55629348754883,4.170651912689209,69.62369537353516,,120.23049926757812,9.999999747378752e-05
2019-08-21,242.36178588867188,181.02806091308594,134.83253479003906,41.064456939697266,204.16189575195312,44.041263580322266,70.86895751953125,32.684967041015625,51.10425567626953,4.254128456115723,69.59081268310547,,119.42913818359375,9.999999747378752e-05
2019-08-22,242.2714385986328,180.442626953125,134.71514892578125,40.90947723388672,203.6779327392578,43.395015716552734,71.19400024414062,32.35202407836914,51.06100082397461,4.260340690612793,69.45942687988281,,118.63603973388672,9.999999747378752e-05
2019-08-23,236.05364990234375,174.73239135742188,131.31715393066406,40.35477066040039,197.17779541015625,41.96748352050781,70.19562530517578,31.88915252685547,48.70094299316406,4.0357465744018555,69.71400451660156,,120.58580017089844,9.999999747378752e-05
2019-08-24,236.05364990234375,174.73239135742188,131.31715393066406,40.35477066040039,197.17779541015625,41.96748352050781,70.19562530517578,31.88915252685547,48.70094299316406,4.0357465744018555,69.71400451660156,,120.58580017089844,9.999999747378752e-05
2019-08-25,236.05364990234375,174.73239135742188,131.31715393066406,40.35477066040039,197.17779541015625,41.96748352050781,70.19562530517578,31.88915252685547,48.70094299316406,4.0357465744018555,69.71400451660156,,120.58580017089844,9.999999747378752e-05
2019-08-26,238.67074584960938,177.37158203125,132.6456298828125,40.66475296020508,199.6735076904297,42.2375602722168,70.73735809326172,32.0921630859375,49.62621307373047,4.110527515411377,69.67292785644531,,120.0983657836914,9.999999747378752e-05
2019-08-27,237.73214721679688,176.9972686767578,132.0310821533203,40.623958587646484,199.18003845214844,41.59130859375,70.5361557006836,32.10840606689453,49.06623458862305,4.019845485687256,69.91112518310547,,121.94896697998047,9.999999747378752e-05
2019-08-28,239.38368225097656,177.63064575195312,132.97088623046875,40.705543518066406,199.2749481201172,41.84209442138672,70.7683334350586,32.2302131652832,49.39548873901367,4.009399890899658,69.93573760986328,,122.1058578491211,9.999999747378752e-05
2019-08-29,242.4971160888672,180.34666442871094,134.73313903808594,41.03998947143555,202.78598022460938,42.613731384277344,71.31781005859375,32.6037483215332,50.23185348510742,4.153143882751465,69.89470672607422,,121.6432113647461,9.999999747378752e-05
2019-08-30,242.39791870117188,179.91477966308594,134.68797302246094,41.26024627685547,202.65313720703125,42.7487678527832,71.37198638916016,32.80678176879883,50.16695022583008,4.165826320648193,69.88648986816406,,121.67627716064453,9.999999747378752e-05
2019-08-31,242.39791870117188,179.91477966308594,134.68797302246094,41.26024627685547,202.65313720703125,42.7487678527832,71.37198638916016,32.80678176879883,50.16695022583008,4.165826320648193,69.88648986816406,,121.67627716064453,9.999999747378752e-05
2019-09-01,242.39791870117188,179.91477966308594,134.68797302246094,41.26024627685547,202.65313720703125,42.7487678527832,71.37198638916016,32.80678176879883,50.16695022583008,4.165826320648193,69.88648986816406,,121.67627716064453,9.999999747378752e-05
2019-09-02,242.39791870117188,179.91477966308594,134.68797302246094,41.26024627685547,202.65313720703125,42.7487678527832,71.37198638916016,32.80678176879883,50.16695022583008,4.165826320648193,69.88648986816406,,121.67627716064453,9.999999747378752e-05
2019-09-03,241.05322265625,178.16812133789062,133.81138610839844,41.097103118896484,200.1574249267578,41.735992431640625,72.0840072631836,32.636234283447266,49.43634796142578,4.082764148712158,69.95067596435547,,121.8335952758789,9.999999747378752e-05
2019-09-04,243.63414001464844,180.74012756347656,135.23922729492188,41.717063903808594,203.62100219726562,41.80351638793945,72.68766021728516,33.17218780517578,50.27510452270508,4.196913242340088,70.08232879638672,,122.0156021118164,9.999999747378752e-05
2019-09-05,246.8559112548828,184.05105590820312,137.04666137695312,42.03519821166992,207.7393341064453,42.478694915771484,72.16141510009766,33.423927307128906,51.25807571411133,4.46997594833374,69.72022247314453,,119.8058853149414,9.999999747378752e-05
2019-09-06,247.0364532470703,183.86874389648438,137.07376098632812,42.16572570800781,207.4451904296875,42.38223648071289,72.32392883300781,33.52949523925781,51.25326156616211,4.442870616912842,69.80253601074219,,120.6583023071289,9.999999747378752e-05
2019-09-07,247.0364532470703,183.86874389648438,137.07376098632812,42.16572570800781,207.4451904296875,42.38223648071289,72.32392883300781,33.52949523925781,51.25326156616211,4.442870616912842,69.80253601074219,,120.6583023071289,9.999999747378752e-05
2019-09-08,247.0364532470703,183.86874389648438,137.07376098632812,42.16572570800781,207.4451904296875,42.38223648071289,72.32392883300781,33.52949523925781,51.25326156616211,4.442870616912842,69.80253601074219,,120.6583023071289,9.999999747378752e-05
2019-09-09,247.0996551513672,183.4848175048828,137.1550750732422,42.21466827392578,205.85101318359375,42.25685119628906,71.97566223144531,33.61881637573242,51.47195816040039,4.4888763427734375,69.48152923583984,,118.51478576660156,9.999999747378752e-05
2019-09-10,247.1537628173828,182.95701599121094,137.2906494140625,42.288089752197266,204.82618713378906,42.77770233154297,71.23267364501953,33.61881637573242,52.08000183105469,4.555526256561279,69.12760162353516,,116.43750762939453,9.999999747378752e-05
2019-09-11,248.9315948486328,184.6748504638672,138.4112548828125,42.5246467590332,206.93280029296875,43.92551803588867,71.3100814819336,33.87055969238281,53.735904693603516,4.584126949310303,69.08649444580078,,116.2306137084961,9.999999747378752e-05
2019-09-12,249.66253662109375,185.44261169433594,138.82693481445312,42.76935958862305,207.90069580078125,43.88693618774414,71.6893081665039,34.081687927246094,53.6157341003418,4.582633018493652,68.95475769042969,,115.46916961669922,9.999999747378752e-05
2019-09-13,249.59939575195312,184.78045654296875,138.69137573242188,43.01408386230469,206.42987060546875,43.64579772949219,70.92311096191406,34.26033401489258,52.57268142700195,4.524689197540283,68.55977630615234,,113.00292205810547,9.999999747378752e-05
2019-09-14,249.59939575195312,184.78045654296875,138.69137573242188,43.01408386230469,206.42987060546875,43.64579772949219,70.92311096191406,34.26033401489258,52.57268142700195,4.524689197540283,68.55977630615234,,113.00292205810547,9.999999747378752e-05
2019-09-15,249.59939575195312,184.78045654296875,138.69137573242188,43.01408386230469,206.42987060546875,43.64579772949219,70.92311096191406,34.26033401489258,52.57268142700195,4.524689197540283,68.55977630615234,,113.00292205810547,9.999999747378752e-05
2019-09-16,248.77816772460938,183.95510864257812,138.40994262695312,42.67147445678711,206.23060607910156,43.79048538208008,71.54224395751953,33.98423385620117,52.849063873291016,4.481665134429932,68.74079895019531,,114.44295501708984,9.999999747378752e-05
2019-09-17,249.45506286621094,184.8380126953125,138.745849609375,42.802001953125,206.97071838378906,43.88693618774414,72.31620788574219,34.024845123291016,53.04132843017578,4.503052234649658,68.89715576171875,,115.06369018554688,9.999999747378752e-05
2019-09-18,249.60841369628906,184.76124572753906,138.72769165039062,42.720428466796875,207.08460998535156,43.44324493408203,72.06852722167969,33.854312896728516,53.538818359375,4.475945472717285,68.94654846191406,,115.55194854736328,9.999999747378752e-05
2019-09-19,249.55430603027344,185.068359375,138.63693237304688,42.78568649291992,207.5496063232422,43.25997543334961,72.32392883300781,33.64318084716797,53.103816986083984,4.400343418121338,69.04532623291016,,115.89957427978516,9.999999747378752e-05
2019-09-20,248.21868896484375,183.11056518554688,138.02862548828125,42.74489212036133,205.34808349609375,43.15387725830078,72.32392883300781,33.70001220703125,52.327552795410156,4.294647693634033,69.29226684570312,,117.4306411743164,9.999999747378752e-05
2019-09-21,248.21868896484375,183.11056518554688,138.02862548828125,42.74489212036133,205.34808349609375,43.15387725830078,72.32392883300781,33.70001220703125,52.327552795410156,4.294647693634033,69.29226684570312,,117.4306411743164,9.999999747378752e-05
2019-09-22,248.21868896484375,183.11056518554688,138.02862548828125,42.74489212036133,205.34808349609375,43.15387725830078,72.32392883300781,33.70001220703125,52.327552795410156,4.294647693634033,69.29226684570312,,117.4306411743164,9.999999747378752e-05
2019-09-23,248.39013671875,183.1913299560547,138.10128784179688,42.695960998535156,205.80355834960938,42.960968017578125,72.44001007080078,33.82182693481445,52.56547546386719,4.348117351531982,69.34160614013672,,117.40579986572266,9.999999747378752e-05
2019-09-24,246.33250427246094,180.75840759277344,136.82122802734375,42.46622848510742,203.4786834716797,41.5141487121582,72.27931213378906,33.409854888916016,52.31553268432617,4.290670871734619,69.58030700683594,,118.82105255126953,9.999999747378752e-05
2019-09-25,247.839599609375,182.7874755859375,137.68370056152344,42.43341064453125,205.907958984375,41.610599517822266,72.41972351074219,33.4427490234375,53.12063980102539,4.4324235916137695,69.25108337402344,,117.08307647705078,9.999999747378752e-05
2019-09-26,247.35089111328125,182.1143035888672,137.26608276367188,42.474430084228516,206.1022491455078,41.54308319091797,73.02825164794922,33.42630386352539,52.84666442871094,4.410289764404297,69.36630249023438,,117.83615112304688,9.999999747378752e-05
2019-09-27,245.96353149414062,179.8544921875,136.44903564453125,42.22010040283203,203.11117553710938,41.128326416015625,72.62256622314453,33.006935119628906,52.58952331542969,4.271521091461182,69.44035339355469,,118.12586975097656,9.999999747378752e-05
2019-09-28,245.96353149414062,179.8544921875,136.44903564453125,42.22010040283203,203.11117553710938,41.128326416015625,72.62256622314453,33.006935119628906,52.58952331542969,4.271521091461182,69.44035339355469,,118.12586975097656,9.999999747378752e-05
2019-09-29,245.96353149414062,179.8544921875,136.44903564453125,42.22010040283203,203.11117553710938,41.128326416015625,72.62256622314453,33.006935119628906,52.58952331542969,4.271521091461182,69.44035339355469,,118.12586975097656,9.999999747378752e-05
2019-09-30,247.1785430908203,181.56617736816406,137.08450317382812,42.384178161621094,205.33067321777344,41.36946105957031,72.74739074707031,33.10560989379883,53.82721710205078,4.3289690017700195,69.4897689819336,,118.41551971435547,9.999999747378752e-05
2019-10-01,244.20452880859375,180.08523559570312,135.29603576660156,41.998573303222656,203.482666015625,40.4145622253418,72.06088256835938,32.875362396240234,53.97622299194336,4.32722806930542,69.5573959350586,,118.77201843261719,9.999999747378752e-05
2019-10-02,239.8974609375,176.9888153076172,133.0990753173828,41.34220504760742,199.67230224609375,39.80690002441406,71.7566146850586,32.71913146972656,52.623165130615234,4.3033552169799805,69.71410369873047,,119.06221008300781,9.999999747378752e-05
2019-10-03,241.80165100097656,178.93130493164062,134.1793975830078,41.66218566894531,202.2538299560547,40.057682037353516,72.4509506225586,33.11384201049805,53.07017517089844,4.509021759033203,69.94506072998047,,120.148193359375,9.999999747378752e-05
2019-10-04,245.1565399169922,181.56617736816406,135.93153381347656,41.94113540649414,205.673583984375,40.482086181640625,72.88780212402344,33.27006149291992,54.557830810546875,4.525435447692871,70.060546875,,121.03535461425781,9.999999747378752e-05
2019-10-05,245.1565399169922,181.56617736816406,135.93153381347656,41.94113540649414,205.673583984375,40.482086181640625,72.88780212402344,33.27006149291992,54.557830810546875,4.525435447692871,70.060546875,,121.03535461425781,9.999999747378752e-05
2019-10-06,245.1565399169922,181.56617736816406,135.93153381347656,41.94113540649414,205.673583984375,40.482086181640625,72.88780212402344,33.27006149291992,54.557830810546875,4.525435447692871,70.060546875,,121.03535461425781,9.999999747378752e-05
2019-10-07,244.10472106933594,181.01803588867188,135.39590454101562,41.801673889160156,205.0258331298828,40.539955139160156,72.7317886352539,33.01515197753906,54.56985092163086,4.584126949310303,69.87910461425781,,120.03215789794922,9.999999747378752e-05
2019-10-08,240.31451416015625,178.30624389648438,133.20799255371094,41.44887924194336,201.0440673828125,39.17993927001953,72.34953308105469,32.7355842590332,53.93056106567383,4.407556056976318,69.91207122802734,,120.35552978515625,9.999999747378752e-05
2019-10-09,242.55421447753906,180.0467987060547,134.43360900878906,41.777061462402344,203.91131591796875,39.72972869873047,72.48992919921875,32.98226547241211,54.5626335144043,4.494100093841553,69.82953643798828,,119.67567443847656,9.999999747378752e-05
2019-10-10,244.20452880859375,181.44119262695312,135.29603576660156,42.08881378173828,205.14012145996094,39.81654357910156,72.60696411132812,33.335845947265625,55.29805374145508,4.551797389984131,69.61515808105469,,117.89318084716797,9.999999747378752e-05
2019-10-11,246.7524871826172,183.77789306640625,136.74859619140625,42.761592864990234,208.14080810546875,40.44350051879883,72.57574462890625,33.7798957824707,56.76889419555664,4.62540864944458,69.35945129394531,,116.43400573730469,9.999999747378752e-05
2019-10-12,246.7524871826172,183.77789306640625,136.74859619140625,42.761592864990234,208.14080810546875,40.44350051879883,72.57574462890625,33.7798957824707,56.76889419555664,4.62540864944458,69.35945129394531,,116.43400573730469,9.999999747378752e-05
2019-10-13,246.7524871826172,183.77789306640625,136.74859619140625,42.761592864990234,208.14080810546875,40.44350051879883,72.57574462890625,33.7798957824707,56.76889419555664,4.62540864944458,69.35945129394531,,116.43400573730469,9.999999747378752e-05
2019-10-14,246.5257568359375,183.75868225097656,136.62149047851562,42.58928298950195,208.1312713623047,40.76179885864258,72.60696411132812,33.70589828491211,56.687171936035156,4.638839244842529,69.47489929199219,,117.2796630859375,9.999999747378752e-05
2019-10-15,248.91055297851562,186.09547424316406,137.96507263183594,43.03233337402344,210.2936553955078,41.62024688720703,72.70057678222656,33.936126708984375,56.554996490478516,4.883551120758057,69.2934341430664,,115.86198425292969,9.999999747378752e-05
2019-10-16,248.5205535888672,185.63389587402344,137.7108917236328,43.12257766723633,208.4551544189453,41.282657623291016,72.70838928222656,34.026588439941406,56.326683044433594,4.829833030700684,69.36768341064453,,116.00291442871094,9.999999747378752e-05
2019-10-17,249.19155883789062,186.1243133544922,138.16481018066406,43.23744583129883,208.255126953125,41.360782623291016,73.18425750732422,34.133487701416016,56.54538345336914,4.831822872161865,69.36768341064453,,115.72108459472656,9.999999747378752e-05
2019-10-18,248.1669921875,184.33570861816406,137.61105346679688,43.155391693115234,206.0546417236328,40.44350051879883,73.74596405029297,34.043025970458984,56.816959381103516,4.737318992614746,69.40068054199219,,115.72108459472656,9.999999747378752e-05
2019-10-19,248.1669921875,184.33570861816406,137.61105346679688,43.155391693115234,206.0546417236328,40.44350051879883,73.74596405029297,34.043025970458984,56.816959381103516,4.737318992614746,69.40068054199219,,115.72108459472656,9.999999747378752e-05
2019-10-20,248.1669921875,184.33570861816406,137.61105346679688,43.155391693115234,206.0546417236328,40.44350051879883,73.74596405029297,34.043025970458984,56.816959381103516,4.737318992614746,69.40068054199219,,115.72108459472656,9.999999747378752e-05
2019-10-21,249.8988037109375,185.97044372558594,138.50987243652344,43.41794204711914,208.12176513671875,40.90648651123047,74.30765533447266,34.28971481323242,57.802330017089844,4.874597072601318,69.23576354980469,,114.85054779052734,9.999999747378752e-05
2019-10-22,249.01927185058594,184.48956298828125,138.0921630859375,43.376922607421875,205.30209350585938,40.44350051879883,74.0892333984375,34.26504898071289,57.67013931274414,4.864651203155518,69.35945129394531,,115.52205657958984,9.999999747378752e-05
2019-10-23,249.7537841796875,184.8453369140625,138.37364196777344,43.53279495239258,205.51165771484375,40.27952575683594,74.2530517578125,34.281497955322266,58.44400405883789,4.851717948913574,69.39240264892578,,115.63814544677734,9.999999747378752e-05
2019-10-24,250.1618194580078,186.6436004638672,138.7549285888672,43.60664749145508,208.6551513671875,41.13797378540039,74.06581115722656,34.322608947753906,58.540138244628906,4.895736217498779,69.40068054199219,,115.40599822998047,9.999999747378752e-05
2019-10-25,251.20455932617188,188.13414001464844,139.30874633789062,43.696895599365234,211.17002868652344,41.97713088989258,73.43389892578125,34.478843688964844,59.261138916015625,5.086731433868408,69.28522491455078,,114.84223937988281,9.999999747378752e-05
2019-10-26,251.20455932617188,188.13414001464844,139.30874633789062,43.696895599365234,211.17002868652344,41.97713088989258,73.43389892578125,34.478843688964844,59.261138916015625,5.086731433868408,69.28522491455078,,114.84223937988281,9.999999747378752e-05
2019-10-27,251.20455932617188,188.13414001464844,139.30874633789062,43.696895599365234,211.17002868652344,41.97713088989258,73.43389892578125,34.478843688964844,59.261138916015625,5.086731433868408,69.28522491455078,,114.84223937988281,9.999999747378752e-05
2019-10-28,252.66441345214844,189.9901123046875,140.15301513671875,43.88559341430664,213.58963012695312,43.05742263793945,72.98922729492188,34.750205993652344,59.85475158691406,5.1426873207092285,69.13674926757812,,113.79756927490234,9.999999747378752e-05
2019-10-29,252.501220703125,188.518798828125,140.12576293945312,43.81175994873047,211.85589599609375,42.7487678527832,73.43389892578125,34.55284881591797,58.47044372558594,5.046442985534668,69.15326690673828,,113.87222290039062,9.999999747378752e-05
2019-10-30,253.38975524902344,189.43234252929688,140.46168518066406,43.9758415222168,213.2847900390625,42.7969970703125,73.69914245605469,34.684417724609375,58.46323013305664,5.04843282699585,69.37594604492188,,115.53861999511719,9.999999747378752e-05
2019-10-31,252.5738067626953,189.51885986328125,139.97142028808594,43.83637237548828,213.03712463378906,42.66196060180664,73.56651306152344,34.413055419921875,59.785064697265625,4.999192237854004,69.70587158203125,,117.09729766845703,9.999999747378752e-05
2019-11-01,254.97662353515625,191.24020385742188,141.46942138671875,44.263004302978516,215.80917358398438,43.62650680541992,73.55091857910156,34.947547912597656,61.481815338134766,5.038235187530518,69.64388275146484,,116.73680114746094,9.999999747378752e-05
2019-11-02,254.97662353515625,191.24020385742188,141.46942138671875,44.263004302978516,215.80917358398438,43.62650680541992,73.55091857910156,34.947547912597656,61.481815338134766,5.038235187530518,69.64388275146484,,116.73680114746094,9.999999747378752e-05
2019-11-03,254.97662353515625,191.24020385742188,141.46942138671875,44.263004302978516,215.80917358398438,43.62650680541992,73.55091857910156,34.947547912597656,61.481815338134766,5.038235187530518,69.64388275146484,,116.73680114746094,9.999999747378752e-05
2019-11-04,255.99221801757812,192.42306518554688,141.98683166503906,44.517337799072266,216.79026794433594,43.867645263671875,73.03604125976562,35.202457427978516,61.885562896728516,5.234951496124268,69.44544982910156,,115.20037841796875,9.999999747378752e-05
2019-11-05,255.66571044921875,192.52882385253906,141.8597412109375,44.59117889404297,216.5807647705078,43.78083419799805,71.7956314086914,35.37515640258789,61.79664611816406,5.212818622589111,69.20575714111328,,113.90473937988281,9.999999747378752e-05
2019-11-06,255.8017120361328,192.0960693359375,141.79623413085938,44.517337799072266,216.36167907714844,43.61686325073242,71.95165252685547,35.317588806152344,61.82307434082031,5.163577556610107,69.35455322265625,,114.59412384033203,9.999999747378752e-05
2019-11-07,256.7085266113281,192.74037170410156,142.27734375,44.689632415771484,218.11447143554688,43.60721206665039,71.23394012451172,35.556053161621094,62.536590576171875,5.1812334060668945,68.99908447265625,,112.5178451538086,9.999999747378752e-05
2019-11-08,257.33416748046875,193.50967407226562,142.6768341064453,44.58297348022461,219.28611755371094,44.224525451660156,71.06230926513672,35.2353515625,62.70774459838867,5.167306423187256,68.9329833984375,,112.0444564819336,9.999999747378752e-05
2019-11-09,257.33416748046875,193.50967407226562,142.6768341064453,44.58297348022461,219.28611755371094,44.224525451660156,71.06230926513672,35.2353515625,62.70774459838867,5.167306423187256,68.9329833984375,,112.0444564819336,9.999999747378752e-05
2019-11-10,257.33416748046875,193.50967407226562,142.6768341064453,44.58297348022461,219.28611755371094,44.224525451660156,71.06230926513672,35.2353515625,62.70774459838867,5.167306423187256,68.9329833984375,,112.0444564819336,9.999999747378752e-05
2019-11-11,256.83544921875,193.25001525878906,142.3953857421875,44.435298919677734,219.5623779296875,44.6778678894043,71.21832275390625,35.03800582885742,63.20433044433594,5.1772541999816895,68.97430419921875,,112.11918640136719,9.999999747378752e-05
2019-11-12,257.3431396484375,193.80780029296875,142.64048767089844,44.386070251464844,220.25775146484375,44.99617004394531,70.68000793457031,34.77486801147461,63.14645767211914,5.212818622589111,69.01564025878906,,112.63407135009766,9.999999747378752e-05
2019-11-13,257.4519958496094,193.85585021972656,142.70408630371094,44.221981048583984,220.75311279296875,44.72609329223633,71.32754516601562,34.55284881591797,63.75151824951172,5.186954498291016,69.13966369628906,,113.36499786376953,9.999999747378752e-05
2019-11-14,257.7965393066406,193.7020263671875,142.84930419921875,44.17275619506836,220.4864044189453,44.90935516357422,71.88145446777344,34.536407470703125,63.31037139892578,5.217294692993164,69.33799743652344,,114.53599548339844,9.999999747378752e-05
2019-11-15,259.7188720703125,195.12521362304688,143.938720703125,44.46812057495117,222.32485961914062,45.719581604003906,72.2715072631836,34.76664352416992,64.0624771118164,5.07802677154541,69.31322479248047,,114.4113540649414,9.999999747378752e-05
2019-11-16,259.7188720703125,195.12521362304688,143.938720703125,44.46812057495117,222.32485961914062,45.719581604003906,72.2715072631836,34.76664352416992,64.0624771118164,5.07802677154541,69.31322479248047,,114.4113540649414,9.999999747378752e-05
2019-11-17,259.7188720703125,195.12521362304688,143.938720703125,44.46812057495117,222.32485961914062,45.719581604003906,72.2715072631836,34.76664352416992,64.0624771118164,5.07802677154541,69.31322479248047,,114.4113540649414,9.999999747378752e-05
2019-11-18,259.88214111328125,195.27908325195312,144.0204315185547,44.49272918701172,222.8487548828125,45.719581604003906,72.62256622314453,34.7584228515625,64.38548278808594,5.27921724319458,69.41242980957031,,114.61905670166016,9.999999747378752e-05
2019-11-19,259.7551574707031,195.5675506591797,144.0657958984375,44.45989227294922,223.58230590820312,46.73235321044922,72.74739074707031,34.881771087646484,64.19023895263672,5.172529220581055,69.48677825927734,,115.57415771484375,9.999999747378752e-05
2019-11-20,258.8393859863281,194.39437866210938,143.61192321777344,44.230186462402344,222.4105682373047,46.71306228637695,72.70838928222656,34.750205993652344,63.44295120239258,5.251862049102783,69.6769027709961,,116.7700424194336,9.999999747378752e-05
2019-11-21,258.4403381347656,193.96163940429688,143.24876403808594,44.14813995361328,221.20083618164062,46.4429931640625,71.68640899658203,34.791324615478516,63.15850067138672,5.226994514465332,69.56123352050781,,116.03919982910156,9.999999747378752e-05
2019-11-22,259.0115661621094,194.08665466308594,143.5664825439453,44.23838424682617,221.1436309814453,46.70341491699219,71.4211654663086,34.725528717041016,63.10306167602539,5.244650363922119,69.60255432128906,,116.1886978149414,9.999999747378752e-05
2019-11-23,259.0115661621094,194.08665466308594,143.5664825439453,44.23838424682617,221.1436309814453,46.70341491699219,71.4211654663086,34.725528717041016,63.10306167602539,5.244650363922119,69.60255432128906,,116.1886978149414,9.999999747378752e-05
2019-11-24,259.0115661621094,194.08665466308594,143.5664825439453,44.23838424682617,221.1436309814453,46.70341491699219,71.4211654663086,34.725528717041016,63.10306167602539,5.244650363922119,69.60255432128906,,116.1886978149414,9.999999747378752e-05
2019-11-25,260.979248046875,196.38499450683594,144.92823791503906,44.566558837890625,224.39195251464844,47.90909957885742,71.64739227294922,35.03800582885742,64.2094955444336,5.501298427581787,69.66864013671875,,116.52918243408203,9.999999747378752e-05
2019-11-26,261.5051574707031,196.75999450683594,145.23690795898438,44.566558837890625,224.51583862304688,48.22740173339844,72.59916687011719,34.89821243286133,63.708106994628906,5.396600723266602,69.78438568115234,,117.21018981933594,9.999999747378752e-05
2019-11-27,262.7384033203125,198.13514709472656,145.92691040039062,44.665016174316406,225.90660095214844,48.44924545288086,72.94242095947266,35.0051155090332,64.5638656616211,5.431443214416504,69.6769027709961,,116.86968994140625,9.999999747378752e-05
2019-11-28,262.7384033203125,198.13514709472656,145.92691040039062,44.665016174316406,225.90660095214844,48.44924545288086,72.94242095947266,35.0051155090332,64.5638656616211,5.431443214416504,69.6769027709961,,116.86968994140625,9.999999747378752e-05
2019-11-29,261.73193359375,197.23121643066406,145.2732391357422,44.271202087402344,224.9540252685547,48.64215850830078,72.60696411132812,34.58573913574219,64.421630859375,5.394111156463623,69.6769027709961,,116.62059020996094,9.999999747378752e-05
2019-11-30,261.73193359375,197.23121643066406,145.2732391357422,44.271202087402344,224.9540252685547,48.64215850830078,72.60696411132812,34.58573913574219,64.421630859375,5.394111156463623,69.6769027709961,,116.62059020996094,9.999999747378752e-05
2019-12-01,261.73193359375,197.23121643066406,145.2732391357422,44.271202087402344,224.9540252685547,48.64215850830078,72.60696411132812,34.58573913574219,64.421630859375,5.394111156463623,69.6769027709961,,116.62059020996094,9.999999747378752e-05
2019-12-02,259.6009521484375,195.21176147460938,143.95687866210938,44.09071350097656,221.75331115722656,47.22426986694336,71.50696563720703,34.593963623046875,63.67677307128906,5.207704544067383,69.49471282958984,,115.06563568115234,9.999999747378752e-05
2019-12-03,257.77850341796875,193.68276977539062,143.10354614257812,43.943023681640625,219.9910125732422,47.34966278076172,71.96727752685547,34.45418167114258,62.54142761230469,5.168134689331055,69.867431640625,,117.47828674316406,9.999999747378752e-05
2019-12-04,259.4287109375,194.6636505126953,144.0294952392578,44.32044982910156,220.73403930664062,47.44611740112305,72.26371765136719,34.7584228515625,63.09342956542969,5.211935997009277,69.72662353515625,,116.30525207519531,9.999999747378752e-05
2019-12-05,259.9092102050781,195.0482940673828,144.23834228515625,44.32044982910156,221.34368896484375,47.22426986694336,72.30272674560547,34.939327239990234,64.01908111572266,5.195011615753174,69.65206909179688,,115.73946380615234,9.999999747378752e-05
2019-12-06,262.22149658203125,197.13507080078125,145.5183563232422,44.69784164428711,223.77281188964844,47.706546783447266,72.4509506225586,35.07090759277344,65.25567626953125,5.280376434326172,69.56098175048828,,115.0989761352539,9.999999747378752e-05
2019-12-07,262.22149658203125,197.13507080078125,145.5183563232422,44.69784164428711,223.77281188964844,47.706546783447266,72.4509506225586,35.07090759277344,65.25567626953125,5.280376434326172,69.56098175048828,,115.0989761352539,9.999999747378752e-05
2019-12-08,262.22149658203125,197.13507080078125,145.5183563232422,44.69784164428711,223.77281188964844,47.706546783447266,72.4509506225586,35.07090759277344,65.25567626953125,5.280376434326172,69.56098175048828,,115.0989761352539,9.999999747378752e-05
2019-12-09,261.423583984375,196.24072265625,145.0553436279297,44.46812057495117,222.6201934814453,47.31108474731445,72.59137725830078,34.939327239990234,64.34210205078125,5.280376434326172,69.5775375366211,,115.34857940673828,9.999999747378752e-05
2019-12-10,261.17877197265625,196.0772247314453,144.92823791503906,44.5501594543457,222.52488708496094,47.51363754272461,72.17008972167969,35.01333999633789,64.71812438964844,5.325422763824463,69.52783203125,,115.35685729980469,9.999999747378752e-05
2019-12-11,261.8588562011719,197.11578369140625,145.2732391357422,44.84552001953125,223.9918975830078,47.233917236328125,71.43678283691406,35.4820442199707,65.2701416015625,5.4090447425842285,69.75977325439453,,116.26364135742188,9.999999747378752e-05
2019-12-12,264.16192626953125,198.58712768554688,146.4625244140625,45.28855895996094,226.1732940673828,47.648677825927734,70.46940612792969,35.96719741821289,65.43647766113281,5.576537609100342,69.42842864990234,,114.35018157958984,9.999999747378752e-05
2019-12-13,264.2616882324219,199.2410430908203,146.4625244140625,45.47726058959961,227.64031982421875,47.35930252075195,70.48500061035156,35.92608642578125,66.32597351074219,5.5745463371276855,69.74321746826172,,115.6729736328125,9.999999747378752e-05
2019-12-14,264.2616882324219,199.2410430908203,146.4625244140625,45.47726058959961,227.64031982421875,47.35930252075195,70.48500061035156,35.92608642578125,66.32597351074219,5.5745463371276855,69.74321746826172,,115.6729736328125,9.999999747378752e-05
2019-12-15,264.2616882324219,199.2410430908203,146.4625244140625,45.47726058959961,227.64031982421875,47.35930252075195,70.48500061035156,35.92608642578125,66.32597351074219,5.5745463371276855,69.74321746826172,,115.6729736328125,9.999999747378752e-05
2019-12-16,266.1295471191406,201.24122619628906,147.53379821777344,45.91209030151367,229.68539428710938,48.44924545288086,70.9920883178711,36.23033905029297,67.4613265991211,5.6034159660339355,69.55266571044922,,114.63304901123047,2.9999999242136255e-05
2019-12-17,266.1839294433594,201.35662841796875,147.58828735351562,45.85466766357422,229.24600219726562,48.40102005004883,70.32117462158203,36.50168991088867,67.59391021728516,5.681562423706055,69.56098175048828,,114.47501373291016,2.9999999242136255e-05
2019-12-18,266.20208740234375,201.5104522705078,147.65179443359375,45.887481689453125,229.3224639892578,48.74826431274414,71.17828369140625,36.699039459228516,67.43241882324219,5.711925506591797,69.46983337402344,,113.5348892211914,2.9999999242136255e-05
2019-12-19,267.3083190917969,202.77024841308594,148.29635620117188,45.86286544799805,230.83160400390625,49.066558837890625,71.80908966064453,36.72371292114258,67.49989318847656,5.860005855560303,69.51952362060547,,113.71653747558594,9.999999747378752e-05
2019-12-20,268.6684875488281,203.587646484375,149.05899047851562,45.879276275634766,232.12110900878906,49.15336990356445,72.2033462524414,36.7566032409668,67.3600845336914,5.9573163986206055,69.5361099243164,,113.86651611328125,9.999999747378752e-05
2019-12-21,268.6684875488281,203.587646484375,149.05899047851562,45.879276275634766,232.12110900878906,49.15336990356445,72.2033462524414,36.7566032409668,67.3600845336914,5.9573163986206055,69.5361099243164,,113.86651611328125,9.999999747378752e-05
2019-12-22,268.6684875488281,203.587646484375,149.05899047851562,45.879276275634766,232.12110900878906,49.15336990356445,72.2033462524414,36.7566032409668,67.3600845336914,5.9573163986206055,69.5361099243164,,113.86651611328125,9.999999747378752e-05
2019-12-23,268.93170166015625,204.12538146972656,149.14974975585938,45.952301025390625,232.90435791015625,49.76103591918945,71.84061431884766,36.8223876953125,68.45929718017578,5.943626880645752,69.49214172363281,,113.69989776611328,9.999999747378752e-05
2019-12-24,268.93170166015625,204.23138427734375,149.1826171875,45.96059799194336,232.9235382080078,49.982879638671875,72.0298843383789,36.78907775878906,68.52436828613281,5.938650131225586,69.55850219726562,,114.0248794555664,9.999999747378752e-05
2019-12-25,268.93170166015625,204.23138427734375,149.1826171875,45.96059799194336,232.9235382080078,49.982879638671875,72.0298843383789,36.78907775878906,68.52436828613281,5.938650131225586,69.55850219726562,,114.0248794555664,9.999999747378752e-05
2019-12-26,270.3075866699219,206.0335235595703,149.90370178222656,46.15974426269531,234.71920776367188,49.934654235839844,72.34527587890625,37.0971794128418,69.88392639160156,5.952835559844971,69.62493133544922,,114.2998275756836,9.999999747378752e-05
2019-12-27,270.3075866699219,205.86007690429688,149.76678466796875,46.38376998901367,234.63331604003906,49.509647369384766,72.57392120361328,37.14714431762695,69.85738372802734,5.895097255706787,69.72460174560547,,114.4248275756836,9.999999747378752e-05
2019-12-28,270.3075866699219,205.86007690429688,149.76678466796875,46.38376998901367,234.63331604003906,49.509647369384766,72.57392120361328,37.14714431762695,69.85738372802734,5.895097255706787,69.72460174560547,,114.4248275756836,9.999999747378752e-05
2019-12-29,270.3075866699219,205.86007690429688,149.76678466796875,46.38376998901367,234.63331604003906,49.509647369384766,72.57392120361328,37.14714431762695,69.85738372802734,5.895097255706787,69.72460174560547,,114.4248275756836,9.999999747378752e-05
2019-12-30,268.8223876953125,204.5108642578125,148.95443725585938,46.0269775390625,233.23873901367188,48.15428161621094,72.64488983154297,36.93896484375,70.27198791503906,5.781858921051025,69.69965362548828,,114.00823211669922,9.999999747378752e-05
2019-12-31,269.51483154296875,204.8963623046875,149.3468780517578,46.20952606201172,233.87867736816406,48.45439529418945,73.16529083251953,37.03056335449219,70.78546905517578,5.856022834777832,69.62493133544922,,112.89161682128906,9.999999747378752e-05
2020-01-01,269.51483154296875,204.8963623046875,149.3468780517578,46.20952606201172,233.87867736816406,48.45439529418945,73.16529083251953,37.03056335449219,70.78546905517578,5.856022834777832,69.62493133544922,,112.89161682128906,9.999999747378752e-05
2020-01-02,271.9021301269531,208.31753540039062,150.5882568359375,46.723968505859375,238.16744995117188,48.890052795410156,72.30583190917969,37.91322708129883,72.40050506591797,5.970754623413086,69.7162857055664,,114.16653442382812,9.999999747378752e-05
2020-01-03,269.915771484375,206.40936279296875,149.62986755371094,46.15144348144531,235.6648406982422,48.5318489074707,72.7552719116211,37.238739013671875,71.69664764404297,5.875186443328857,69.96537017822266,,115.9246597290039,9.999999747378752e-05
2020-01-04,269.915771484375,206.40936279296875,149.62986755371094,46.15144348144531,235.6648406982422,48.5318489074707,72.7552719116211,37.238739013671875,71.69664764404297,5.875186443328857,69.96537017822266,,115.9246597290039,9.999999747378752e-05
2020-01-05,269.915771484375,206.40936279296875,149.62986755371094,46.15144348144531,235.6648406982422,48.5318489074707,72.7552719116211,37.238739013671875,71.69664764404297,5.875186443328857,69.96537017822266,,115.9246597290039,9.999999747378752e-05
2020-01-06,270.9271545410156,207.73934936523438,150.14102172851562,46.21782684326172,236.44813537597656,48.9094123840332,72.84203338623047,37.172115325927734,72.26792907714844,5.8998260498046875,69.88232421875,,115.26643371582031,9.999999747378752e-05
2020-01-07,270.17999267578125,207.7103729248047,149.78504943847656,46.13484191894531,236.4194793701172,49.509647369384766,72.0298843383789,37.15546417236328,71.92803955078125,5.971251487731934,69.82423400878906,,114.69979095458984,9.999999747378752e-06
2020-01-08,271.57403564453125,209.27162170410156,150.52438354492188,46.21782684326172,238.9125518798828,50.622989654541016,72.25066375732422,37.322017669677734,73.0851058959961,5.982450008392334,69.7162857055664,,113.94154357910156,9.999999747378752e-06
2020-01-09,273.450927734375,211.04490661621094,151.46450805664062,46.42525863647461,241.59661865234375,50.68107223510742,72.21121978759766,37.51353073120117,74.63748931884766,6.048153877258301,69.7992935180664,,114.34144592285156,9.999999747378752e-06
2020-01-10,272.6674499511719,210.5052032470703,151.0263671875,46.3671875,241.07125854492188,50.31319046020508,72.76316833496094,37.69671630859375,74.80622863769531,6.080508232116699,69.91548156738281,,115.35808563232422,9.999999747378752e-06
2020-01-11,272.6674499511719,210.5052032470703,151.0263671875,46.3671875,241.07125854492188,50.31319046020508,72.76316833496094,37.69671630859375,74.80622863769531,6.080508232116699,69.91548156738281,,115.35808563232422,9.999999747378752e-06
2020-01-12,272.6674499511719,210.5052032470703,151.0263671875,46.3671875,241.07125854492188,50.31319046020508,72.76316833496094,37.69671630859375,74.80622863769531,6.080508232116699,69.91548156738281,,115.35808563232422,9.999999747378752e-06
2020-01-13,274.4715270996094,212.9337615966797,152.05783081054688,46.715675354003906,244.2998046875,51.34907913208008,73.638427734375,38.21300506591797,76.4044418334961,6.271146297454834,69.87403106689453,,115.00808715820312,9.999999747378752e-06
2020-01-14,274.10711669921875,212.0953369140625,151.9756622314453,46.723968505859375,243.00074768066406,51.56205749511719,73.36244201660156,38.03813934326172,75.37269592285156,6.1541748046875,69.9736557006836,,115.59974670410156,9.999999747378752e-06
2020-01-15,274.717529296875,212.1820526123047,152.3498992919922,46.59950637817383,243.20138549804688,51.72664260864258,74.02477264404297,37.79664611816406,75.0497055053711,6.1116180419921875,70.08158874511719,,116.36631774902344,9.999999747378752e-06
2020-01-16,277.0135803222656,214.21546936035156,153.6551513671875,46.848445892333984,246.53488159179688,52.288150787353516,74.61613464355469,37.98817443847656,75.98979187011719,6.195239543914795,70.04006958007812,,115.99967193603516,9.999999747378752e-06
2020-01-17,277.9520568847656,215.27561950683594,154.0385284423828,46.997802734375,247.9964141845703,51.958988189697266,74.68712615966797,38.22965621948242,76.83108520507812,6.203948974609375,70.03173828125,,115.00808715820312,2.9999999242136255e-05
2020-01-18,277.9520568847656,215.27561950683594,154.0385284423828,46.997802734375,247.9964141845703,51.958988189697266,74.68712615966797,38.22965621948242,76.83108520507812,6.203948974609375,70.03173828125,,115.00808715820312,2.9999999242136255e-05
2020-01-19,277.9520568847656,215.27561950683594,154.0385284423828,46.997802734375,247.9964141845703,51.958988189697266,74.68712615966797,38.22965621948242,76.83108520507812,6.203948974609375,70.03173828125,,115.00808715820312,2.9999999242136255e-05
2020-01-20,277.9520568847656,215.27561950683594,154.0385284423828,46.997802734375,247.9964141845703,51.958988189697266,74.68712615966797,38.22965621948242,76.83108520507812,6.203948974609375,70.03173828125,,115.00808715820312,2.9999999242136255e-05
2020-01-21,277.3780822753906,215.1792449951172,153.70989990234375,46.48335266113281,247.63340759277344,51.88154220581055,75.39677429199219,37.28037643432617,76.31040954589844,6.1706013679504395,70.20610046386719,,116.21634674072266,2.9999999242136255e-05
2020-01-22,277.4510498046875,215.747802734375,153.8011932373047,46.6492919921875,248.65550231933594,52.12356948852539,74.89212799072266,37.50520706176758,76.58280944824219,6.224606513977051,70.26422882080078,,116.62468719482422,2.9999999242136255e-05
2020-01-23,277.7242736816406,216.44168090820312,153.97463989257812,46.46674346923828,249.88772583007812,52.08484649658203,75.52293395996094,37.163795471191406,76.95162963867188,6.293047904968262,70.38875579833984,,117.4412841796875,9.999999747378752e-05
2020-01-24,275.1913146972656,214.62025451660156,152.51416015625,46.201229095458984,248.5981903076172,51.11672592163086,75.26272583007812,36.880680084228516,76.7298355102539,6.233814716339111,70.4967269897461,,118.39122772216797,9.999999747378752e-05
2020-01-25,275.1913146972656,214.62025451660156,152.51416015625,46.201229095458984,248.5981903076172,51.11672592163086,75.26272583007812,36.880680084228516,76.7298355102539,6.233814716339111,70.4967269897461,,118.39122772216797,9.999999747378752e-05
2020-01-26,275.1913146972656,214.62025451660156,152.51416015625,46.201229095458984,248.5981903076172,51.11672592163086,75.26272583007812,36.880680084228516,76.7298355102539,6.233814716339111,70.4967269897461,,118.39122772216797,9.999999747378752e-05
2020-01-27,270.81781005859375,210.1871795654297,150.22315979003906,45.18891143798828,242.66644287109375,50.1970100402832,74.90001678466797,35.63994216918945,74.47357177734375,5.977972030639648,70.72917938232422,,120.23267364501953,9.999999747378752e-05
2020-01-28,273.751708984375,213.4156036376953,151.67445373535156,45.529117584228516,247.280029296875,51.13608932495117,75.19965362548828,35.93971252441406,76.58036041259766,6.171347618103027,70.60464477539062,,119.2911376953125,9.999999747378752e-05
2020-01-29,273.47833251953125,213.7625732421875,151.5740509033203,45.55400848388672,247.52838134765625,51.16513442993164,74.92366790771484,36.10625457763672,78.18339538574219,6.110870361328125,70.80388641357422,,120.4576416015625,9.999999747378752e-05
2020-01-30,274.33477783203125,214.5238800048828,151.93917846679688,45.388065338134766,249.505615234375,51.26194381713867,74.9788589477539,35.61495590209961,78.07010650634766,6.117590427398682,70.82054901123047,,120.47444152832031,9.999999747378752e-05
2020-01-31,269.4146423339844,211.12196350097656,149.25567626953125,44.641265869140625,242.79058837890625,50.14860534667969,74.06419372558594,34.98210144042969,74.60856628417969,5.884144306182861,71.0031509399414,,121.57429504394531,9.999999747378752e-05
2020-02-01,269.4146423339844,211.12196350097656,149.25567626953125,44.641265869140625,242.79058837890625,50.14860534667969,74.06419372558594,34.98210144042969,74.60856628417969,5.884144306182861,71.0031509399414,,121.57429504394531,9.999999747378752e-05
2020-02-02,269.4146423339844,211.12196350097656,149.25567626953125,44.641265869140625,242.79058837890625,50.14860534667969,74.06419372558594,34.98210144042969,74.60856628417969,5.884144306182861,71.0031509399414,,121.57429504394531,9.999999747378752e-05
2020-02-03,271.3736572265625,214.31190490722656,150.57003784179688,44.72425079345703,245.83767700195312,52.23974609375,74.30865478515625,35.23191833496094,74.40367126464844,5.981207370758057,70.93909454345703,,121.47579193115234,9.999999747378752e-05
2020-02-04,275.5556945800781,219.21719360351562,152.9432373046875,45.51251220703125,252.26609802246094,54.52450942993164,75.07349395751953,36.07294464111328,76.86000061035156,6.150441646575928,70.72278594970703,,119.83985137939453,9.999999747378752e-05
2020-02-05,278.6718444824219,219.94004821777344,154.44927978515625,45.927391052246094,253.4601287841797,53.75001525878906,75.12079620361328,36.27279281616211,77.48674011230469,6.24078369140625,70.60628509521484,,118.52945709228516,9.999999747378752e-05
2020-02-06,279.61944580078125,221.8385467529297,154.87826538085938,46.035274505615234,255.49464416503906,54.37929153442383,75.37313079833984,36.25615310668945,78.39311218261719,6.327640533447266,70.67284393310547,,119.06364440917969,9.999999747378752e-05
2020-02-07,278.1980895996094,220.88441467285156,153.992919921875,45.57890319824219,253.10667419433594,54.059810638427734,75.35734558105469,35.76484298706055,77.32755279541016,6.261440753936768,70.88916778564453,,120.54927062988281,9.999999747378752e-05
2020-02-08,278.1980895996094,220.88441467285156,153.992919921875,45.57890319824219,253.10667419433594,54.059810638427734,75.35734558105469,35.76484298706055,77.32755279541016,6.261440753936768,70.88916778564453,,120.54927062988281,9.999999747378752e-05
2020-02-09,278.1980895996094,220.88441467285156,153.992919921875,45.57890319824219,253.10667419433594,54.059810638427734,75.35734558105469,35.76484298706055,77.32755279541016,6.261440753936768,70.88916778564453,,120.54927062988281,9.999999747378752e-05
2020-02-10,280.1933898925781,223.55393981933594,155.12472534179688,45.6701774597168,256.2587585449219,55.07633972167969,76.20104217529297,35.98967742919922,77.69481658935547,6.544659614562988,70.9973373413086,,120.88318634033203,9.999999747378752e-05
2020-02-11,280.70367431640625,223.59249877929688,155.5537109375,46.002079010009766,255.79080200195312,55.9476432800293,76.77667236328125,36.447669982910156,77.22603607177734,6.6671061515808105,70.88086700439453,,120.27389526367188,9.999999747378752e-06
2020-02-12,282.5077819824219,225.77052307128906,156.53038024902344,46.333988189697266,258.5130615234375,56.47043228149414,77.23399353027344,36.91398239135742,79.05999755859375,6.782833576202393,70.79766082763672,,119.66456604003906,9.999999747378752e-06
2020-02-13,282.23443603515625,225.4813995361328,156.46649169921875,45.97719192504883,257.9877014160156,56.88671875,77.69923400878906,36.52261734008789,78.49701690673828,6.739029884338379,70.8642349243164,,120.1236572265625,
2020-02-14,282.7081298828125,226.12709045410156,156.72206115722656,45.952301025390625,259.0288391113281,56.81895065307617,78.50347900390625,36.447669982910156,78.51632690429688,7.212141990661621,70.93909454345703,,120.64950561523438,9.999999747378752e-05
2020-02-15,282.7081298828125,226.12709045410156,156.72206115722656,45.952301025390625,259.0288391113281,56.81895065307617,78.50347900390625,36.447669982910156,78.51632690429688,7.212141990661621,70.93909454345703,,120.64950561523438,9.999999747378752e-05
2020-02-16,282.7081298828125,226.12709045410156,156.72206115722656,45.952301025390625,259.0288391113281,56.81895065307617,78.50347900390625,36.447669982910156,78.51632690429688,7.212141990661621,70.93909454345703,,120.64950561523438,9.999999747378752e-05
2020-02-17,282.7081298828125,226.12709045410156,156.72206115722656,45.952301025390625,259.0288391113281,56.81895065307617,78.50347900390625,36.447669982910156,78.51632690429688,7.212141990661621,70.93909454345703,,120.64950561523438,9.999999747378752e-05
2020-02-18,281.9337158203125,226.2137908935547,156.35694885253906,45.6701774597168,258.083251953125,57.27396774291992,78.416748046875,36.32275390625,77.07867431640625,7.380879878997803,71.04728698730469,,121.47579193115234,9.999999747378752e-05
2020-02-19,283.291259765625,228.3822021484375,157.15106201171875,45.88591384887695,260.9679260253906,58.44539260864258,77.36016082763672,36.622535705566406,78.19498443603516,7.832089424133301,71.0389633178711,,121.46747589111328,9.999999747378752e-05
2020-02-20,282.1797790527344,226.26199340820312,156.6764373779297,45.51251220703125,258.5512390136719,57.98069381713867,78.28269958496094,36.12290573120117,77.39276123046875,7.682763576507568,71.21366119384766,,122.41899108886719,9.999999747378752e-05
2020-02-21,279.2549133300781,221.91563415527344,155.06996154785156,45.27189254760742,252.82008361816406,56.74150466918945,78.5113754272461,35.98967742919922,75.64097595214844,7.318659782409668,71.3884048461914,,123.56242370605469,9.999999747378752e-05
2020-02-22,279.2549133300781,221.91563415527344,155.06996154785156,45.27189254760742,252.82008361816406,56.74150466918945,78.5113754272461,35.98967742919922,75.64097595214844,7.318659782409668,71.3884048461914,,123.56242370605469,9.999999747378752e-05
2020-02-23,279.2549133300781,221.91563415527344,155.06996154785156,45.27189254760742,252.82008361816406,56.74150466918945,78.5113754272461,35.98967742919922,75.64097595214844,7.318659782409668,71.3884048461914,,123.56242370605469,9.999999747378752e-05
2020-02-24,269.915771484375,213.35780334472656,149.96759033203125,43.59577178955078,242.47540283203125,54.234073638916016,77.43900299072266,34.72395324707031,72.04801177978516,6.8012495040893555,71.61304473876953,,125.40702819824219,9.999999747378752e-05
2020-02-25,261.8065490722656,207.55618286132812,145.38546752929688,42.99834442138672,234.76699829101562,52.375282287597656,75.34159088134766,34.44917297363281,69.60758972167969,6.521762847900391,71.67125701904297,,126.07476043701172,9.999999747378752e-05
2020-02-26,260.6495666503906,208.62591552734375,144.582275390625,43.08131408691406,235.31146240234375,51.83313751220703,74.5294189453125,34.665679931640625,70.71182250976562,6.661133289337158,71.62969207763672,,125.40702819824219,9.999999747378752e-05
2020-02-27,249.09629821777344,198.17919921875,138.24765014648438,41.8532600402832,223.1327667236328,50.06147766113281,70.56324005126953,33.83296585083008,66.08951568603516,6.290337562561035,71.7128677368164,,126.76753997802734,9.999999747378752e-05
2020-02-28,247.5928497314453,198.33338928222656,137.31663513183594,41.69561004638672,225.09091186523438,51.155452728271484,68.8600845336914,33.74136734008789,66.05087280273438,6.7253804206848145,72.18711853027344,,129.6304168701172,9.999999747378752e-05
2020-02-29,247.5928497314453,198.33338928222656,137.31663513183594,41.69561004638672,225.09091186523438,51.155452728271484,68.8600845336914,33.74136734008789,66.05087280273438,6.7253804206848145,72.18711853027344,,129.6304168701172,9.999999747378752e-05
2020-03-01,247.5928497314453,198.33338928222656,137.31663513183594,41.69561004638672,225.09091186523438,51.155452728271484,68.8600845336914,33.74136734008789,66.05087280273438,6.7253804206848145,72.18711853027344,,129.6304168701172,9.999999747378752e-05
2020-03-02,258.6449890136719,208.56809997558594,143.00314331054688,42.151981353759766,236.90660095214844,52.355918884277344,71.80119323730469,34.39087677001953,72.20022583007812,6.88375997543335,72.13961029052734,,128.67665100097656,9.999999747378752e-05
2020-03-03,251.5108642578125,201.87991333007812,139.31561279296875,41.770286560058594,228.2621612548828,51.30067443847656,71.63560485839844,34.22433853149414,69.90719604492188,6.621289253234863,72.57315063476562,,130.6744384765625,9.999999747378752e-05
2020-03-04,261.9342346191406,210.30284118652344,144.88348388671875,42.84898376464844,237.57528686523438,53.04328536987305,74.34017944335938,34.707305908203125,73.14981842041016,7.0849714279174805,72.5564956665039,,129.28680419921875,9.999999747378752e-05
2020-03-05,253.1599884033203,203.91334533691406,140.054931640625,41.820068359375,230.14389038085938,51.8040885925293,72.74739837646484,34.04114532470703,70.77706146240234,6.805567264556885,72.83158874511719,,132.50502014160156,9.999999747378752e-05
2020-03-06,248.9139862060547,200.47286987304688,137.45355224609375,41.197757720947266,225.26283264160156,50.448726654052734,71.49366760253906,33.39995193481445,69.83712768554688,6.625025272369385,73.3318099975586,,139.401123046875,9.999999747378752e-05
2020-03-07,248.9139862060547,200.47286987304688,137.45355224609375,41.197757720947266,225.26283264160156,50.448726654052734,71.49366760253906,33.39995193481445,69.83712768554688,6.625025272369385,73.3318099975586,,139.401123046875,9.999999747378752e-05
2020-03-08,248.9139862060547,200.47286987304688,137.45355224609375,41.197757720947266,225.26283264160156,50.448726654052734,71.49366760253906,33.39995193481445,69.83712768554688,6.625025272369385,73.3318099975586,,139.401123046875,9.999999747378752e-05
2020-03-09,229.70726013183594,186.5471649169922,126.4181900024414,37.94508361816406,207.89744567871094,46.25676345825195,65.9820327758789,30.910140991210938,64.31356811523438,6.112037181854248,73.17340087890625,,143.17930603027344,9.999999747378752e-05
2020-03-10,241.4959716796875,196.70474243164062,132.68890380859375,39.41375732421875,221.04489135742188,48.45439529418945,68.76969146728516,32.46731948852539,68.94554138183594,6.501507759094238,72.18964385986328,,135.84019470214844,9.999999747378752e-05
2020-03-11,229.5223388671875,188.1372528076172,125.97096252441406,37.45552062988281,210.4107208251953,45.443546295166016,64.63748168945312,31.06004524230957,66.551025390625,6.137685775756836,70.82238006591797,,130.84156799316406,9.999999747378752e-05
2020-03-12,207.3234405517578,170.88670349121094,113.72160339355469,33.43116760253906,189.70814514160156,39.721954345703125,58.089508056640625,27.937379837036133,59.97880172729492,5.386630058288574,66.9707260131836,,131.65243530273438,9.999999747378752e-05
2020-03-13,226.69369506835938,185.36175537109375,124.07239532470703,35.555362701416016,210.6024932861328,41.53234100341797,63.15941619873047,29.894245147705078,67.16474151611328,5.9974846839904785,69.79694366455078,,128.67665100097656,9.999999747378752e-05
2020-03-14,226.69369506835938,185.36175537109375,124.07239532470703,35.555362701416016,210.6024932861328,41.53234100341797,63.15941619873047,29.894245147705078,67.16474151611328,5.9974846839904785,69.79694366455078,,128.67665100097656,9.999999747378752e-05
2020-03-15,226.69369506835938,185.36175537109375,124.07239532470703,35.555362701416016,210.6024932861328,41.53234100341797,63.15941619873047,29.894245147705078,67.16474151611328,5.9974846839904785,69.79694366455078,,128.67665100097656,9.999999747378752e-05
2020-03-16,200.08255004882812,163.15768432617188,109.951904296875,31.597387313842773,182.19998168945312,35.065303802490234,51.962677001953125,26.280290603637695,58.52421569824219,4.890824317932129,70.5306396484375,,137.01046752929688,9.999999747378752e-05
2020-03-17,213.18215942382812,175.53179931640625,115.46501159667969,33.232025146484375,193.17935180664062,37.01122283935547,54.96647644042969,27.929059982299805,61.0975341796875,5.410534858703613,69.07164001464844,,127.8741683959961,9.999999747378752e-05
2020-03-18,201.5289306640625,170.19284057617188,108.8109359741211,30.975072860717773,186.68763732910156,33.584075927734375,49.737632751464844,25.655763626098633,59.601871490478516,5.05069637298584,67.40422821044922,,120.6604995727539,9.999999747378752e-05
2020-03-19,201.70281982421875,171.21435546875,109.61418151855469,31.32356834411621,186.98484802246094,36.6046142578125,49.91246032714844,25.797317504882812,59.14519500732422,5.303458213806152,67.36255645751953,,123.94550323486328,9.999999747378752e-05
2020-03-20,192.9148406982422,164.50686645507812,105.14161682128906,31.215700149536133,179.45753479003906,36.643333435058594,47.4251823425293,25.91390037536621,55.39032745361328,5.123660564422607,68.50471496582031,,133.2656707763672,9.999999747378752e-05
2020-03-21,192.9148406982422,164.50686645507812,105.14161682128906,31.215700149536133,179.45753479003906,36.643333435058594,47.4251823425293,25.91390037536621,55.39032745361328,5.123660564422607,68.50471496582031,,133.2656707763672,9.999999747378752e-05
2020-03-22,192.9148406982422,164.50686645507812,105.14161682128906,31.215700149536133,179.45753479003906,36.643333435058594,47.4251823425293,25.91390037536621,55.39032745361328,5.123660564422607,68.50471496582031,,133.2656707763672,9.999999747378752e-05
2020-03-23,186.99209594726562,164.62564086914062,102.14774322509766,30.57996940612793,177.8657989501953,37.12739562988281,45.22397994995117,25.411672592163086,54.2136116027832,5.296483039855957,70.02204895019531,,138.7574005126953,9.999999747378752e-05
2020-03-24,204.8244171142578,177.37387084960938,111.84130859375,33.14286804199219,196.35330200195312,40.806251525878906,49.292625427246094,27.013458251953125,59.65261459350586,6.20517110824585,70.09709167480469,,136.17459106445312,9.999999747378752e-05
2020-03-25,207.45166015625,176.06040954589844,113.38389587402344,34.34109878540039,196.44918823242188,42.39397048950195,51.94679641723633,27.89777946472168,59.32400131225586,6.116518020629883,71.03912353515625,,135.86529541015625,9.999999747378752e-05
2020-03-26,219.9196319580078,185.33180236816406,120.2673110961914,35.68911361694336,208.58880615234375,44.50447082519531,55.61015701293945,29.02403450012207,62.445804595947266,6.405884742736816,71.36427307128906,,136.5341033935547,9.999999747378752e-05
2020-03-27,213.16390991210938,178.95773315429688,116.43301391601562,34.45759582519531,199.36422729492188,42.36492156982422,55.665794372558594,27.455617904663086,59.86040496826172,6.29357385635376,71.7477798461914,,140.17840576171875,9.999999747378752e-05
2020-03-28,213.16390991210938,178.95773315429688,116.43301391601562,34.45759582519531,199.36422729492188,42.36492156982422,55.665794372558594,27.455617904663086,59.86040496826172,6.29357385635376,71.7477798461914,,140.17840576171875,9.999999747378752e-05
2020-03-29,213.16390991210938,178.95773315429688,116.43301391601562,34.45759582519531,199.36422729492188,42.36492156982422,55.665794372558594,27.455617904663086,59.86040496826172,6.29357385635376,71.7477798461914,,140.17840576171875,9.999999747378752e-05
2020-03-30,220.0569305419922,185.467041015625,119.96461486816406,35.09831237792969,207.25596618652344,43.178138732910156,56.88162612915039,27.85606575012207,61.568702697753906,6.613818645477295,71.8227767944336,,139.0249786376953,9.999999747378752e-05
2020-03-31,216.7888946533203,183.88316345214844,118.24925231933594,34.915245056152344,203.1902313232422,42.59727096557617,55.50685119628906,27.989545822143555,61.443058013916016,6.564262390136719,71.1558609008789,,137.896484375,9.999999747378752e-05
2020-04-01,207.0214080810547,176.07008361816406,112.79133605957031,33.58388137817383,193.5821075439453,38.9571418762207,51.85938262939453,26.99677848815918,58.21010208129883,6.053016185760498,71.52351379394531,,139.8284454345703,9.999999747378752e-05
2020-04-02,211.8639678955078,179.6434326171875,115.13960266113281,34.35773849487305,197.36973571777344,39.19917297363281,52.034202575683594,27.78933334350586,59.18142318725586,6.361804962158203,71.85775756835938,,140.71578979492188,9.999999747378752e-05
2020-04-03,208.7332000732422,177.09378051757812,113.17658996582031,33.642127990722656,194.18621826171875,38.918418884277344,51.27927780151367,27.255395889282227,58.330909729003906,6.0739359855651855,71.82433319091797,,141.0507354736328,9.999999747378752e-05
2020-04-04,208.7332000732422,177.09378051757812,113.17658996582031,33.642127990722656,194.18621826171875,38.918418884277344,51.27927780151367,27.255395889282227,58.330909729003906,6.0739359855651855,71.82433319091797,,141.0507354736328,9.999999747378752e-05
2020-04-05,208.7332000732422,177.09378051757812,113.17658996582031,33.642127990722656,194.18621826171875,38.918418884277344,51.27927780151367,27.255395889282227,58.330909729003906,6.0739359855651855,71.82433319091797,,141.0507354736328,9.999999747378752e-05
2020-04-06,222.93133544921875,189.7550048828125,121.09290313720703,35.36458969116211,210.72715759277344,42.77153396606445,55.07774353027344,28.59855842590332,63.41954803466797,6.683794021606445,72.04988098144531,,140.68234252929688,9.999999747378752e-05
2020-04-07,223.05032348632812,189.67782592773438,121.2304916381836,35.605899810791016,209.12582397460938,42.81026077270508,55.5863151550293,28.765417098999023,62.68500900268555,6.450459003448486,72.11675262451172,,139.20907592773438,9.999999747378752e-05
2020-04-08,230.62081909179688,193.70506286621094,125.48677825927734,35.955379486083984,215.1284942626953,44.54319381713867,59.37684631347656,29.099119186401367,64.2894058227539,6.64768648147583,72.3005599975586,,138.19613647460938,9.999999747378752e-05
2020-04-09,234.04446411132812,193.9851837158203,127.8350601196289,36.529544830322266,215.63674926757812,45.78239059448242,62.70643997192383,29.049060821533203,64.75332641601562,6.54807710647583,73.09434509277344,,138.4473114013672,9.999999747378752e-05
2020-04-10,234.04446411132812,193.9851837158203,127.8350601196289,36.529544830322266,215.63674926757812,45.78239059448242,62.70643997192383,29.049060821533203,64.75332641601562,6.54807710647583,73.09434509277344,,138.4473114013672,9.999999747378752e-05
2020-04-11,234.04446411132812,193.9851837158203,127.8350601196289,36.529544830322266,215.63674926757812,45.78239059448242,62.70643997192383,29.049060821533203,64.75332641601562,6.54807710647583,73.09434509277344,,138.4473114013672,9.999999747378752e-05
2020-04-12,234.04446411132812,193.9851837158203,127.8350601196289,36.529544830322266,215.63674926757812,45.78239059448242,62.70643997192383,29.049060821533203,64.75332641601562,6.54807710647583,73.09434509277344,,138.4473114013672,9.999999747378752e-05
2020-04-13,231.77427673339844,196.08090209960938,126.31233978271484,36.396400451660156,216.12576293945312,46.32453536987305,60.06818771362305,29.157514572143555,66.02427673339844,6.7199015617370605,72.8603744506836,,137.18328857421875,9.999999747378752e-05
2020-04-14,238.85043334960938,204.60865783691406,130.14662170410156,37.0371208190918,224.899658203125,48.77388000488281,61.75286102294922,29.74151039123535,69.35872650146484,7.07102632522583,72.8603744506836,,137.1498565673828,9.999999747378752e-05
2020-04-15,233.65086364746094,202.26182556152344,127.0920639038086,35.99699401855469,220.0284881591797,47.980018615722656,59.30530548095703,29.08243179321289,68.72563934326172,6.993579387664795,73.21967315673828,,140.78277587890625,9.999999747378752e-05
2020-04-16,234.8317413330078,205.9511260986328,127.68827056884766,36.005313873291016,222.3106231689453,48.98686218261719,58.62986373901367,29.24928855895996,69.271728515625,7.3387250900268555,73.26146697998047,,142.38168334960938,9.999999747378752e-05
2020-04-17,241.31288146972656,207.92127990722656,131.30242919921875,36.94559097290039,225.8873291015625,50.59394073486328,60.48141860961914,29.724817276000977,68.3318099975586,7.279458999633789,73.16123962402344,,140.4730682373047,9.999999747378752e-06
2020-04-18,241.31288146972656,207.92127990722656,131.30242919921875,36.94559097290039,225.8873291015625,50.59394073486328,60.48141860961914,29.724817276000977,68.3318099975586,7.279458999633789,73.16123962402344,,140.4730682373047,9.999999747378752e-06
2020-04-19,241.31288146972656,207.92127990722656,131.30242919921875,36.94559097290039,225.8873291015625,50.59394073486328,60.48141860961914,29.724817276000977,68.3318099975586,7.279458999633789,73.16123962402344,,140.4730682373047,9.999999747378752e-06
2020-04-20,236.96463012695312,205.45851135253906,129.17433166503906,36.41304016113281,222.13804626464844,51.11672592163086,58.232521057128906,29.507909774780273,66.9134750366211,7.148223400115967,73.0442123413086,,141.60316467285156,9.999999747378752e-06
2020-04-21,229.72372436523438,197.87721252441406,125.16571807861328,35.63086700439453,213.00933837890625,48.99654769897461,57.17564010620117,28.690319061279297,64.84513092041016,6.7114338874816895,73.1361083984375,,143.38616943359375,9.999999747378752e-06
2020-04-22,234.77679443359375,203.74911499023438,127.99098205566406,36.354801177978516,221.08326721191406,50.74884033203125,58.04977035522461,29.43282699584961,66.71292114257812,7.1258111000061035,73.07762908935547,,141.92129516601562,9.999999747378752e-06
2020-04-23,234.73104858398438,203.31451416015625,128.00936889648438,36.27157974243164,219.95176696777344,50.35190963745117,57.565032958984375,29.31601905822754,66.45439147949219,7.072519302368164,73.19463348388672,,142.67466735839844,9.999999747378752e-06
2020-04-24,238.1364288330078,206.5208740234375,129.9173126220703,36.57114791870117,224.2763671875,51.368438720703125,57.811370849609375,29.274311065673828,68.37288665771484,7.211474418640137,73.16954040527344,,143.00946044921875,9.999999747378752e-06
2020-04-25,238.1364288330078,206.5208740234375,129.9173126220703,36.57114791870117,224.2763671875,51.368438720703125,57.811370849609375,29.274311065673828,68.37288665771484,7.211474418640137,73.16954040527344,,143.00946044921875,9.999999747378752e-06
2020-04-26,238.1364288330078,206.5208740234375,129.9173126220703,36.57114791870117,224.2763671875,51.368438720703125,57.811370849609375,29.274311065673828,68.37288665771484,7.211474418640137,73.16954040527344,,143.00946044921875,9.999999747378752e-06
2020-04-27,241.57835388183594,208.18202209472656,132.2197265625,37.0870475769043,226.82699584960938,53.866188049316406,59.7900505065918,29.82493019104004,68.42121124267578,7.397994041442871,72.91057586669922,,140.34756469726562,9.999999747378752e-06
2020-04-28,240.4615478515625,204.26095581054688,131.80691528320312,37.35332489013672,223.95034790039062,52.326873779296875,60.28276062011719,29.900014877319336,67.3121566772461,7.255552291870117,73.12776947021484,,141.96311950683594,9.999999747378752e-06
2020-04-29,246.658935546875,211.5042724609375,135.5403594970703,38.3352165222168,233.51058959960938,54.82462692260742,61.18865966796875,30.709245681762695,69.52301788330078,7.432358741760254,73.17792510986328,,141.22647094726562,9.999999747378752e-06
2020-04-30,244.50772094726562,211.41734313964844,133.77914428710938,37.56967544555664,232.0530242919922,53.566070556640625,60.48141860961914,30.17531394958496,70.98967742919922,7.2784624099731445,73.11943817138672,,139.57742309570312,9.999999747378752e-06
2020-05-01,237.84344482421875,205.45851135253906,130.08242797851562,36.66267395019531,225.3887176513672,50.71011734008789,58.43916702270508,29.165861129760742,69.84680938720703,7.041890621185303,73.08928680419922,,140.77259826660156,9.999999747378752e-06
2020-05-02,237.84344482421875,205.45851135253906,130.08242797851562,36.66267395019531,225.3887176513672,50.71011734008789,58.43916702270508,29.165861129760742,69.84680938720703,7.041890621185303,73.08928680419922,,140.77259826660156,9.999999747378752e-06
2020-05-03,237.84344482421875,205.45851135253906,130.08242797851562,36.66267395019531,225.3887176513672,50.71011734008789,58.43916702270508,29.165861129760742,69.84680938720703,7.041890621185303,73.08928680419922,,140.77259826660156,9.999999747378752e-06
2020-05-04,238.59410095214844,207.8536376953125,130.57781982421875,36.72092819213867,228.1599578857422,52.578590393066406,58.15306854248047,29.532943725585938,70.83504486083984,7.253809452056885,73.16461944580078,,140.1104736328125,9.999999747378752e-06
2020-05-05,240.79110717773438,210.2101287841797,131.7886199951172,36.854061126708984,231.6886444091797,53.30467987060547,58.43916702270508,29.666418075561523,71.89820861816406,7.314821243286133,73.09765625,,139.213623046875,9.999999747378752e-06
2020-05-06,239.1708526611328,211.5042724609375,131.06399536132812,36.704280853271484,233.35711669921875,53.566070556640625,57.390193939208984,29.591337203979492,72.64000701904297,7.415673732757568,72.77113342285156,,136.96730041503906,9.999999747378752e-06
2020-05-07,241.99945068359375,214.2277374267578,132.77931213378906,37.15361785888672,237.55714416503906,54.79558181762695,58.208683013916016,29.783218383789062,73.39144134521484,7.591983795166016,73.00556182861328,,139.25547790527344,9.999999747378752e-06
2020-05-08,246.04562377929688,217.16372680664062,135.2743377685547,37.769378662109375,241.07627868652344,56.44138717651367,59.591392517089844,30.45063018798828,75.13827514648438,7.781988143920898,72.7962417602539,,137.44503784179688,9.999999747378752e-06
2020-05-09,246.04562377929688,217.16372680664062,135.2743377685547,37.769378662109375,241.07627868652344,56.44138717651367,59.591392517089844,30.45063018798828,75.13827514648438,7.781988143920898,72.7962417602539,,137.44503784179688,9.999999747378752e-06
2020-05-10,246.04562377929688,217.16372680664062,135.2743377685547,37.769378662109375,241.07627868652344,56.44138717651367,59.591392517089844,30.45063018798828,75.13827514648438,7.781988143920898,72.7962417602539,,137.44503784179688,9.999999747378752e-06
2020-05-11,246.0821990966797,219.1048583984375,135.29269409179688,37.73609924316406,242.73512268066406,57.77739334106445,58.7252197265625,30.300458908081055,76.32064056396484,8.0339994430542,72.57020568847656,,136.37213134765625,
2020-05-12,241.12979125976562,214.5175018310547,132.41241455078125,37.35332489013672,237.51873779296875,56.305850982666016,56.05517578125,30.208681106567383,75.44841003417969,7.772026538848877,72.80461883544922,,137.77188110351562,
2020-05-13,236.85482788085938,211.83261108398438,129.7522430419922,37.0787353515625,233.29957580566406,54.5341911315918,54.69630432128906,30.116918563842773,74.53744506835938,7.7496137619018555,72.88833618164062,,138.7359161376953,0.000699999975040555
2020-05-14,239.71090698242188,214.23736572265625,131.14651489257812,36.920631408691406,236.10914611816406,54.45674133300781,54.887027740478516,30.208681106567383,74.995361328125,7.9991374015808105,73.08928680419922,,140.0936737060547,0.004000000189989805
2020-05-15,240.79110717773438,215.6281280517578,131.9353485107422,36.79581069946289,237.49960327148438,56.23808288574219,54.6724739074707,29.83326530456543,74.55196380615234,8.45759105682373,73.13114166259766,,139.7332763671875,0.00800000037997961
2020-05-16,240.79110717773438,215.6281280517578,131.9353485107422,36.79581069946289,237.49960327148438,56.23808288574219,54.6724739074707,29.83326530456543,74.55196380615234,8.45759105682373,73.13114166259766,,139.7332763671875,0.00800000037997961
2020-05-17,240.79110717773438,215.6281280517578,131.9353485107422,36.79581069946289,237.49960327148438,56.23808288574219,54.6724739074707,29.83326530456543,74.55196380615234,8.45759105682373,73.13114166259766,,139.7332763671875,0.00800000037997961
2020-05-18,248.1510009765625,219.64572143554688,136.3109130859375,38.227046966552734,243.22422790527344,57.97101974487305,57.90672302246094,30.959524154663086,76.30852508544922,8.716073989868164,72.99720764160156,,136.66552734375,0.00800000037997961
2020-05-19,245.8075714111328,219.09521484375,134.8616180419922,37.83595275878906,242.48583984375,57.91292953491211,57.127960205078125,30.650854110717773,75.8675537109375,8.771112442016602,73.08928680419922,,137.17689514160156,
2020-05-20,249.81712341308594,223.47019958496094,137.35667419433594,38.47666931152344,248.03787231445312,59.84916687011719,57.63654327392578,31.034605026245117,77.34304809570312,8.934967994689941,73.28182220458984,,137.5875701904297,0.0010999999940395355
2020-05-21,248.02294921875,221.03648376464844,136.53102111816406,38.093894958496094,244.96939086914062,60.00407028198242,57.684207916259766,30.71759033203125,76.76642608642578,8.740979194641113,73.35717010498047,,137.9311981201172,0.0010999999940395355
2020-05-22,248.58128356933594,221.79942321777344,136.9163055419922,37.81930923461914,246.16795349121094,60.75920104980469,58.462982177734375,30.13360595703125,77.26067352294922,8.990998268127441,73.38227081298828,,138.76104736328125,0.0010999999940395355
2020-05-23,248.58128356933594,221.79942321777344,136.9163055419922,37.81930923461914,246.16795349121094,60.75920104980469,58.462982177734375,30.13360595703125,77.26067352294922,8.990998268127441,73.38227081298828,,138.76104736328125,0.0010999999940395355
2020-05-24,248.58128356933594,221.79942321777344,136.9163055419922,37.81930923461914,246.16795349121094,60.75920104980469,58.462982177734375,30.13360595703125,77.26067352294922,8.990998268127441,73.38227081298828,,138.76104736328125,0.0010999999940395355
2020-05-25,248.58128356933594,221.79942321777344,136.9163055419922,37.81930923461914,246.16795349121094,60.75920104980469,58.462982177734375,30.13360595703125,77.26067352294922,8.990998268127441,73.38227081298828,,138.76104736328125,0.0010999999940395355
2020-05-26,251.776123046875,221.20066833496094,138.82431030273438,38.86775207519531,246.3406219482422,60.89474105834961,60.648284912109375,30.801021575927734,76.73735809326172,8.683701515197754,73.34042358398438,,136.90029907226562,0.0010999999940395355
2020-05-27,255.44691467285156,222.40786743164062,141.0166778564453,39.22556686401367,247.7117919921875,60.51716995239258,61.85616683959961,30.834386825561523,77.07170104980469,8.49195671081543,73.37393951416016,,136.64874267578125,0.0010999999940395355
2020-05-28,254.9434356689453,222.11813354492188,140.53048706054688,39.40031051635742,247.21319580078125,59.781402587890625,62.150203704833984,30.63416290283203,77.10559844970703,8.453855514526367,73.39904022216797,,136.1458282470703,0.0005000000237487257
2020-05-29,256.0876159667969,225.37278747558594,140.99835205078125,39.45024108886719,250.30079650878906,60.81728744506836,61.530364990234375,31.168088912963867,77.03050231933594,8.840839385986328,73.60834503173828,,137.11814880371094,0.0005000000237487257
2020-05-30,256.0876159667969,225.37278747558594,140.99835205078125,39.45024108886719,250.30079650878906,60.81728744506836,61.530364990234375,31.168088912963867,77.03050231933594,8.840839385986328,73.60834503173828,,137.11814880371094,0.0005000000237487257
2020-05-31,256.0876159667969,225.37278747558594,140.99835205078125,39.45024108886719,250.30079650878906,60.81728744506836,61.530364990234375,31.168088912963867,77.03050231933594,8.840839385986328,73.60834503173828,,137.11814880371094,0.0005000000237487257
2020-06-01,257.20452880859375,226.04879760742188,141.95233154296875,40.298988342285156,251.1063232421875,62.734169006347656,62.95278549194336,31.877212524414062,77.97781372070312,8.771856307983398,73.54878997802734,84.83788299560547,136.19493103027344,0.0005000000237487257
2020-06-02,259.31915283203125,227.5651092529297,143.02554321289062,40.898109436035156,253.35009765625,63.508663177490234,63.46136474609375,32.61971664428711,78.33880615234375,8.79078197479248,73.60755157470703,84.84044647216797,135.6998291015625,0.0005000000237487257
2020-06-03,262.74267578125,228.5887908935547,145.25460815429688,41.78014373779297,255.70904541015625,63.77005386352539,65.49568939208984,33.253761291503906,78.77007293701172,8.735250473022461,73.4397201538086,84.84212493896484,133.89541625976562,0.001500000013038516
2020-06-04,262.0744934082031,226.985595703125,144.7959442138672,41.4889030456543,253.19668579101562,61.91126251220703,64.84407806396484,32.83662033081055,78.09166717529297,8.736248970031738,73.26358795166016,84.84212493896484,131.9567108154297,0.001500000013038516
2020-06-05,268.7753601074219,231.48614501953125,148.510986328125,42.29604721069336,259.314453125,62.201698303222656,67.2995834350586,33.59580612182617,80.31582641601562,8.889219284057617,73.25521087646484,84.83788299560547,131.0167236328125,0.001500000013038516
2020-06-06,268.7753601074219,231.48614501953125,148.510986328125,42.29604721069336,259.314453125,62.201698303222656,67.2995834350586,33.59580612182617,80.31582641601562,8.889219284057617,73.25521087646484,84.83788299560547,131.0167236328125,0.001500000013038516
2020-06-07,268.7753601074219,231.48614501953125,148.510986328125,42.29604721069336,259.314453125,62.201698303222656,67.2995834350586,33.59580612182617,80.31582641601562,8.889219284057617,73.25521087646484,84.83788299560547,131.0167236328125,0.001500000013038516
2020-06-08,272.0342712402344,233.28248596191406,150.52908325195312,42.7869873046875,260.90618896484375,63.28599548339844,68.96835327148438,33.862770080566406,80.7906723022461,8.774616241455078,73.33068084716797,84.83788299560547,131.52023315429688,0.001500000013038516
2020-06-09,270.1026916503906,234.9725799560547,149.1531524658203,42.32101058959961,261.49114990234375,63.518341064453125,67.82405090332031,33.67923355102539,83.34188842773438,9.01478099822998,73.38106536865234,84.83788299560547,133.01417541503906,0.001500000013038516
2020-06-10,268.41839599609375,237.79261779785156,148.043212890625,42.27108383178711,265.38421630859375,64.3896484375,66.0996322631836,33.8460807800293,85.48607635498047,9.33442497253418,73.6913833618164,84.84212493896484,134.9864044189453,0.0017999999690800905
2020-06-11,252.94781494140625,226.01019287109375,139.31051635742188,39.991111755371094,250.262451171875,59.607139587402344,61.85616683959961,32.1191520690918,81.38184356689453,8.765894889831543,73.55718994140625,84.84212493896484,137.53787231445312,0.0017999999690800905
2020-06-12,255.9961700439453,227.80653381347656,141.2367706298828,40.76496505737305,253.34056091308594,60.43003845214844,64.0732650756836,32.853302001953125,82.08447265625,8.901676177978516,73.63268280029297,84.84212493896484,136.21176147460938,0.0017999999690800905
2020-06-13,255.9961700439453,227.80653381347656,141.2367706298828,40.76496505737305,253.34056091308594,60.43003845214844,64.0732650756836,32.853302001953125,82.08447265625,8.901676177978516,73.63268280029297,84.84212493896484,136.21176147460938,0.0017999999690800905
2020-06-14,255.9961700439453,227.80653381347656,141.2367706298828,40.76496505737305,253.34056091308594,60.43003845214844,64.0732650756836,32.853302001953125,82.08447265625,8.901676177978516,73.63268280029297,84.84212493896484,136.21176147460938,0.0017999999690800905
2020-06-15,258.33056640625,230.57827758789062,142.7503662109375,40.80657958984375,256.4952392578125,62.57926559448242,64.97917938232422,32.71981430053711,83.09960174560547,9.14209270477295,73.78368377685547,84.84212493896484,136.2872772216797,0.0015999999595806003
2020-06-16,263.38360595703125,234.5379638671875,145.4931182861328,41.27256393432617,261.8938903808594,64.56391906738281,66.25858306884766,32.844966888427734,85.30194854736328,9.03720474243164,73.6913833618164,84.84212493896484,134.19754028320312,
2020-06-17,262.17529296875,235.28160095214844,144.7867889404297,41.380733489990234,261.6925354003906,64.37996673583984,65.29704284667969,33.145286560058594,85.1832275390625,9.204127311706543,73.70816802978516,84.84634399414062,134.75143432617188,0.009999999776482582
2020-06-18,262.41326904296875,235.91900634765625,144.90602111816406,41.28919982910156,263.121337890625,65.47394561767578,64.58186340332031,33.15363693237305,85.21715545654297,9.18619155883789,73.79208374023438,84.84976196289062,136.1781768798828,0.0010000000474974513
2020-06-19,260.8662109375,235.88040161132812,144.0896453857422,41.122772216796875,261.3761291503906,65.86119079589844,63.644161224365234,33.212039947509766,84.73014068603516,9.229290008544922,73.81722259521484,84.85057830810547,136.2872772216797,0.0010000000474974513
2020-06-20,260.8662109375,235.88040161132812,144.0896453857422,41.122772216796875,261.3761291503906,65.86119079589844,63.644161224365234,33.212039947509766,84.73014068603516,9.229290008544922,73.81722259521484,84.85057830810547,136.2872772216797,0.0010000000474974513
2020-06-21,260.8662109375,235.88040161132812,144.0896453857422,41.122772216796875,261.3761291503906,65.86119079589844,63.644161224365234,33.212039947509766,84.73014068603516,9.229290008544922,73.81722259521484,84.85057830810547,136.2872772216797,0.0010000000474974513
2020-06-22,262.5963134765625,238.70919799804688,145.08946228027344,41.651363372802734,266.2161560058594,69.01726531982422,63.58058166503906,33.57231140136719,86.94701385498047,9.493874549865723,73.79208374023438,84.84634399414062,136.3040771484375,0.0010999999940395355
2020-06-23,263.786376953125,240.74087524414062,145.65821838378906,41.90227127075195,267.9656982421875,70.09187316894531,63.318359375,33.90745544433594,88.8028793334961,9.417390823364258,73.7585220336914,84.84634399414062,135.37249755859375,0.0010999999940395355
2020-06-24,257.0398254394531,235.77784729003906,141.70460510253906,40.99899673461914,261.90948486328125,67.09071350097656,61.514461517333984,33.39636993408203,87.23532104492188,9.203629493713379,73.76688385009766,84.84634399414062,136.82437133789062,0.0010999999940395355
2020-06-25,259.758544921875,238.0222930908203,143.41856384277344,41.417179107666016,265.3893737792969,68.32990264892578,62.30015563964844,33.53879928588867,88.39344024658203,9.457249641418457,73.8423843383789,84.84634399414062,137.21888732910156,
2020-06-26,253.6710205078125,232.4014434814453,140.0828399658203,40.87353515625,260.4869689941406,66.77122497558594,61.104373931884766,33.13662338256836,85.677490234375,9.123404502868652,73.97661590576172,84.84212493896484,138.6875762939453,0.0020000000949949026
2020-06-27,253.6710205078125,232.4014434814453,140.0828399658203,40.87353515625,260.4869689941406,66.77122497558594,61.104373931884766,33.13662338256836,85.677490234375,9.123404502868652,73.97661590576172,84.84212493896484,138.6875762939453,0.0020000000949949026
2020-06-28,253.6710205078125,232.4014434814453,140.0828399658203,40.87353515625,260.4869689941406,66.77122497558594,61.104373931884766,33.13662338256836,85.677490234375,9.123404502868652,73.97661590576172,84.84212493896484,138.6875762939453,0.0020000000949949026
2020-06-29,257.3728942871094,234.93617248535156,142.1376953125,41.199729919433594,263.1401062011719,67.14878845214844,62.284095764160156,33.354469299316406,87.65205383300781,9.168251037597656,74.02693176269531,84.85057830810547,138.25119018554688,0.0010999999940395355
2020-06-30,260.8050842285156,239.5412139892578,144.23867797851562,41.12444305419922,267.91754150390625,69.03662872314453,63.02242660522461,33.18690872192383,88.38374328613281,9.464974403381348,74.10242462158203,84.85057830810547,137.57972717285156,0.0010999999940395355
2020-07-01,262.59027099609375,242.337158203125,145.07723999023438,41.33353805541992,268.5520324707031,71.15680694580078,64.4749755859375,33.630958557128906,88.21654510498047,9.497112274169922,74.12091827392578,84.84720611572266,137.31253051757812,0.0010999999940395355
2020-07-02,263.91534423828125,243.9818115234375,145.6577911376953,41.94409942626953,270.0227966308594,72.55089569091797,64.29042053222656,34.426910400390625,88.21654510498047,9.579081535339355,74.23858642578125,84.8522720336914,137.45541381835938,0.0010999999940395355
2020-07-03,263.91534423828125,243.9818115234375,145.6577911376953,41.94409942626953,270.0227966308594,72.55089569091797,64.29042053222656,34.426910400390625,88.21654510498047,9.579081535339355,74.23858642578125,84.8522720336914,137.45541381835938,0.0010999999940395355
2020-07-04,263.91534423828125,243.9818115234375,145.6577911376953,41.94409942626953,270.0227966308594,72.55089569091797,64.29042053222656,34.426910400390625,88.21654510498047,9.579081535339355,74.23858642578125,84.8522720336914,137.45541381835938,0.0010999999940395355
2020-07-05,263.91534423828125,243.9818115234375,145.6577911376953,41.94409942626953,270.0227966308594,72.55089569091797,64.29042053222656,34.426910400390625,88.21654510498047,9.579081535339355,74.23858642578125,84.8522720336914,137.45541381835938,0.0010999999940395355
2020-07-06,268.0100402832031,249.98001098632812,147.95225524902344,42.880828857421875,274.290771484375,75.27131652832031,64.25829315185547,35.94340896606445,90.57637023925781,9.805294036865234,74.2133560180664,84.84720611572266,136.8924560546875,0.0012000000569969416
2020-07-07,265.2310791015625,248.25799560546875,146.4502410888672,42.28700637817383,271.7723693847656,76.32656860351562,62.98231887817383,35.3736686706543,90.29533386230469,9.837685585021973,74.33098602294922,84.84720611572266,138.81663513183594,0.0010999999940395355
2020-07-08,267.20037841796875,251.5278778076172,147.64817810058594,42.83064651489258,276.49212646484375,78.1466293334961,62.89402770996094,36.32042694091797,92.39830017089844,10.180746078491211,74.28895568847656,84.84720611572266,138.26205444335938,0.0012000000569969416
2020-07-09,265.8385009765625,253.6466827392578,146.73590087890625,42.454280853271484,277.6072692871094,78.49515533447266,62.50078201293945,36.34556579589844,92.795654296875,10.472735404968262,74.49066162109375,84.8556900024414,140.4635009765625,0.0012000000569969416
2020-07-10,268.5069274902344,255.37843322753906,148.3115997314453,42.67173767089844,277.0689697265625,78.31121826171875,62.69338607788086,36.09421920776367,92.95796966552734,10.443086624145508,74.4066390991211,84.85905456542969,139.75772094726562,
2020-07-11,268.5069274902344,255.37843322753906,148.3115997314453,42.67173767089844,277.0689697265625,78.31121826171875,62.69338607788086,36.09421920776367,92.95796966552734,10.443086624145508,74.4066390991211,84.85905456542969,139.75772094726562,
2020-07-12,268.5069274902344,255.37843322753906,148.3115997314453,42.67173767089844,277.0689697265625,78.31121826171875,62.69338607788086,36.09421920776367,92.95796966552734,10.443086624145508,74.4066390991211,84.85905456542969,139.75772094726562,
2020-07-13,266.0777282714844,250.12518310546875,146.70828247070312,42.39573669433594,270.7437438964844,75.64888763427734,61.94703674316406,35.91826629638672,92.5291519165039,10.017561912536621,74.44029235839844,84.8556900024414,140.21978759765625,0.0013000000035390258
2020-07-14,269.6387939453125,251.8955841064453,148.6341552734375,42.872474670410156,273.98321533203125,76.30720520019531,62.46866989135742,35.93502426147461,94.06036376953125,10.341190338134766,74.5326919555664,84.8514404296875,140.42144775390625,0.00139999995008111
2020-07-15,272.0312194824219,252.40834045410156,150.4770965576172,43.24884033203125,275.69427490234375,78.34993743896484,63.07858657836914,35.968544006347656,94.707275390625,10.191956520080566,74.54107666015625,84.8514404296875,139.76609802246094,0.004000000189989805
2020-07-16,271.23992919921875,250.6862335205078,149.804443359375,42.86410140991211,272.21453857421875,77.21723937988281,62.32421875,35.457454681396484,93.5418701171875,10.099775314331055,74.59150695800781,84.8514404296875,140.4298553466797,0.0020000000949949026
2020-07-17,271.9576110839844,250.9765167236328,150.37574768066406,43.106651306152344,273.8294372558594,78.09822845458984,63.13477325439453,35.61663818359375,93.3529052734375,10.166292190551758,74.66714477539062,84.8514404296875,140.13571166992188,0.0020000000949949026
2020-07-18,271.9576110839844,250.9765167236328,150.37574768066406,43.106651306152344,273.8294372558594,78.09822845458984,63.13477325439453,35.61663818359375,93.3529052734375,10.166292190551758,74.66714477539062,84.8514404296875,140.13571166992188,0.0020000000949949026
2020-07-19,271.9576110839844,250.9765167236328,150.37574768066406,43.106651306152344,273.8294372558594,78.09822845458984,63.13477325439453,35.61663818359375,93.3529052734375,10.166292190551758,74.66714477539062,84.8514404296875,140.13571166992188,0.0020000000949949026
2020-07-20,274.2212829589844,258.0969543457031,151.52761840820312,43.399383544921875,281.019775390625,81.35111236572266,62.3803825378418,36.11934280395508,95.3202133178711,10.47447681427002,74.74280548095703,84.8514404296875,140.480224609375,0.004000000189989805
2020-07-21,274.791748046875,255.40740966796875,151.960693359375,43.64192581176758,278.3089294433594,79.88925170898438,62.532875061035156,36.387454986572266,94.004638671875,10.29285717010498,74.7848129272461,84.8514404296875,140.56431579589844,0.004000000189989805
2020-07-22,276.3561096191406,256.30718994140625,152.7531280517578,43.65866470336914,280.40460205078125,79.89893341064453,63.487884521484375,36.261775970458984,94.26871490478516,10.402727127075195,74.88563537597656,84.8514404296875,140.9844512939453,0.004000000189989805
2020-07-23,273.0526428222656,249.6124267578125,151.08526611328125,43.32410430908203,273.5122375488281,77.90460205078125,63.223052978515625,36.01881408691406,89.97793579101562,10.094793319702148,74.9528579711914,84.8514404296875,142.6312713623047,0.004000000189989805
2020-07-24,271.2859191894531,247.2421417236328,149.91500854492188,43.165191650390625,269.9843444824219,76.31688690185547,62.75758743286133,35.92665481567383,89.75503540039062,10.159320831298828,74.93610382080078,84.8514404296875,142.62290954589844,0.004000000189989805
2020-07-25,271.2859191894531,247.2421417236328,149.91500854492188,43.165191650390625,269.9843444824219,76.31688690185547,62.75758743286133,35.92665481567383,89.75503540039062,10.159320831298828,74.93610382080078,84.8514404296875,142.62290954589844,0.004000000189989805
2020-07-26,271.2859191894531,247.2421417236328,149.91500854492188,43.165191650390625,269.9843444824219,76.31688690185547,62.75758743286133,35.92665481567383,89.75503540039062,10.159320831298828,74.93610382080078,84.8514404296875,142.62290954589844,0.004000000189989805
2020-07-27,273.26434326171875,251.6537628173828,151.205078125,43.784114837646484,274.5599670410156,79.35678100585938,63.35147476196289,36.42934799194336,91.88224792480469,10.38553524017334,74.88563537597656,84.8514404296875,142.09353637695312,0.009750000201165676
2020-07-28,271.5711669921875,248.45144653320312,150.0993194580078,43.47465133666992,271.2819519042969,76.82030487060547,64.61141967773438,36.03556442260742,90.37285614013672,10.18024730682373,74.91930389404297,84.8514404296875,143.07655334472656,0.007300000172108412
2020-07-29,274.8561706542969,251.31509399414062,152.08963012695312,44.026649475097656,275.925048828125,77.51734924316406,65.86335754394531,36.67232894897461,92.10515594482422,10.429384231567383,75.03689575195312,84.8556900024414,142.8329315185547,0.007300000172108412
2020-07-30,273.85308837890625,252.63088989257812,151.7487335205078,43.47465133666992,277.3092346191406,77.83683776855469,65.43802642822266,36.245018005371094,93.21965026855469,10.577370643615723,75.0789566040039,84.8514404296875,143.7740478515625,0.007300000172108412
2020-07-31,276.14434814453125,257.13916015625,152.5227813720703,42.83064651489258,283.8363342285156,77.80780029296875,65.31764221191406,36.03556442260742,102.97868347167969,10.578118324279785,75.17977142333984,84.8556900024414,143.68157958984375,0.006000000052154064
2020-08-01,276.14434814453125,257.13916015625,152.5227813720703,42.83064651489258,283.8363342285156,77.80780029296875,65.31764221191406,36.03556442260742,102.97868347167969,10.578118324279785,75.17977142333984,84.8556900024414,143.68157958984375,0.006000000052154064
2020-08-02,276.14434814453125,257.13916015625,152.5227813720703,42.83064651489258,283.8363342285156,77.80780029296875,65.31764221191406,36.03556442260742,102.97868347167969,10.578118324279785,75.17977142333984,84.8556900024414,143.68157958984375,0.006000000052154064
2020-08-03,277.8835754394531,260.6123962402344,153.8496856689453,43.449562072753906,290.478759765625,81.01226806640625,64.4509048461914,36.312049865722656,105.57350158691406,10.972253799438477,75.1536865234375,84.8565444946289,142.95822143554688,0.003000000026077032
2020-08-04,279.05218505859375,261.5797424316406,154.4579315185547,43.784114837646484,291.430419921875,81.51569366455078,65.41395568847656,36.72260284423828,106.2785415649414,11.189002990722656,75.31361389160156,84.8565444946289,144.32090759277344,0.003000000026077032
2020-08-05,280.79132080078125,262.22796630859375,155.58206176757812,44.04338836669922,292.7089538574219,82.8807373046875,65.08491516113281,37.0996208190918,106.66377258300781,11.24779987335205,75.21263885498047,84.8565444946289,143.05914306640625,0.003000000026077032
2020-08-06,282.6777038574219,265.7011413574219,156.33767700195312,44.17721176147461,296.2367858886719,82.16433715820312,65.18925476074219,37.14989471435547,110.38518524169922,11.296382904052734,75.33049774169922,84.8565444946289,143.85829162597656,0.003000000026077032
2020-08-07,282.8248596191406,262.6343078613281,156.4667205810547,43.784114837646484,291.44976806640625,79.86019897460938,66.12017059326172,36.395835876464844,107.87548828125,11.16085147857666,75.24628448486328,84.86074829101562,142.8993377685547,0.00989999994635582
2020-08-08,282.8248596191406,262.6343078613281,156.4667205810547,43.784114837646484,291.44976806640625,79.86019897460938,66.12017059326172,36.395835876464844,107.87548828125,11.16085147857666,75.24628448486328,84.86074829101562,142.8993377685547,0.00989999994635582
2020-08-09,282.8248596191406,262.6343078613281,156.4667205810547,43.784114837646484,291.44976806640625,79.86019897460938,66.12017059326172,36.395835876464844,107.87548828125,11.16085147857666,75.24628448486328,84.86074829101562,142.8993377685547,0.00989999994635582
2020-08-10,283.7266845703125,261.5121154785156,156.89979553222656,43.917938232421875,290.52679443359375,80.8089599609375,66.22450256347656,36.387454986572266,109.44345092773438,11.126472473144531,75.16210174560547,84.8565444946289,142.2599334716797,0.0032999999821186066
2020-08-11,281.4354553222656,256.55877685546875,155.63735961914062,44.01830291748047,285.384033203125,78.97920989990234,65.26949310302734,36.25339889526367,106.1885986328125,10.812557220458984,74.901123046875,84.8565444946289,140.5692138671875,0.0032999999821186066
2020-08-12,285.291015625,263.0115661621094,157.7198944091797,44.821224212646484,291.6419372558594,81.2736587524414,65.92757415771484,36.69745635986328,109.71772766113281,11.40077018737793,74.70752716064453,84.86074829101562,139.2907257080078,0.0032999999821186066
2020-08-13,284.8033142089844,263.6114501953125,157.6001434326172,44.62886047363281,292.3533020019531,83.02596282958984,65.11701965332031,36.555030822753906,111.65946197509766,11.403510093688965,74.46333312988281,84.86074829101562,137.80174255371094,0.0032999999821186066
2020-08-14,284.8033142089844,263.3017578125,157.5540008544922,44.41139602661133,291.6323547363281,82.01911163330078,65.12504577636719,36.60529327392578,111.5599365234375,11.524093627929688,74.379150390625,84.86502075195312,137.2633819580078,0.003000000026077032
2020-08-15,284.8033142089844,263.3017578125,157.5540008544922,44.41139602661133,291.6323547363281,82.01911163330078,65.12504577636719,36.60529327392578,111.5599365234375,11.524093627929688,74.379150390625,84.86502075195312,137.2633819580078,0.003000000026077032
2020-08-16,284.8033142089844,263.3017578125,157.5540008544922,44.41139602661133,291.6323547363281,82.01911163330078,65.12504577636719,36.60529327392578,111.5599365234375,11.524093627929688,74.379150390625,84.86502075195312,137.2633819580078,0.003000000026077032
2020-08-17,285.7235412597656,266.3590087890625,158.22669982910156,44.82958221435547,294.1316223144531,84.83634185791016,65.65471649169922,36.999080657958984,111.26866912841797,12.294427871704102,74.47175598144531,84.86502075195312,137.6082763671875,0.003000000026077032
2020-08-18,286.3215637207031,268.9227600097656,158.46627807617188,44.81285858154297,295.0063171386719,85.75605010986328,65.34172058105469,37.13313674926758,112.19584655761719,12.218437194824219,74.57279205322266,84.86074829101562,138.5924835205078,0.003000000026077032
2020-08-19,285.1069030761719,267.1136474609375,157.84890747070312,44.53684616088867,294.5449523925781,86.02713012695312,64.194091796875,36.705841064453125,112.33660888671875,12.096607208251953,74.44652557373047,84.8667221069336,137.72604370117188,0.005400000140070915
2020-08-20,286.0086669921875,270.81890869140625,158.30044555664062,44.41975784301758,298.34197998046875,86.62736511230469,64.80403900146484,36.60529327392578,114.82933044433594,12.099102973937988,74.57279205322266,84.86074829101562,138.97100830078125,0.004999999888241291
2020-08-21,287.0301818847656,272.6958312988281,158.69671630859375,44.31939697265625,301.44696044921875,86.9662094116211,64.90835571289062,36.83988952636719,120.74675750732422,12.639731407165527,74.73274230957031,84.86074829101562,139.80377197265625,0.002099999925121665
2020-08-22,287.0301818847656,272.6958312988281,158.69671630859375,44.31939697265625,301.44696044921875,86.9662094116211,64.90835571289062,36.83988952636719,120.74675750732422,12.639731407165527,74.73274230957031,84.86074829101562,139.80377197265625,0.002099999925121665
2020-08-23,287.0301818847656,272.6958312988281,158.69671630859375,44.31939697265625,301.44696044921875,86.9662094116211,64.90835571289062,36.83988952636719,120.74675750732422,12.639731407165527,74.73274230957031,84.86074829101562,139.80377197265625,0.002099999925121665
2020-08-24,289.94708251953125,274.3985595703125,160.2170867919922,44.82958221435547,303.8982238769531,85.63987731933594,65.32567596435547,37.20853042602539,122.19092559814453,12.676353454589844,74.6485595703125,84.86074829101562,139.57667541503906,0.002099999925121665
2020-08-25,290.95916748046875,276.555908203125,160.75157165527344,44.996856689453125,305.34967041015625,86.646728515625,65.49420928955078,37.552059173583984,121.18852233886719,12.705999374389648,74.50542449951172,84.86502075195312,138.5083465576172,0.002099999925121665
2020-08-26,293.93145751953125,282.4574279785156,162.20750427246094,45.23103332519531,311.6653137207031,88.48616027832031,64.8923110961914,37.585575103759766,122.83655548095703,12.728919982910156,74.46333312988281,84.852294921875,137.9784698486328,0.002099999925121665
2020-08-27,294.52032470703125,281.57696533203125,162.59451293945312,44.837947845458984,311.4730529785156,87.87623596191406,65.8473129272461,37.36773681640625,121.36812591552734,12.584670066833496,74.19396209716797,84.86927032470703,135.6315155029297,0.002099999925121665
2020-08-28,296.43426513671875,283.0088195800781,163.72792053222656,45.24776840209961,314.48187255859375,89.4155502319336,66.28067779541016,37.82017135620117,121.17151641845703,13.102376937866211,74.25289916992188,84.86074829101562,135.53057861328125,0.002099999925121665
2020-08-29,296.43426513671875,283.0088195800781,163.72792053222656,45.24776840209961,314.48187255859375,89.4155502319336,66.28067779541016,37.82017135620117,121.17151641845703,13.102376937866211,74.25289916992188,84.86074829101562,135.53057861328125,0.002099999925121665
2020-08-30,296.43426513671875,283.0088195800781,163.72792053222656,45.24776840209961,314.48187255859375,89.4155502319336,66.28067779541016,37.82017135620117,121.17151641845703,13.102376937866211,74.25289916992188,84.86074829101562,135.53057861328125,0.002099999925121665
2020-08-31,295.39447021484375,285.2823791503906,163.35934448242188,44.72922134399414,315.44317626953125,92.29086303710938,65.60655212402344,37.02421951293945,125.28071594238281,13.328343391418457,74.47175598144531,84.86074829101562,136.4305877685547,0.002099999925121665
2020-09-01,298.15496826171875,290.1582946777344,164.80606079101562,44.996856689453125,322.95074462890625,94.1109390258789,65.65471649169922,37.769901275634766,130.27096557617188,13.777426719665527,74.67674255371094,84.84976196289062,137.99114990234375,0.002199999988079071
2020-09-02,302.4981689453125,292.9058532714844,167.00839233398438,45.373226165771484,325.25775146484375,93.87858581542969,66.8745346069336,37.66935348510742,127.57199096679688,14.30126667022705,74.83694458007812,84.85823822021484,139.3047637939453,0.002199999988079071
2020-09-03,292.0265808105469,278.0555419921875,161.20309448242188,44.38631057739258,306.0225830078125,86.94683837890625,66.072021484375,37.00746536254883,117.35844421386719,12.974466323852539,74.84537506103516,84.86246490478516,139.7006072998047,0.002199999988079071
2020-09-04,289.6894836425781,274.3501281738281,159.83004760742188,44.47831726074219,301.1585998535156,84.27483367919922,65.7269515991211,36.940433502197266,117.43609619140625,12.582703590393066,74.40685272216797,84.86246490478516,137.0479278564453,0.002199999988079071
2020-09-05,289.6894836425781,274.3501281738281,159.83004760742188,44.47831726074219,301.1585998535156,84.27483367919922,65.7269515991211,36.940433502197266,117.43609619140625,12.582703590393066,74.40685272216797,84.86246490478516,137.0479278564453,0.002199999988079071
2020-09-06,289.6894836425781,274.3501281738281,159.83004760742188,44.47831726074219,301.1585998535156,84.27483367919922,65.7269515991211,36.940433502197266,117.43609619140625,12.582703590393066,74.40685272216797,84.86246490478516,137.0479278564453,0.002199999988079071
2020-09-07,289.6894836425781,274.3501281738281,159.83004760742188,44.47831726074219,301.1585998535156,84.27483367919922,65.7269515991211,36.940433502197266,117.43609619140625,12.582703590393066,74.40685272216797,84.86246490478516,137.0479278564453,0.002199999988079071
2020-09-08,281.7299499511719,261.1637878417969,155.34249877929688,43.842655181884766,288.0371398925781,80.45075988769531,64.92440032958984,36.25339889526367,109.53326416015625,11.875436782836914,74.51646423339844,84.86246490478516,137.89002990722656,0.002199999988079071
2020-09-09,287.28778076171875,268.835693359375,158.38340759277344,44.5870361328125,297.130859375,83.81981658935547,65.56641387939453,36.72260284423828,113.90214538574219,12.674911499023438,74.46586608886719,84.86669921875,137.51951599121094,0.002199999988079071
2020-09-10,282.2635192871094,263.4759826660156,155.7848358154297,44.0350227355957,290.8632507324219,83.10340881347656,64.76390838623047,36.16960906982422,110.1837158203125,12.272933959960938,74.4827651977539,84.86246490478516,138.218505859375,0.002199999988079071
2020-09-11,282.47528076171875,261.6474609375,155.840087890625,44.44484329223633,288.5286865234375,82.6290283203125,64.40276336669922,36.43772506713867,108.73712921142578,12.12614917755127,74.5586166381836,84.86246490478516,138.51324462890625,0.002199999988079071
2020-09-12,282.47528076171875,261.6474609375,155.840087890625,44.44484329223633,288.5286865234375,82.6290283203125,64.40276336669922,36.43772506713867,108.73712921142578,12.12614917755127,74.5586166381836,84.86246490478516,138.51324462890625,0.002199999988079071
2020-09-13,282.47528076171875,261.6474609375,155.840087890625,44.44484329223633,288.5286865234375,82.6290283203125,64.40276336669922,36.43772506713867,108.73712921142578,12.12614917755127,74.5586166381836,84.86246490478516,138.51324462890625,0.002199999988079071
2020-09-14,286.1466979980469,266.20416259765625,158.2727813720703,44.82958221435547,294.6663818359375,86.24979400634766,65.97572326660156,37.04096603393555,111.99923706054688,12.8316650390625,74.5586166381836,84.86246490478516,138.5048065185547,0.008999999612569809
2020-09-15,287.6190185546875,269.9772644042969,159.1758270263672,45.1390380859375,297.884521484375,88.9024429321289,66.77020263671875,37.459896087646484,112.17400360107422,12.950040817260742,74.6008071899414,84.86246490478516,138.16798400878906,0.008999999612569809
2020-09-16,286.4595947265625,265.672119140625,158.650634765625,45.0721321105957,293.4233703613281,88.71849822998047,67.12332153320312,37.32584762573242,108.86333465576172,12.475042343139648,74.58391571044922,84.86246490478516,137.75526428222656,0.002300000051036477
2020-09-17,283.9566955566406,261.5217590332031,157.3420867919922,45.05540084838867,290.7928771972656,86.4531021118164,65.81521606445312,37.258811950683594,107.12549591064453,12.424203872680664,74.58391571044922,84.86246490478516,138.1763916015625,0.002300000051036477
2020-09-18,280.6532897949219,258.18402099609375,155.81243896484375,44.720855712890625,286.5244445800781,87.01461029052734,64.33053588867188,36.965572357177734,103.72744750976562,12.150816917419434,74.49960327148438,84.86246490478516,137.7469024658203,0.002300000051036477
2020-09-19,280.6532897949219,258.18402099609375,155.81243896484375,44.720855712890625,286.5244445800781,87.01461029052734,64.33053588867188,36.965572357177734,103.72744750976562,12.150816917419434,74.49960327148438,84.86246490478516,137.7469024658203,0.002300000051036477
2020-09-20,280.6532897949219,258.18402099609375,155.81243896484375,44.720855712890625,286.5244445800781,87.01461029052734,64.33053588867188,36.965572357177734,103.72744750976562,12.150816917419434,74.49960327148438,84.86246490478516,137.7469024658203,0.002300000051036477
2020-09-21,277.60748291015625,258.8031921386719,153.9326629638672,43.86988067626953,289.16455078125,87.69229888916016,62.39645004272461,36.65762710571289,106.87307739257812,12.477787017822266,74.541748046875,84.86246490478516,138.44581604003906,0.002199999988079071
2020-09-22,280.41400146484375,263.6114501953125,155.4623260498047,43.78571701049805,293.96295166015625,88.78627014160156,63.142791748046875,36.33613967895508,108.55265808105469,12.597906112670898,74.56707763671875,84.86246490478516,138.3363800048828,0.002199999988079071
2020-09-23,273.9175720214844,255.56224060058594,151.71189880371094,43.255435943603516,285.1756286621094,85.14613342285156,61.24081802368164,35.76930618286133,103.99932098388672,12.085526466369629,74.39839172363281,84.86246490478516,138.52162170410156,0.002199999988079071
2020-09-24,274.67218017578125,256.75225830078125,152.03439331054688,43.179683685302734,286.0523986816406,85.09774017333984,61.56985092163086,35.66779327392578,105.0672607421875,12.309069633483887,74.40685272216797,84.86246490478516,139.05218505859375,0.008899999782443047
2020-09-25,279.070556640625,262.7213439941406,154.4807586669922,43.3396110534668,293.2594909667969,87.85687255859375,62.839561462402344,35.659332275390625,109.00899505615234,12.833162307739258,74.39839172363281,84.86669921875,139.05218505859375,0.002400000113993883
2020-09-26,279.070556640625,262.7213439941406,154.4807586669922,43.3396110534668,293.2594909667969,87.85687255859375,62.839561462402344,35.659332275390625,109.00899505615234,12.833162307739258,74.39839172363281,84.86669921875,139.05218505859375,0.002400000113993883
2020-09-27,279.070556640625,262.7213439941406,154.4807586669922,43.3396110534668,293.2594909667969,87.85687255859375,62.839561462402344,35.659332275390625,109.00899505615234,12.833162307739258,74.39839172363281,84.86669921875,139.05218505859375,0.002400000113993883
2020-09-28,283.74505615234375,268.17791748046875,157.2843475341797,43.928802490234375,298.69384765625,88.79595184326172,64.12548828125,36.0146598815918,111.61090087890625,12.993903160095215,74.46586608886719,84.86669921875,138.6564178466797,0.002400000113993883
2020-09-29,282.12701416015625,266.968505859375,156.40533447265625,43.86988067626953,297.8748474121094,89.81246948242188,63.66450119018555,35.99773025512695,110.76625061035156,13.184052467346191,74.51646423339844,84.86669921875,138.81649780273438,0.00839999970048666
2020-09-30,284.29864501953125,268.7970275878906,157.58033752441406,43.911964416503906,300.0910339355469,89.06702423095703,63.85858154296875,36.581485748291016,112.4361343383789,13.487842559814453,74.39839172363281,84.86669921875,137.48585510253906,0.00839999970048666
2020-10-01,286.1005859375,273.0634460449219,158.89425659179688,44.2654914855957,303.8294677734375,91.52604675292969,65.13642120361328,36.902957916259766,113.3875961303711,13.571578025817871,74.47441864013672,84.86671447753906,137.71261596679688,0.002400000113993883
2020-10-02,283.43914794921875,265.3819580078125,157.6543731689453,44.071895599365234,296.8341979980469,89.37682342529297,66.26058197021484,36.49687576293945,109.72740173339844,13.021066665649414,74.4237289428711,84.86248016357422,137.1983642578125,0.002400000113993883
2020-10-03,283.43914794921875,265.3819580078125,157.6543731689453,44.071895599365234,296.8341979980469,89.37682342529297,66.26058197021484,36.49687576293945,109.72740173339844,13.021066665649414,74.4237289428711,84.86248016357422,137.1983642578125,0.002400000113993883
2020-10-04,283.43914794921875,265.3819580078125,157.6543731689453,44.071895599365234,296.8341979980469,89.37682342529297,66.26058197021484,36.49687576293945,109.72740173339844,13.021066665649414,74.4237289428711,84.86248016357422,137.1983642578125,0.002400000113993883
2020-10-05,288.39239501953125,271.04150390625,160.49490356445312,44.720008850097656,303.5789794921875,92.8330078125,66.64068603515625,36.97064971923828,113.10603332519531,13.5994873046875,74.14497375488281,84.87010192871094,134.5176239013672,0.002400000113993883
2020-10-06,284.36334228515625,266.20416259765625,158.51492309570312,44.40016555786133,299.3971862792969,92.6200180053711,66.20397186279297,37.08062744140625,109.86335754394531,13.693192481994629,74.24632263183594,84.86671447753906,135.24261474609375,0.002400000113993883
2020-10-07,289.2425842285156,270.80926513671875,161.28140258789062,44.846275329589844,305.062744140625,96.04716491699219,66.30101776123047,37.427490234375,111.7273941040039,13.919973373413086,74.14497375488281,84.86671447753906,134.2563018798828,0.002400000113993883
2020-10-08,291.8022155761719,272.2508239746094,162.69705200195312,45.1577033996582,306.4020690917969,97.36380767822266,67.40900421142578,37.706668853759766,111.62061309814453,13.795120239257812,74.2717056274414,84.86671447753906,134.98126220703125,0.002400000113993883
2020-10-09,294.3990478515625,276.4107666015625,164.06639099121094,45.4691276550293,311.5762023925781,99.48399353027344,67.14212036132812,37.96894836425781,113.56233978271484,13.719358444213867,74.28857421875,84.86671447753906,134.95599365234375,0.002400000113993883
2020-10-10,294.3990478515625,276.4107666015625,164.06639099121094,45.4691276550293,311.5762023925781,99.48399353027344,67.14212036132812,37.96894836425781,113.56233978271484,13.719358444213867,74.28857421875,84.86671447753906,134.95599365234375,0.002400000113993883
2020-10-11,294.3990478515625,276.4107666015625,164.06639099121094,45.4691276550293,311.5762023925781,99.48399353027344,67.14212036132812,37.96894836425781,113.56233978271484,13.719358444213867,74.28857421875,84.86671447753906,134.95599365234375,0.002400000113993883
2020-10-12,299.14886474609375,284.94378662109375,166.49978637695312,45.73847961425781,319.428955078125,99.06770324707031,67.45751953125,38.34117889404297,120.77588653564453,14.18114948272705,74.39840698242188,84.86671447753906,135.38589477539062,0.002400000113993883
2020-10-13,297.23590087890625,284.93402099609375,165.6208953857422,45.34287643432617,317.87774658203125,101.4880142211914,66.30101776123047,38.17197799682617,117.5720443725586,14.203330039978027,74.45755767822266,84.86671447753906,136.3553466796875,0.002400000113993883
2020-10-14,295.37860107421875,282.55413818359375,164.51980590820312,45.191368103027344,316.0952453613281,100.46178436279297,65.49227905273438,38.002777099609375,117.65941619873047,14.050810813903809,74.4997787475586,84.86671447753906,136.667236328125,0.002400000113993883
2020-10-15,295.02734375,280.6579895019531,164.57534790039062,44.720008850097656,314.900390625,99.55176544189453,65.8319320678711,37.69820785522461,117.19340515136719,13.925956726074219,74.45755767822266,84.86671447753906,136.4312286376953,0.002400000113993883
2020-10-16,294.7779846191406,279.1197204589844,164.2792510986328,44.905189514160156,313.8982849121094,99.48399353027344,65.36286926269531,37.850502014160156,115.55260467529297,13.76795482635498,74.39840698242188,84.86671447753906,136.05189514160156,0.002400000113993883
2020-10-17,294.7779846191406,279.1197204589844,164.2792510986328,44.905189514160156,313.8982849121094,99.48399353027344,65.36286926269531,37.850502014160156,115.55260467529297,13.76795482635498,74.39840698242188,84.86671447753906,136.05189514160156,0.002400000113993883
2020-10-18,294.7779846191406,279.1197204589844,164.2792510986328,44.905189514160156,313.8982849121094,99.48399353027344,65.36286926269531,37.850502014160156,115.55260467529297,13.76795482635498,74.39840698242188,84.86671447753906,136.05189514160156,0.002400000113993883
2020-10-19,290.3237609863281,274.5630798339844,161.92909240722656,44.70317459106445,309.0999450683594,98.9902572631836,64.34384155273438,37.732059478759766,112.6011962890625,13.455194473266602,74.33082580566406,84.86671447753906,135.5376739501953,0.002400000113993883
2020-10-20,291.4696044921875,275.1531982421875,162.49349975585938,45.03985595703125,309.4949951171875,97.61553192138672,64.8048324584961,38.112754821777344,114.08662414550781,13.602477073669434,74.2041015625,84.86671447753906,134.2478485107422,0.002400000113993883
2020-10-21,290.9428405761719,274.94036865234375,161.93832397460938,44.91360092163086,308.38690185546875,94.82733154296875,64.61074829101562,38.18889236450195,113.46524810791016,13.482110977172852,74.11963653564453,84.86671447753906,133.78424072265625,0.002400000113993883
2020-10-22,292.54156494140625,274.9306640625,163.08566284179688,44.92201614379883,307.163330078125,95.437255859375,64.60264587402344,38.19736099243164,112.37788391113281,13.318875312805176,73.992919921875,84.86671447753906,132.39329528808594,0.002400000113993883
2020-10-23,293.53961181640625,275.472412109375,163.6222686767578,45.17452621459961,306.980224609375,96.01812744140625,64.99082946777344,38.375022888183594,111.68858337402344,13.547403335571289,74.0858154296875,84.87094116210938,133.20252990722656,0.002400000113993883
2020-10-24,293.53961181640625,275.472412109375,163.6222686767578,45.17452621459961,306.980224609375,96.01812744140625,64.99082946777344,38.375022888183594,111.68858337402344,13.547403335571289,74.0858154296875,84.87094116210938,133.20252990722656,0.002400000113993883
2020-10-25,293.53961181640625,275.472412109375,163.6222686767578,45.17452621459961,306.980224609375,96.01812744140625,64.99082946777344,38.375022888183594,111.68858337402344,13.547403335571289,74.0858154296875,84.87094116210938,133.20252990722656,0.002400000113993883
2020-10-26,288.1336669921875,271.3414306640625,160.65223693847656,44.41699981689453,300.3511962890625,94.10124206542969,64.06077575683594,37.87587356567383,111.69828033447266,13.09981918334961,74.19567108154297,84.87094116210938,134.44175720214844,0.002400000113993883
2020-10-27,287.1817321777344,273.4601135253906,160.00453186035156,44.257083892822266,301.7000732421875,95.48566436767578,63.03368377685547,38.0112419128418,113.203125,13.354513168334961,74.37305450439453,84.87094116210938,135.34376525878906,0.002400000113993883
2020-10-28,277.2939453125,262.7987976074219,154.70285034179688,42.9945068359375,289.65594482421875,91.72935485839844,61.5294075012207,37.0637092590332,107.96044158935547,12.587189674377441,74.2717056274414,84.87094116210938,135.47021484375,0.002199999988079071
2020-10-29,280.214111328125,267.3941650390625,156.1647491455078,43.255435943603516,293.760498046875,92.92982482910156,62.35432815551758,37.45287322998047,111.96041870117188,12.982939720153809,74.1112060546875,84.87094116210938,134.15516662597656,0.002199999988079071
2020-10-30,277.0629577636719,260.6123962402344,154.5084991455078,42.90191650390625,287.1219482421875,87.8956069946289,61.94186019897461,37.0637092590332,105.68861389160156,12.494482040405273,73.9844741821289,84.87094116210938,132.83163452148438,0.0031999999191612005
2020-10-31,277.0629577636719,260.6123962402344,154.5084991455078,42.90191650390625,287.1219482421875,87.8956069946289,61.94186019897461,37.0637092590332,105.68861389160156,12.494482040405273,73.9844741821289,84.87094116210938,132.83163452148438,0.0031999999191612005
2020-11-01,277.0629577636719,260.6123962402344,154.5084991455078,42.90191650390625,287.1219482421875,87.8956069946289,61.94186019897461,37.0637092590332,105.68861389160156,12.494482040405273,73.9844741821289,84.87094116210938,132.83163452148438,0.0031999999191612005
2020-11-02,280.2879943847656,261.19281005859375,156.11849975585938,43.49953079223633,287.7192077636719,87.90528106689453,63.421875,37.53746795654297,105.60124969482422,12.541089057922363,74.08685302734375,84.87519836425781,133.8266143798828,0.002099999925121665
2020-11-03,285.2319030761719,265.7108154296875,159.1162872314453,44.341243743896484,292.9319763183594,90.19005584716797,64.64308166503906,37.638999938964844,107.22257995605469,12.978450775146484,74.06993103027344,84.87095642089844,133.0501708984375,0.007000000216066837
2020-11-04,291.6543884277344,277.57177734375,162.58602905273438,45.03144454956055,304.5135498046875,94.4013671875,64.75630950927734,38.84878921508789,111.60118865966797,13.750761985778809,74.57766723632812,84.87095642089844,135.93637084960938,0.007000000216066837
2020-11-05,297.3653259277344,284.808349609375,165.94473266601562,46.0078239440918,314.2066955566406,97.6058349609375,65.06363677978516,39.508670806884766,115.56233978271484,14.115355491638184,74.65381622314453,84.87095642089844,136.172607421875,0.002099999925121665
2020-11-06,297.32843017578125,285.02117919921875,165.86141967773438,46.15091323852539,315.67120361328125,98.82567596435547,64.61882781982422,39.652503967285156,115.43106842041016,14.516091346740723,74.48457336425781,84.87095642089844,134.5270233154297,0.002099999925121665
2020-11-07,297.32843017578125,285.02117919921875,165.86141967773438,46.15091323852539,315.67120361328125,98.82567596435547,64.61882781982422,39.652503967285156,115.43106842041016,14.516091346740723,74.48457336425781,84.87095642089844,134.5270233154297,0.002099999925121665
2020-11-08,297.32843017578125,285.02117919921875,165.86141967773438,46.15091323852539,315.67120361328125,98.82567596435547,64.61882781982422,39.652503967285156,115.43106842041016,14.516091346740723,74.48457336425781,84.87095642089844,134.5270233154297,0.002099999925121665
2020-11-09,301.03399658203125,279.1971130371094,167.8322296142578,47.11888885498047,312.37603759765625,94.32391357421875,66.90756225585938,39.948604583740234,113.12612915039062,13.587774276733398,74.13763427734375,84.87519836425781,131.69996643066406,0.002099999925121665
2020-11-10,300.6458740234375,274.1953430175781,167.5546417236328,47.27039337158203,305.92041015625,91.73902893066406,67.88616180419922,39.500213623046875,112.78572845458984,12.729736328125,73.99378967285156,84.87095642089844,130.9403839111328,0.002099999925121665
2020-11-11,302.7621154785156,280.3290710449219,168.91477966308594,47.59865188598633,313.3973388671875,95.58247375488281,68.14495086669922,39.66941452026367,116.20909118652344,13.375696182250977,74.04454040527344,84.87095642089844,131.41294860839844,0.002099999925121665
2020-11-12,299.96209716796875,279.0132751464844,167.24929809570312,46.95895767211914,310.95965576171875,95.73737335205078,67.25534057617188,39.373321533203125,115.93677520751953,13.414322853088379,74.28995513916016,84.87095642089844,133.64927673339844,0.007499999832361937
2020-11-13,304.0373229980469,281.46087646484375,169.6179656982422,47.61548614501953,313.4069519042969,96.23110961914062,69.05075073242188,39.872459411621094,115.98539733886719,13.255075454711914,74.31535339355469,84.87095642089844,133.4720916748047,0.007499999832361937
2020-11-14,304.0373229980469,281.46087646484375,169.6179656982422,47.61548614501953,313.4069519042969,96.23110961914062,69.05075073242188,39.872459411621094,115.98539733886719,13.255075454711914,74.31535339355469,84.87095642089844,133.4720916748047,0.007499999832361937
2020-11-15,304.0373229980469,281.46087646484375,169.6179656982422,47.61548614501953,313.4069519042969,96.23110961914062,69.05075073242188,39.872459411621094,115.98539733886719,13.255075454711914,74.31535339355469,84.87095642089844,133.4720916748047,0.007499999832361937
2020-11-16,307.7244567871094,283.6570129394531,171.69052124023438,48.21310043334961,316.4902038574219,96.36664581298828,69.82713317871094,40.3377685546875,116.99683380126953,13.472640037536621,74.357666015625,84.87095642089844,133.15145874023438,0.002099999925121665
2020-11-17,306.19049072265625,282.7573547363281,171.3019561767578,48.21310043334961,315.5748596191406,98.00276947021484,69.891845703125,40.27854919433594,116.11181640625,13.37993335723877,74.48457336425781,84.87095642089844,134.02064514160156,0.002099999925121665
2020-11-18,302.4756164550781,280.66754150390625,169.48841857910156,47.98584747314453,312.2892150878906,97.79946899414062,68.53314971923828,40.143184661865234,114.7891845703125,13.38641357421875,74.56922149658203,84.87519836425781,134.4088592529297,0.007499999832361937
2020-11-19,303.7416687011719,282.8637390136719,170.4321746826172,48.26361083984375,315.7097473144531,99.96805572509766,68.80004119873047,40.24470138549805,115.38241577148438,13.397875785827637,74.72154235839844,84.87095642089844,135.10086059570312,0.007499999832361937
2020-11-20,301.7086486816406,280.9288635253906,169.53468322753906,48.41511154174805,313.1756896972656,101.55577087402344,68.42802429199219,40.523887634277344,114.11809539794922,13.046489715576172,74.78923797607422,84.87095642089844,136.2992706298828,0.002099999925121665
2020-11-21,301.7086486816406,280.9288635253906,169.53468322753906,48.41511154174805,313.1756896972656,101.55577087402344,68.42802429199219,40.523887634277344,114.11809539794922,13.046489715576172,74.78923797607422,84.87095642089844,136.2992706298828,0.002099999925121665
2020-11-22,301.7086486816406,280.9288635253906,169.53468322753906,48.41511154174805,313.1756896972656,101.55577087402344,68.42802429199219,40.523887634277344,114.11809539794922,13.046489715576172,74.78923797607422,84.87095642089844,136.2992706298828,0.002099999925121665
2020-11-23,303.49212646484375,280.9385681152344,170.9225616455078,48.482444763183594,313.3780517578125,103.99543762207031,68.55741882324219,40.51543426513672,110.72393798828125,13.098572731018066,74.72998046875,84.87519836425781,135.6747283935547,0.002099999925121665
2020-11-24,308.40826416015625,284.8857727050781,173.56881713867188,49.19791030883789,317.0972900390625,102.75624084472656,68.9213638305664,41.05686950683594,112.00769805908203,12.916895866394043,74.65381622314453,84.87519836425781,134.32449340820312,0.007499999832361937
2020-11-25,307.90008544921875,286.6368103027344,173.50401306152344,49.02956771850586,318.5810546875,105.02164459228516,68.96178436279297,40.87075424194336,112.84407806396484,13.193023681640625,74.62000274658203,84.8667221069336,133.91091918945312,0.007499999832361937
2020-11-26,307.90008544921875,286.6368103027344,173.50401306152344,49.02956771850586,318.5810546875,105.02164459228516,68.96178436279297,40.87075424194336,112.84407806396484,13.193023681640625,74.62000274658203,84.8667221069336,133.91091918945312,0.007499999832361937
2020-11-27,308.7779541015625,289.2779541015625,174.1147003173828,49.39149856567383,320.9417724609375,108.21643829345703,68.65444946289062,41.2514533996582,113.38870239257812,13.219438552856445,74.7807846069336,84.87519836425781,135.2105712890625,0.002099999925121665
2020-11-28,308.7779541015625,289.2779541015625,174.1147003173828,49.39149856567383,320.9417724609375,108.21643829345703,68.65444946289062,41.2514533996582,113.38870239257812,13.219438552856445,74.7807846069336,84.87519836425781,135.2105712890625,0.002099999925121665
2020-11-29,308.7779541015625,289.2779541015625,174.1147003173828,49.39149856567383,320.9417724609375,108.21643829345703,68.65444946289062,41.2514533996582,113.38870239257812,13.219438552856445,74.7807846069336,84.87519836425781,135.2105712890625,0.002099999925121665
2020-11-30,307.3918762207031,289.8680419921875,172.74530029296875,48.31411361694336,323.1001281738281,108.78762817382812,67.93468475341797,40.23624801635742,115.78115844726562,13.359247207641602,74.88231658935547,84.87519836425781,135.04183959960938,0.002099999925121665
2020-12-01,310.7740173339844,293.5831604003906,174.93820190429688,49.40834045410156,325.7786560058594,109.16519165039062,68.8081283569336,41.073795318603516,119.35038757324219,13.347786903381348,74.6559829711914,84.87096405029297,133.05067443847656,0.002099999925121665
2020-12-02,311.4300537109375,293.96038818359375,175.0862274169922,49.44200134277344,325.3836669921875,108.75858306884766,68.26626586914062,41.05686950683594,119.70051574707031,13.501798629760742,74.52886962890625,84.87096405029297,131.99476623535156,0.007499999832361937
2020-12-03,311.3377380371094,294.3764343261719,175.4378204345703,49.669254302978516,325.5859680175781,110.6367416381836,68.84048461914062,41.46295928955078,119.5643539428711,13.357709884643555,74.6729736328125,84.87520599365234,133.0591278076172,0.007499999832361937
2020-12-04,314.0175476074219,295.5759582519531,177.19583129882812,50.123779296875,329.2376708984375,113.45396423339844,69.891845703125,41.74214172363281,118.8932876586914,13.519495964050293,74.47802734375,84.87520599365234,131.10768127441406,0.007499999832361937
2020-12-05,314.0175476074219,295.5759582519531,177.19583129882812,50.123779296875,329.2376708984375,113.45396423339844,69.891845703125,41.74214172363281,118.8932876586914,13.519495964050293,74.47802734375,84.87520599365234,131.10768127441406,0.007499999832361937
2020-12-06,314.0175476074219,295.5759582519531,177.19583129882812,50.123779296875,329.2376708984375,113.45396423339844,69.891845703125,41.74214172363281,118.8932876586914,13.519495964050293,74.47802734375,84.87520599365234,131.10768127441406,0.007499999832361937
2020-12-07,313.4353942871094,297.249755859375,177.00152587890625,49.87126922607422,330.05670166015625,116.83270263671875,69.28528594970703,41.74214172363281,120.35210418701172,13.567858695983887,74.5797119140625,84.87096405029297,132.2904052734375,0.007499999832361937
2020-12-08,314.341064453125,298.25592041015625,177.76947021484375,49.99753952026367,331.55029296875,118.27519226074219,69.04267120361328,41.86058807373047,120.96479797363281,13.311842918395996,74.60514068603516,84.87096405029297,132.91549682617188,0.0026000000070780516
2020-12-09,311.55029296875,291.50311279296875,176.020751953125,49.93861389160156,324.7477722167969,116.155029296875,68.614013671875,41.369903564453125,118.43619537353516,12.893790245056152,74.47802734375,84.87096405029297,132.4762725830078,0.0015999999595806003
2020-12-10,311.40240478515625,292.67376708984375,176.27980041503906,50.1574592590332,326.1833801269531,121.20860290527344,68.31480407714844,41.928260803222656,119.85609436035156,12.935171127319336,74.6305923461914,84.87520599365234,133.65048217773438,0.0015999999595806003
2020-12-11,311.00506591796875,292.0255126953125,175.9652557373047,49.91335678100586,325.6052551269531,119.92100524902344,68.25008392333984,41.649078369140625,119.04890441894531,12.976054191589355,74.74925994873047,84.87520599365234,134.12356567382812,0.0015999999595806003
2020-12-12,311.00506591796875,292.0255126953125,175.9652557373047,49.91335678100586,325.6052551269531,119.92100524902344,68.25008392333984,41.649078369140625,119.04890441894531,12.976054191589355,74.74925994873047,84.87520599365234,134.12356567382812,0.0015999999595806003
2020-12-13,311.00506591796875,292.0255126953125,175.9652557373047,49.91335678100586,325.6052551269531,119.92100524902344,68.25008392333984,41.649078369140625,119.04890441894531,12.976054191589355,74.74925994873047,84.87520599365234,134.12356567382812,0.0015999999595806003
2020-12-14,309.58197021484375,294.14422607421875,175.46559143066406,49.92177200317383,327.00244140625,120.28888702392578,67.95086669921875,41.496795654296875,118.43619537353516,13.270710945129395,74.72380065917969,84.87520599365234,133.75186157226562,0.0015999999595806003
2020-12-15,313.8605041503906,297.28851318359375,177.8712615966797,50.46046447753906,332.4366455078125,120.33729553222656,69.34190368652344,41.88595962524414,124.36870574951172,13.322312355041504,74.75772857666016,84.87520599365234,133.30416870117188,0.0015999999595806003
2020-12-16,314.341064453125,298.9234619140625,178.12106323242188,50.58672332763672,334.8550720214844,119.99844360351562,69.42277526855469,42.1143913269043,124.30062866210938,13.204648971557617,74.68142700195312,84.88369750976562,132.94935607910156,0.0015999999595806003
2020-12-17,316.0506591796875,300.877685546875,179.51820373535156,50.940242767333984,337.9059143066406,122.05087280273438,70.09403228759766,42.452796936035156,125.16617584228516,13.303118705749512,74.69837188720703,84.88028717041016,132.5975341796875,0.007499999832361937
2020-12-18,314.7846374511719,299.9683532714844,179.0093231201172,50.73822784423828,336.9984130859375,123.24166107177734,68.68681335449219,42.32588577270508,123.18220520019531,13.2340669631958,74.6729736328125,84.88028717041016,132.20004272460938,0.0015999999595806003
2020-12-19,314.7846374511719,299.9683532714844,179.0093231201172,50.73822784423828,336.9984130859375,123.24166107177734,68.68681335449219,42.32588577270508,123.18220520019531,13.2340669631958,74.6729736328125,84.88028717041016,132.20004272460938,0.0015999999595806003
2020-12-20,314.7846374511719,299.9683532714844,179.0093231201172,50.73822784423828,336.9984130859375,123.24166107177734,68.68681335449219,42.32588577270508,123.18220520019531,13.2340669631958,74.6729736328125,84.88028717041016,132.20004272460938,0.0015999999595806003
2020-12-21,313.8143005371094,299.4071044921875,178.4911651611328,50.10920715332031,337.8962097167969,127.1528549194336,68.29861450195312,41.75648498535156,124.70911407470703,13.294140815734863,74.68142700195312,84.88028717041016,132.7244110107422,0.0026000000070780516
2020-12-22,313.1953430175781,300.22125244140625,178.52816772460938,49.964698791503906,341.545654296875,130.7445831298828,68.7757797241211,41.450077056884766,128.25888061523438,13.24029541015625,74.80009460449219,84.88028717041016,133.4093475341797,0.0026000000070780516
2020-12-23,313.4459228515625,298.7093505859375,178.83349609375,50.43222427368164,338.4369201660156,130.65745544433594,68.33097076416016,41.875640869140625,127.36415100097656,12.972064018249512,74.71590423583984,84.87608337402344,132.4875946044922,0.0044999998062849045
2020-12-24,314.6985168457031,300.02740478515625,179.13265991210938,50.457725524902344,340.6864013671875,128.7889862060547,68.92919921875,41.637325286865234,128.34637451171875,12.956610679626465,74.84349060058594,84.87608337402344,133.0118865966797,0.0026000000070780516
2020-12-25,314.6985168457031,300.02740478515625,179.13265991210938,50.457725524902344,340.6864013671875,128.7889862060547,68.92919921875,41.637325286865234,128.34637451171875,12.956610679626465,74.84349060058594,84.87608337402344,133.0118865966797,0.0026000000070780516
2020-12-26,314.6985168457031,300.02740478515625,179.13265991210938,50.457725524902344,340.6864013671875,128.7889862060547,68.92919921875,41.637325286865234,128.34637451171875,12.956610679626465,74.84349060058594,84.87608337402344,133.0118865966797,0.0026000000070780516
2020-12-27,314.6985168457031,300.02740478515625,179.13265991210938,50.457725524902344,340.6864013671875,128.7889862060547,68.92919921875,41.637325286865234,128.34637451171875,12.956610679626465,74.84349060058594,84.87608337402344,133.0118865966797,0.0026000000070780516
2020-12-28,317.4358215332031,303.05133056640625,180.2660675048828,50.763736724853516,343.08074951171875,125.6619644165039,69.34007263183594,41.72243118286133,132.9368133544922,12.863127708435059,74.81794738769531,84.87608337402344,133.07110595703125,0.0024999999441206455
2020-12-29,316.7677307128906,303.3226623535156,179.51356506347656,51.188751220703125,340.8118896484375,122.28227233886719,68.74842834472656,42.17353820800781,131.16677856445312,12.906253814697266,74.84349060058594,84.87608337402344,132.90199279785156,0.002099999925121665
2020-12-30,317.1945495605469,303.3324279785156,179.99664306640625,51.46926498413086,341.2656555175781,125.01670837402344,69.12643432617188,42.76081466674805,130.04840087890625,13.108175277709961,74.89448547363281,84.88028717041016,133.18951416015625,0.0026000000070780516
2020-12-31,318.90179443359375,304.0787353515625,180.8234405517578,51.13774871826172,341.5649108886719,122.4494857788086,69.79206085205078,42.65017318725586,129.046630859375,13.017685890197754,74.99653625488281,84.88028717041016,133.3839569091797,0.0026000000070780516
2021-01-01,318.90179443359375,304.0787353515625,180.8234405517578,51.13774871826172,341.5649108886719,122.4494857788086,69.79206085205078,42.65017318725586,129.046630859375,13.017685890197754,74.99653625488281,84.88028717041016,133.3839569091797,0.0026000000070780516
2021-01-02,318.90179443359375,304.0787353515625,180.8234405517578,51.13774871826172,341.5649108886719,122.4494857788086,69.79206085205078,42.65017318725586,129.046630859375,13.017685890197754,74.99653625488281,84.88028717041016,133.3839569091797,0.0026000000070780516
2021-01-03,318.90179443359375,304.0787353515625,180.8234405517578,51.13774871826172,341.5649108886719,122.4494857788086,69.79206085205078,42.65017318725586,129.046630859375,13.017685890197754,74.99653625488281,84.88028717041016,133.3839569091797,0.0026000000070780516
2021-01-04,314.5779113769531,299.7850341796875,178.25009155273438,51.443763732910156,335.8880920410156,122.64620971679688,67.52399444580078,42.84593200683594,125.8567123413086,13.076016426086426,74.89448547363281,84.88028717041016,133.22335815429688,0.0026000000070780516
2021-01-05,316.6470642089844,302.2565612792969,179.6901092529297,52.1917839050293,338.6492614746094,125.6658935546875,67.62260437011719,43.84174728393555,127.4127426147461,13.366434097290039,74.76695251464844,84.88028717041016,132.23387145996094,0.007499999832361937
2021-01-06,318.5677490234375,298.06964111328125,181.3065643310547,52.4722900390625,333.0304260253906,126.12818145751953,67.73765563964844,43.42470169067383,123.12383270263672,12.578444480895996,74.4352798461914,84.87608337402344,129.51937866210938,0.007400000002235174
2021-01-07,323.3277587890625,305.2805480957031,184.2144012451172,52.69329833984375,342.5110168457031,136.11183166503906,67.60616302490234,43.76515197753906,127.32521057128906,13.305856704711914,74.28217315673828,84.88028717041016,128.3777618408203,0.007400000002235174
2021-01-08,325.14642333984375,309.20574951171875,185.10623168945312,53.36482620239258,345.0115051269531,140.14462280273438,68.26358032226562,44.650325775146484,128.42416381835938,13.238800048828125,74.21417236328125,84.88028717041016,127.96341705322266,0.007400000002235174
2021-01-09,325.14642333984375,309.20574951171875,185.10623168945312,53.36482620239258,345.0115051269531,140.14462280273438,68.26358032226562,44.650325775146484,128.42416381835938,13.238800048828125,74.21417236328125,84.88028717041016,127.96341705322266,0.007400000002235174
2021-01-10,325.14642333984375,309.20574951171875,185.10623168945312,53.36482620239258,345.0115051269531,140.14462280273438,68.26358032226562,44.650325775146484,128.42416381835938,13.238800048828125,74.21417236328125,84.88028717041016,127.96341705322266,0.007400000002235174
2021-01-11,323.0216064453125,304.7378234863281,184.00067138671875,52.659305572509766,342.0669860839844,135.95443725585938,67.35964965820312,44.131134033203125,125.43848419189453,13.582568168640137,74.13764190673828,84.88028717041016,127.75196838378906,0.007400000002235174
2021-01-12,323.0494689941406,304.2532043457031,184.65098571777344,52.931304931640625,341.5649108886719,138.67904663085938,67.51576232910156,44.616275787353516,125.26345825195312,13.446207046508789,74.12067413330078,84.88028717041016,127.65058135986328,0.0020000000949949026
2021-01-13,323.856689453125,306.30780029296875,184.85537719726562,52.92280960083008,343.2737121582031,139.39706420898438,68.33753967285156,44.76097106933594,127.29603576660156,13.493073463439941,74.31620788574219,84.87608337402344,129.08810424804688,0.0020000000949949026
2021-01-14,322.76171875,304.6698913574219,184.67886352539062,53.39032745361328,341.1304626464844,142.89871215820312,68.74018859863281,45.20356369018555,125.37042999267578,13.162521362304688,74.22267150878906,84.87608337402344,127.87883758544922,0.003000000026077032
2021-01-15,320.46063232421875,302.2565612792969,183.07168579101562,52.57429885864258,337.5389709472656,139.58395385742188,69.52909088134766,44.68437957763672,123.64904022216797,12.822744369506836,74.28217315673828,84.88028717041016,128.38621520996094,0.007300000172108412
2021-01-16,320.46063232421875,302.2565612792969,183.07168579101562,52.57429885864258,337.5389709472656,139.58395385742188,69.52909088134766,44.68437957763672,123.64904022216797,12.822744369506836,74.28217315673828,84.88028717041016,128.38621520996094,0.007300000172108412
2021-01-17,320.46063232421875,302.2565612792969,183.07168579101562,52.57429885864258,337.5389709472656,139.58395385742188,69.52909088134766,44.68437957763672,123.64904022216797,12.822744369506836,74.28217315673828,84.88028717041016,128.38621520996094,0.007300000172108412
2021-01-18,320.46063232421875,302.2565612792969,183.07168579101562,52.57429885864258,337.5389709472656,139.58395385742188,69.52909088134766,44.68437957763672,123.64904022216797,12.822744369506836,74.28217315673828,84.88028717041016,128.38621520996094,0.007300000172108412
2021-01-19,322.9937438964844,306.6665344238281,184.74391174316406,53.101318359375,341.7483825683594,143.7347869873047,69.33187866210938,45.492942810058594,124.32007598876953,12.988019943237305,74.38422393798828,84.87608337402344,128.8005828857422,0.004000000189989805
2021-01-20,327.382568359375,313.7998352050781,187.0757293701172,53.67934799194336,348.2168884277344,144.69873046875,70.6549072265625,46.28450012207031,128.4047393798828,13.327545166015625,74.37569427490234,84.88028717041016,128.92738342285156,0.004000000189989805
2021-01-21,327.68878173828125,316.3100891113281,186.93641662597656,53.747337341308594,352.25238037109375,142.43641662597656,70.3179702758789,46.29301071166992,133.11190795898438,13.827864646911621,74.27371215820312,84.88028717041016,128.0225830078125,0.007300000172108412
2021-01-22,326.51971435546875,315.3990783691406,186.6298065185547,53.38182830810547,351.2193603515625,143.68560791015625,70.48235321044922,45.96107482910156,135.25144958496094,13.673306465148926,74.30770874023438,84.88028717041016,128.43692016601562,0.007300000172108412
2021-01-23,326.51971435546875,315.3990783691406,186.6298065185547,53.38182830810547,351.2193603515625,143.68560791015625,70.48235321044922,45.96107482910156,135.25144958496094,13.673306465148926,74.30770874023438,84.88028717041016,128.43692016601562,0.007300000172108412
2021-01-24,326.51971435546875,315.3990783691406,186.6298065185547,53.38182830810547,351.2193603515625,143.68560791015625,70.48235321044922,45.96107482910156,135.25144958496094,13.673306465148926,74.30770874023438,84.88028717041016,128.43692016601562,0.007300000172108412
2021-01-25,327.84649658203125,318.0061950683594,187.1593780517578,53.45833206176758,353.584716796875,144.26593017578125,71.01648712158203,46.19087600708008,138.99574279785156,13.614225387573242,74.4778060913086,84.884521484375,129.95059204101562,0.003000000026077032
2021-01-26,327.3547668457031,318.4714050292969,186.4811553955078,53.356327056884766,352.4550476074219,139.50526428222656,71.51771545410156,45.901493072509766,139.22914123535156,13.39684772491455,74.46929168701172,84.884521484375,129.70547485351562,0.0035000001080334187
2021-01-27,319.4121398925781,309.5934753417969,182.0032958984375,52.11528778076172,345.3784484863281,136.0823211669922,70.2522201538086,44.73544692993164,138.15936279296875,12.880829811096191,74.46929168701172,84.884521484375,130.03524780273438,0.004000000189989805
2021-01-28,322.09375,311.4252624511719,183.43399047851562,52.48078918457031,347.2128601074219,138.06919860839844,70.63024139404297,44.94822311401367,133.32583618164062,13.01369571685791,74.40975952148438,84.884521484375,129.31642150878906,0.004100000020116568
2021-01-29,315.6449890136719,304.8735046386719,180.21963500976562,51.2652587890625,339.16094970703125,135.18722534179688,69.81670379638672,43.9864501953125,128.336669921875,12.952620506286621,74.3502426147461,84.884521484375,128.53842163085938,0.0044999998062849045
2021-01-30,315.6449890136719,304.8735046386719,180.21963500976562,51.2652587890625,339.16094970703125,135.18722534179688,69.81670379638672,43.9864501953125,128.336669921875,12.952620506286621,74.3502426147461,84.884521484375,128.53842163085938,0.0044999998062849045
2021-01-31,315.6449890136719,304.8735046386719,180.21963500976562,51.2652587890625,339.16094970703125,135.18722534179688,69.81670379638672,43.9864501953125,128.336669921875,12.952620506286621,74.3502426147461,84.884521484375,128.53842163085938,0.0044999998062849045
2021-02-01,320.8318176269531,312.49139404296875,183.29464721679688,52.1917839050293,347.67620849609375,140.2823028564453,71.41091918945312,45.10142517089844,130.45680236816406,13.199164390563965,74.37496948242188,84.8845443725586,128.68748474121094,0.00419999985024333
2021-02-02,325.443359375,317.5894470214844,185.92376708984375,52.82081604003906,353.2178039550781,144.48233032226562,71.83822631835938,45.807865142822266,131.2834930419922,13.517999649047852,74.28124237060547,84.88028717041016,127.8577880859375,0.004999999888241291
2021-02-03,325.76812744140625,316.3294677734375,186.20242309570312,53.01631164550781,351.91448974609375,143.71511840820312,71.65744018554688,45.978092193603516,130.2623291015625,13.491825103759766,74.15348052978516,84.88028717041016,126.72329711914062,0.008500000461935997
2021-02-04,329.4145812988281,320.0705871582031,188.56216430664062,53.06731414794922,357.82305908203125,145.9184112548828,72.15050506591797,46.046180725097656,133.6175994873047,13.625192642211914,74.17053985595703,84.88028717041016,126.38457489013672,0.007000000216066837
2021-02-05,330.7323303222656,321.1561279296875,189.62127685546875,53.43282699584961,357.890625,147.0102081298828,72.40524291992188,46.38663101196289,133.20362854003906,13.552153587341309,74.06831359863281,84.8845443725586,125.32633972167969,0.007000000216066837
2021-02-06,330.7323303222656,321.1561279296875,189.62127685546875,53.43282699584961,357.890625,147.0102081298828,72.40524291992188,46.38663101196289,133.20362854003906,13.552153587341309,74.06831359863281,84.8845443725586,125.32633972167969,0.007000000216066837
2021-02-07,330.7323303222656,321.1561279296875,189.62127685546875,53.43282699584961,357.890625,147.0102081298828,72.40524291992188,46.38663101196289,133.20362854003906,13.552153587341309,74.06831359863281,84.8845443725586,125.32633972167969,0.007000000216066837
2021-02-08,333.172607421875,323.30780029296875,191.32135009765625,53.76433563232422,361.9938049316406,150.79708862304688,72.7997055053711,46.62494659423828,133.34971618652344,14.397481918334961,74.15348052978516,84.8845443725586,125.87660217285156,0.007000000216066837
2021-02-09,332.9034423828125,323.2398681640625,191.3956756591797,54.129844665527344,362.109619140625,152.39053344726562,73.05443572998047,47.14413070678711,132.47315979003906,14.222480773925781,74.11941528320312,84.88028717041016,125.96977233886719,0.007000000216066837
2021-02-10,332.7735900878906,322.5032653808594,191.31202697753906,54.061859130859375,361.4627685546875,150.59054565429688,73.44888305664062,47.24626922607422,131.86924743652344,14.722050666809082,74.23870086669922,84.8845443725586,126.80794525146484,0.004999999888241291
2021-02-11,333.31170654296875,324.2769470214844,191.76724243164062,54.46986389160156,365.40179443359375,152.0364532470703,73.60501098632812,47.73992919921875,131.61602783203125,15.207159996032715,74.1620101928711,84.8845443725586,126.11366271972656,0.005100000184029341
2021-02-12,335.00970458984375,326.08935546875,192.76129150390625,54.733375549316406,367.45819091796875,154.0135040283203,73.62145233154297,47.82504653930664,131.8498077392578,14.918486595153809,73.9660873413086,84.8845443725586,124.54740142822266,0.004999999888241291
2021-02-13,335.00970458984375,326.08935546875,192.76129150390625,54.733375549316406,367.45819091796875,154.0135040283203,73.62145233154297,47.82504653930664,131.8498077392578,14.918486595153809,73.9660873413086,84.8845443725586,124.54740142822266,0.004999999888241291
2021-02-14,335.00970458984375,326.08935546875,192.76129150390625,54.733375549316406,367.45819091796875,154.0135040283203,73.62145233154297,47.82504653930664,131.8498077392578,14.918486595153809,73.9660873413086,84.8845443725586,124.54740142822266,0.004999999888241291
2021-02-15,335.00970458984375,326.08935546875,192.76129150390625,54.733375549316406,367.45819091796875,154.0135040283203,73.62145233154297,47.82504653930664,131.8498077392578,14.918486595153809,73.9660873413086,84.8845443725586,124.54740142822266,0.004999999888241291
2021-02-16,334.6943054199219,325.20745849609375,192.41757202148438,54.97988510131836,366.0389709472656,152.57742309570312,73.05443572998047,47.96122741699219,129.72647094726562,15.286432266235352,73.6169204711914,84.8845443725586,122.65095520019531,0.005100000184029341
2021-02-17,334.7685546875,323.6469421386719,192.01808166503906,54.74187088012695,362.1192932128906,149.67578125,72.96403503417969,48.080387115478516,127.43755340576172,14.863396644592285,73.7701644897461,84.88028717041016,123.42987823486328,0.005100000184029341
2021-02-18,333.339599609375,322.23193359375,190.91259765625,54.28285598754883,360.4587097167969,146.74462890625,72.65177154541016,47.459049224853516,126.33698272705078,14.786616325378418,73.72762298583984,84.8845443725586,122.93036651611328,0.004999999888241291
2021-02-19,332.7272644042969,320.8265380859375,191.34922790527344,54.58885955810547,360.89306640625,150.10858154296875,73.07087707519531,47.71439743041992,126.49279022216797,14.883837699890137,73.47209167480469,84.8845443725586,121.29635620117188,0.004999999888241291
2021-02-20,332.7272644042969,320.8265380859375,191.34922790527344,54.58885955810547,360.89306640625,150.10858154296875,73.07087707519531,47.71439743041992,126.49279022216797,14.883837699890137,73.47209167480469,84.8845443725586,121.29635620117188,0.004999999888241291
2021-02-21,332.7272644042969,320.8265380859375,191.34922790527344,54.58885955810547,360.89306640625,150.10858154296875,73.07087707519531,47.71439743041992,126.49279022216797,14.883837699890137,73.47209167480469,84.8845443725586,121.29635620117188,0.004999999888241291
2021-02-22,330.11053466796875,312.51080322265625,189.52835083007812,54.01084899902344,352.1075744628906,141.42330932617188,73.67897033691406,46.36109924316406,122.72344207763672,14.314718246459961,73.26764678955078,84.8845443725586,120.37351989746094,0.004999999888241291
2021-02-23,330.5281677246094,311.58038330078125,189.50047302246094,54.1468505859375,350.0994873046875,136.760986328125,74.13916015625,46.62494659423828,122.58709716796875,14.101578712463379,73.25061798095703,84.8845443725586,120.02644348144531,0.004999999888241291
2021-02-24,334.1839904785156,314.14874267578125,191.62791442871094,54.16385269165039,354.91705322265625,136.0528106689453,74.70618438720703,46.32705307006836,122.09034729003906,14.45755672454834,73.20806121826172,84.88876342773438,119.239013671875,0.008999999612569809
2021-02-25,326.16717529296875,303.1966857910156,186.6205291748047,53.186317443847656,341.7386474609375,127.38719940185547,73.27630615234375,45.322723388671875,117.84370422363281,13.269464492797852,72.56922912597656,84.88028717041016,117.29182434082031,0.006000000052154064
2021-02-26,324.3763122558594,304.4664001464844,185.87733459472656,52.44679260253906,344.181396484375,128.2232666015625,72.2080307006836,44.67585754394531,118.10671997070312,13.675299644470215,73.19950866699219,84.8845443725586,121.16940307617188,0.004999999888241291
2021-02-27,324.3763122558594,304.4664001464844,185.87733459472656,52.44679260253906,344.181396484375,128.2232666015625,72.2080307006836,44.67585754394531,118.10671997070312,13.675299644470215,73.19950866699219,84.8845443725586,121.16940307617188,0.004999999888241291
2021-02-28,324.3763122558594,304.4664001464844,185.87733459472656,52.44679260253906,344.181396484375,128.2232666015625,72.2080307006836,44.67585754394531,118.10671997070312,13.675299644470215,73.19950866699219,84.8845443725586,121.16940307617188,0.004999999888241291
2021-03-01,332.2910461425781,313.6253356933594,190.65245056152344,53.594329833984375,355.534912109375,134.4593505859375,72.52851867675781,45.901493072509766,124.4668960571289,13.802186965942383,73.10481262207031,84.89727783203125,119.56903076171875,0.00800000037997961
2021-03-02,329.7208557128906,308.5951843261719,188.85943603515625,53.38182830810547,349.2499084472656,131.32164001464844,71.83001708984375,45.467411041259766,121.86632537841797,13.367931365966797,73.09632110595703,84.89727783203125,119.5775146484375,0.00800000037997961
2021-03-03,325.36920166015625,299.6396789550781,186.137451171875,53.12681579589844,339.6630554199219,123.059326171875,71.41913604736328,45.43336868286133,118.88591003417969,12.768150329589844,72.86597442626953,84.88028717041016,118.28057098388672,0.00800000037997961
2021-03-04,321.3607177734375,294.73553466796875,183.19241333007812,52.44679260253906,331.00299072265625,116.48881530761719,70.60559844970703,44.454566955566406,117.00609588623047,12.334893226623535,72.63565063476562,84.88876342773438,117.51770782470703,0.00800000037997961
2021-03-05,327.252685546875,299.17449951171875,186.49972534179688,52.83780288696289,336.3612060546875,115.15110778808594,71.3780517578125,44.76948547363281,118.26255798339844,12.42587947845459,72.59300994873047,84.88876342773438,117.7466049194336,0.004999999888241291
2021-03-06,327.252685546875,299.17449951171875,186.49972534179688,52.83780288696289,336.3612060546875,115.15110778808594,71.3780517578125,44.76948547363281,118.26255798339844,12.42587947845459,72.59300994873047,84.88876342773438,117.7466049194336,0.004999999888241291
2021-03-07,327.252685546875,299.17449951171875,186.49972534179688,52.83780288696289,336.3612060546875,115.15110778808594,71.3780517578125,44.76948547363281,118.26255798339844,12.42587947845459,72.59300994873047,84.88876342773438,117.7466049194336,0.004999999888241291
2021-03-08,325.6474914550781,290.7035827636719,185.58937072753906,52.285282135009766,327.6817932128906,108.45272827148438,71.99437713623047,43.60344314575195,113.33411407470703,11.560113906860352,72.26036834716797,84.88876342773438,116.83112335205078,0.004999999888241291
2021-03-09,330.2033386230469,302.1693420410156,188.4692840576172,53.092811584472656,340.22296142578125,119.75439453125,72.47100830078125,44.54819107055664,117.94111633300781,12.488773345947266,72.49916076660156,84.8845443725586,118.45014953613281,0.008999999612569809
2021-03-10,332.2447509765625,301.3067932128906,189.81637573242188,53.237327575683594,338.7748107910156,119.20357513427734,73.19414520263672,44.471595764160156,116.85999298095703,12.436906814575195,72.63565063476562,84.88876342773438,118.68748474121094,0.01510000042617321
2021-03-11,335.75201416015625,308.2463073730469,192.2968292236328,53.98533248901367,347.1451721191406,126.57080078125,74.04876708984375,45.807865142822266,118.78849029541016,12.960833549499512,72.64420318603516,84.8845443725586,117.8312759399414,0.005799999926239252
2021-03-12,336.22528076171875,305.7457275390625,192.6776885986328,53.815338134765625,344.61572265625,124.60359191894531,75.28962707519531,44.99928665161133,117.8826904296875,12.823678016662598,72.20915985107422,84.8845443725586,115.33080291748047,0.009999999776482582
2021-03-13,336.22528076171875,305.7457275390625,192.6776885986328,53.815338134765625,344.61572265625,124.60359191894531,75.28962707519531,44.99928665161133,117.8826904296875,12.823678016662598,72.20915985107422,84.8845443725586,115.33080291748047,0.009999999776482582
2021-03-14,336.22528076171875,305.7457275390625,192.6776885986328,53.815338134765625,344.61572265625,124.60359191894531,75.28962707519531,44.99928665161133,117.8826904296875,12.823678016662598,72.20915985107422,84.8845443725586,115.33080291748047,0.009999999776482582
2021-03-15,338.1738586425781,309.011962890625,194.02479553222656,53.925838470458984,348.86370849609375,126.76753997802734,76.40721893310547,44.973758697509766,120.76570892333984,13.158086776733398,72.29443359375,84.88876342773438,116.0088882446289,0.007400000002235174
2021-03-16,337.7933654785156,310.7079772949219,193.244384765625,54.05335235595703,350.7366943359375,123.95440673828125,76.09495544433594,45.169525146484375,122.30460357666016,13.257834434509277,72.285888671875,84.89302825927734,115.54273223876953,0.007300000172108412
2021-03-17,338.8975524902344,311.9873962402344,193.97830200195312,54.27435302734375,350.84283447265625,125.37081146240234,76.16069030761719,45.20356369018555,121.51568603515625,13.307710647583008,72.26036834716797,84.89302825927734,114.67806243896484,0.007300000172108412
2021-03-18,333.9149475097656,302.4309387207031,190.44802856445312,53.63683319091797,339.5953674316406,118.10193634033203,75.38822174072266,44.505638122558594,117.39569091796875,12.69051456451416,71.9617919921875,84.88876342773438,113.5168228149414,0.007300000172108412
2021-03-19,333.321044921875,303.4971618652344,190.68960571289062,53.908836364746094,339.3927307128906,120.35440063476562,74.36103057861328,44.94822311401367,116.8697280883789,12.813453674316406,72.02146911621094,84.89302825927734,114.2203598022461,0.007300000172108412
2021-03-20,333.321044921875,303.4971618652344,190.68960571289062,53.908836364746094,339.3927307128906,120.35440063476562,74.36103057861328,44.94822311401367,116.8697280883789,12.813453674316406,72.02146911621094,84.89302825927734,114.2203598022461,0.007300000172108412
2021-03-21,333.321044921875,303.4971618652344,190.68960571289062,53.908836364746094,339.3927307128906,120.35440063476562,74.36103057861328,44.94822311401367,116.8697280883789,12.813453674316406,72.02146911621094,84.89302825927734,114.2203598022461,0.007300000172108412
2021-03-22,335.9561462402344,309.1887512207031,191.72080993652344,53.90458679199219,345.5908508300781,122.67572021484375,74.88697052001953,44.85276794433594,120.18131256103516,13.153099060058594,72.22620391845703,84.8896484375,115.50028228759766,0.013000000268220901
2021-03-23,333.4880065917969,307.83990478515625,189.53762817382812,53.08656311035156,342.98406982421875,119.70521545410156,74.7801513671875,44.11985778808594,119.35340881347656,13.037888526916504,72.38823699951172,84.89559173583984,116.54295349121094,0.006899999920278788
2021-03-24,331.6416015625,302.64801025390625,187.96762084960938,52.515647888183594,337.7224426269531,112.89864349365234,74.36103057861328,43.088661193847656,116.96712493896484,12.611213684082031,72.49916076660156,84.89302825927734,117.17020416259766,0.006899999920278788
2021-03-25,333.506591796875,302.1240539550781,189.3583221435547,52.85648727416992,337.7997131347656,112.54454040527344,75.1181869506836,43.15684127807617,117.4541244506836,12.503735542297363,72.44798278808594,84.88876342773438,116.2462158203125,0.006899999920278788
2021-03-26,338.94732666015625,306.65594482421875,192.45291137695312,53.72563934326172,345.85540771484375,112.10192108154297,76.73823547363281,44.230648040771484,118.05799102783203,12.806970596313477,72.32002258300781,84.89302825927734,115.83934783935547,0.006899999920278788
2021-03-27,338.94732666015625,306.65594482421875,192.45291137695312,53.72563934326172,345.85540771484375,112.10192108154297,76.73823547363281,44.230648040771484,118.05799102783203,12.806970596313477,72.32002258300781,84.89302825927734,115.83934783935547,0.006899999920278788
2021-03-28,338.94732666015625,306.65594482421875,192.45291137695312,53.72563934326172,345.85540771484375,112.10192108154297,76.73823547363281,44.230648040771484,118.05799102783203,12.806970596313477,72.32002258300781,84.89302825927734,115.83934783935547,0.006899999920278788
2021-03-29,338.7424621582031,306.5685729980469,191.54873657226562,53.427398681640625,343.2537536621094,109.34781646728516,76.2918930053711,43.983497619628906,118.23332214355469,12.91569709777832,72.22620391845703,84.8845443725586,114.85611724853516,0.006899999920278788
2021-03-30,337.8764343261719,305.0256652832031,191.4928436279297,53.4444465637207,341.07745361328125,112.54454040527344,76.3910903930664,44.16246032714844,116.78205871582031,12.83938980102539,72.302978515625,84.89302825927734,115.45799255371094,0.006899999920278788
2021-03-31,339.21734619140625,309.6933898925781,192.65798950195312,53.427398681640625,346.7257995605469,117.98390197753906,75.92820739746094,44.358482360839844,118.97354125976562,13.314691543579102,72.26885223388672,84.8845443725586,114.8137435913086,0.007000000216066837
2021-04-01,342.8115234375,314.97247314453125,195.07211303710938,54.15169906616211,353.9603576660156,118.86914825439453,77.30857849121094,44.759033203125,119.80144500732422,13.777027130126953,72.50138854980469,84.89387512207031,116.7192611694336,0.007000000216066837
2021-04-02,342.8115234375,314.97247314453125,195.07211303710938,54.15169906616211,353.9603576660156,118.86914825439453,77.30857849121094,44.759033203125,119.80144500732422,13.777027130126953,72.50138854980469,84.89387512207031,116.7192611694336,0.007000000216066837
2021-04-03,342.8115234375,314.97247314453125,195.07211303710938,54.15169906616211,353.9603576660156,118.86914825439453,77.30857849121094,44.759033203125,119.80144500732422,13.777027130126953,72.50138854980469,84.89387512207031,116.7192611694336,0.007000000216066837
2021-04-04,342.8115234375,314.97247314453125,195.07211303710938,54.15169906616211,353.9603576660156,118.86914825439453,77.30857849121094,44.759033203125,119.80144500732422,13.777027130126953,72.50138854980469,84.89387512207031,116.7192611694336,0.007000000216066837
2021-04-05,347.7559814453125,321.2608337402344,197.34645080566406,54.7481689453125,360.2277526855469,119.64620208740234,77.60613250732422,44.85276794433594,122.62603759765625,13.952333450317383,72.39026641845703,84.8896255493164,116.20999908447266,0.012000000104308128
2021-04-06,347.5604248046875,321.0377197265625,197.42103576660156,54.432891845703125,359.5797119140625,121.80030822753906,77.80450439453125,45.06583023071289,122.927978515625,13.82664966583252,72.646728515625,84.89813995361328,116.99937438964844,0.008999999612569809
2021-04-07,347.998046875,321.81402587890625,197.25328063964844,54.30506896972656,360.8757629394531,118.83964538574219,77.86236572265625,44.40961456298828,124.57405853271484,14.107942581176758,72.5612564086914,84.8896255493164,116.18455505371094,0.008999999612569809
2021-04-08,349.6927490234375,325.1716613769531,198.3997802734375,54.64591979980469,366.3694152832031,122.105224609375,77.57306671142578,44.869815826416016,126.97007751464844,14.281006813049316,72.72370147705078,84.89813995361328,117.14372253417969,0.006099999882280827
2021-04-09,352.2069091796875,327.1416931152344,199.60218811035156,54.63740539550781,369.41595458984375,121.23965454101562,77.4821548461914,44.48632049560547,129.5414276123047,14.36379623413086,72.6296615600586,84.8896255493164,116.7192611694336,0.006099999882280827
2021-04-10,352.2069091796875,327.1416931152344,199.60218811035156,54.63740539550781,369.41595458984375,121.23965454101562,77.4821548461914,44.48632049560547,129.5414276123047,14.36379623413086,72.6296615600586,84.8896255493164,116.7192611694336,0.006099999882280827
2021-04-11,352.2069091796875,327.1416931152344,199.60218811035156,54.63740539550781,369.41595458984375,121.23965454101562,77.4821548461914,44.48632049560547,129.5414276123047,14.36379623413086,72.6296615600586,84.8896255493164,116.7192611694336,0.006099999882280827
2021-04-12,352.36517333984375,326.7147521972656,199.6581268310547,54.313594818115234,368.19732666015625,120.46260070800781,77.93675994873047,44.19655990600586,127.8271713256836,15.170763969421387,72.612548828125,84.8896255493164,116.66836547851562,0.009499999694526196
2021-04-13,353.3242492675781,330.5285339355469,200.2174072265625,54.62887954711914,372.1628112792969,125.46916198730469,78.32524871826172,44.205078125,130.93421936035156,15.640080451965332,72.80061340332031,84.89387512207031,117.54267883300781,0.005799999926239252
2021-04-14,352.1882019042969,326.5594177246094,199.76998901367188,54.77372741699219,368.1296691894531,122.8232650756836,77.91194915771484,44.443702697753906,128.5966339111328,15.238593101501465,72.74932861328125,84.89387512207031,117.1692123413086,0.005799999926239252
2021-04-15,355.9687194824219,331.5086364746094,201.8951873779297,55.1486701965332,374.38726806640625,124.5445785522461,79.27579498291016,44.835731506347656,131.00241088867188,16.0966796875,73.05712890625,84.89387512207031,119.12994384765625,0.005799999926239252
2021-04-16,357.2164306640625,331.8968200683594,202.40785217285156,55.515079498291016,373.8070068359375,122.3412857055664,79.44937896728516,44.98060989379883,130.67124938964844,15.872495651245117,72.86048126220703,84.89813995361328,118.2047119140625,0.005799999926239252
2021-04-17,357.2164306640625,331.8968200683594,202.40785217285156,55.515079498291016,373.8070068359375,122.3412857055664,79.44937896728516,44.98060989379883,130.67124938964844,15.872495651245117,72.86048126220703,84.89813995361328,118.2047119140625,0.005799999926239252
2021-04-18,357.2164306640625,331.8968200683594,202.40785217285156,55.515079498291016,373.8070068359375,122.3412857055664,79.44937896728516,44.98060989379883,130.67124938964844,15.872495651245117,72.86048126220703,84.89813995361328,118.2047119140625,0.005799999926239252
2021-04-19,355.45648193359375,328.859375,201.08425903320312,55.34465026855469,370.2768249511719,118.46587371826172,79.60641479492188,44.88685607910156,131.33355712890625,15.323127746582031,72.81773376464844,84.89813995361328,117.86518859863281,0.006000000052154064
2021-04-20,352.8493347167969,326.4624938964844,199.23866271972656,54.577754974365234,366.52410888671875,117.04947662353516,80.25941467285156,44.54597091674805,129.64854431152344,15.133110046386719,72.93743133544922,84.89387512207031,118.4084243774414,0.006000000052154064
2021-04-21,356.1642150878906,329.2572326660156,201.61557006835938,55.09754943847656,370.3831787109375,119.82324981689453,80.78841400146484,44.8953857421875,130.0283966064453,15.321881294250488,73.014404296875,84.8896255493164,118.64612579345703,0.006000000052154064
2021-04-22,352.89593505859375,325.28814697265625,200.04029846191406,54.867469787597656,366.9399719238281,119.41997528076172,80.35033416748047,44.81868362426758,128.5089874267578,14.812914848327637,73.04859924316406,84.89813995361328,119.16383361816406,0.00559999980032444
2021-04-23,356.6577453613281,329.38336181640625,202.46377563476562,55.4895133972168,372.28857421875,121.67243957519531,80.82147216796875,45.43228530883789,130.82705688476562,15.2268705368042,73.05712890625,84.89813995361328,118.88367462158203,0.00559999980032444
2021-04-24,356.6577453613281,329.38336181640625,202.46377563476562,55.4895133972168,372.28857421875,121.67243957519531,80.82147216796875,45.43228530883789,130.82705688476562,15.2268705368042,73.05712890625,84.89813995361328,118.88367462158203,0.00559999980032444
2021-04-25,356.6577453613281,329.38336181640625,202.46377563476562,55.4895133972168,372.28857421875,121.67243957519531,80.82147216796875,45.43228530883789,130.82705688476562,15.2268705368042,73.05712890625,84.89813995361328,118.88367462158203,0.00559999980032444
2021-04-26,357.4305419921875,331.528076171875,203.20016479492188,55.55767822265625,375.30609130859375,125.63638305664062,81.06117248535156,45.491947174072266,131.2166748046875,15.43908405303955,73.00584411621094,84.8896255493164,118.71397399902344,0.006000000052154064
2021-04-27,357.3188781738281,330.09173583984375,203.10693359375,55.472469329833984,373.99072265625,124.17080688476562,81.05290222167969,45.560115814208984,130.89527893066406,15.343080520629883,72.81773376464844,84.8896255493164,117.67842102050781,0.011099999770522118
2021-04-28,357.1512451171875,328.975830078125,203.07896423339844,55.702537536621094,371.0312194824219,123.32489776611328,80.87933349609375,45.92658233642578,130.10633850097656,15.23834228515625,72.85195922851562,84.89387512207031,117.75481414794922,0.005799999926239252
2021-04-29,359.53497314453125,330.1597595214844,203.85263061523438,55.69402313232422,369.8898620605469,119.76423645019531,81.57363891601562,45.82431411743164,130.00888061523438,15.286221504211426,72.79208374023438,84.89813995361328,117.40684509277344,0.009999999776482582
2021-04-30,357.16058349609375,327.99566650390625,202.3612518310547,54.91006851196289,364.5704345703125,118.79045867919922,81.89602661132812,45.15104293823242,128.04147338867188,14.971765518188477,72.89469909667969,84.89813995361328,117.67842102050781,0.009999999776482582
2021-05-01,357.16058349609375,327.99566650390625,202.3612518310547,54.91006851196289,364.5704345703125,118.79045867919922,81.89602661132812,45.15104293823242,128.04147338867188,14.971765518188477,72.89469909667969,84.89813995361328,117.67842102050781,0.009999999776482582
2021-05-02,357.16058349609375,327.99566650390625,202.3612518310547,54.91006851196289,364.5704345703125,118.79045867919922,81.89602661132812,45.15104293823242,128.04147338867188,14.971765518188477,72.89469909667969,84.89813995361328,117.67842102050781,0.009999999776482582
2021-05-03,357.97064208984375,326.2488708496094,202.71543884277344,55.37873077392578,363.1099853515625,114.99373626708984,81.73896789550781,45.134010314941406,129.09339904785156,14.799448013305664,72.91265869140625,84.9015121459961,117.74901580810547,0.00989999994635582
2021-05-04,355.791748046875,320.3778076171875,201.1960906982422,54.66297149658203,355.7497253417969,111.43306732177734,81.20995330810547,44.580055236816406,124.52534484863281,14.315168380737305,73.0068359375,84.89302825927734,118.548095703125,0.006099999882280827
2021-05-05,355.85693359375,319.3006286621094,201.15884399414062,55.22536087036133,354.6857604980469,109.72158813476562,79.8626708984375,44.75050735473633,124.76883697509766,14.422149658203125,73.0496597290039,84.89726257324219,118.74356079101562,0.006099999882280827
2021-05-06,358.7527770996094,321.7073059082031,202.18417358398438,55.65141677856445,356.852294921875,106.56420135498047,80.3089828491211,45.19367218017578,126.36619567871094,14.48648738861084,73.08394622802734,84.89726257324219,118.93907928466797,0.006099999882280827
2021-05-07,361.3134460449219,324.3177490234375,203.89923095703125,56.307552337646484,360.27606201171875,107.92158508300781,81.36698150634766,45.59421157836914,127.03939819335938,14.775012969970703,73.09251403808594,84.89474487304688,118.3525619506836,0.006099999882280827
2021-05-08,361.3134460449219,324.3177490234375,203.89923095703125,56.307552337646484,360.27606201171875,107.92158508300781,81.36698150634766,45.59421157836914,127.03939819335938,14.775012969970703,73.09251403808594,84.89474487304688,118.3525619506836,0.006099999882280827
2021-05-09,361.3134460449219,324.3177490234375,203.89923095703125,56.307552337646484,360.27606201171875,107.92158508300781,81.36698150634766,45.59421157836914,127.03939819335938,14.775012969970703,73.09251403808594,84.89474487304688,118.3525619506836,0.006099999882280827
2021-05-10,357.7751159667969,316.1273193359375,201.5037078857422,55.8474006652832,350.9621276855469,102.27567291259766,81.34220886230469,44.74199295043945,123.76118469238281,14.229884147644043,72.92123413085938,84.9015121459961,117.15394592285156,0.006200000178068876
2021-05-11,354.6370544433594,315.69061279296875,199.88182067871094,55.24240493774414,350.6525573730469,104.38059997558594,80.31727600097656,44.622676849365234,122.84408569335938,14.270280838012695,72.7756576538086,84.89302825927734,116.49092102050781,0.00989999994635582
2021-05-12,347.06695556640625,307.5196838378906,195.37969970703125,54.16021728515625,340.3327941894531,100.4854965209961,78.28390502929688,43.48068618774414,119.78054809570312,13.723910331726074,72.51878356933594,84.89726257324219,115.26687622070312,0.006200000178068876
2021-05-13,351.1918640136719,309.8971862792969,197.53292846679688,54.4499397277832,344.2015075683594,97.84943389892578,79.30058288574219,43.429542541503906,121.92696380615234,13.63089370727539,72.66436767578125,84.89302825927734,115.44536590576172,0.006200000178068876
2021-05-14,356.583251953125,316.7386779785156,200.90713500976562,55.36170196533203,352.1711120605469,102.60025787353516,80.24285888671875,44.14542770385742,124.34659576416016,14.207191467285156,72.83560180664062,84.89726257324219,116.52496337890625,0.006200000178068876
2021-05-15,356.583251953125,316.7386779785156,200.90713500976562,55.36170196533203,352.1711120605469,102.60025787353516,80.24285888671875,44.14542770385742,124.34659576416016,14.207191467285156,72.83560180664062,84.89726257324219,116.52496337890625,0.006200000178068876
2021-05-16,356.583251953125,316.7386779785156,200.90713500976562,55.36170196533203,352.1711120605469,102.60025787353516,80.24285888671875,44.14542770385742,124.34659576416016,14.207191467285156,72.83560180664062,84.89726257324219,116.52496337890625,0.006200000178068876
2021-05-17,355.7265625,314.8172302246094,200.4783935546875,55.27648162841797,349.5210266113281,101.61664581298828,80.3255386352539,44.170997619628906,123.19532012939453,14.129887580871582,72.76710510253906,84.89302825927734,116.27840423583984,0.006200000178068876
2021-05-18,352.65380859375,312.6919860839844,198.9124298095703,55.608802795410156,347.228759765625,103.07239532470703,80.34204864501953,44.81016159057617,121.80989074707031,13.980511665344238,72.69005584716797,84.89726257324219,115.98092651367188,0.007000000216066837
2021-05-19,351.7226257324219,313.05108642578125,198.33456420898438,55.21683883666992,348.4474182128906,101.28221893310547,80.08583068847656,44.69085693359375,121.65379333496094,14.030388832092285,72.61297607421875,84.89302825927734,115.70038604736328,0.007000000216066837
2021-05-20,355.4751892089844,319.1065368652344,200.48770141601562,55.81331253051758,355.34344482421875,104.84288024902344,80.9867935180664,44.85276794433594,124.20999908447266,14.575763702392578,72.85272979736328,84.89302825927734,116.6524429321289,0.006000000052154064
2021-05-21,355.205078125,317.34039306640625,200.37586975097656,55.659950256347656,353.6412048339844,104.10517883300781,80.90412902832031,44.37553024291992,122.37577056884766,14.954059600830078,72.8698501586914,84.89302825927734,117.0264892578125,0.006000000052154064
2021-05-22,355.205078125,317.34039306640625,200.37586975097656,55.659950256347656,353.6412048339844,104.10517883300781,80.90412902832031,44.37553024291992,122.37577056884766,14.954059600830078,72.8698501586914,84.89302825927734,117.0264892578125,0.006000000052154064
2021-05-23,355.205078125,317.34039306640625,200.37586975097656,55.659950256347656,353.6412048339844,104.10517883300781,80.90412902832031,44.37553024291992,122.37577056884766,14.954059600830078,72.8698501586914,84.89302825927734,117.0264892578125,0.006000000052154064
2021-05-24,358.7901306152344,322.67767333984375,202.39852905273438,56.06041717529297,359.7925109863281,106.94780731201172,81.91252136230469,44.793128967285156,124.0051040649414,15.572749137878418,72.95548248291016,84.89981842041016,117.45996856689453,0.006000000052154064
2021-05-25,358.035888671875,323.1241149902344,201.8393096923828,56.213802337646484,359.9085693359375,107.58715057373047,81.88774871826172,45.261844635009766,123.80998229980469,15.60841178894043,73.14388275146484,84.9015121459961,118.548095703125,0.005200000014156103
2021-05-26,358.6876525878906,324.2497863769531,202.56637573242188,56.34162902832031,360.61456298828125,109.60355377197266,82.25141143798828,45.59421157836914,123.76118469238281,15.660528182983398,73.11819458007812,84.89726257324219,118.34405517578125,0.007000000216066837
2021-05-27,358.845947265625,323.0368347167969,202.9391632080078,56.46944808959961,359.09619140625,110.43962097167969,82.06131744384766,45.679439544677734,122.22943878173828,15.44905948638916,73.01542663574219,84.89302825927734,117.86804962158203,0.007000000216066837
2021-05-28,359.54437255859375,324.0556945800781,203.28404235839844,56.597251892089844,360.0633239746094,110.2625732421875,82.5572509765625,45.91806411743164,121.57572937011719,16.20366096496582,73.0068359375,84.9015121459961,117.6810302734375,0.005499999970197678
2021-05-29,359.54437255859375,324.0556945800781,203.28404235839844,56.597251892089844,360.0633239746094,110.2625732421875,82.5572509765625,45.91806411743164,121.57572937011719,16.20366096496582,73.0068359375,84.9015121459961,117.6810302734375,0.005499999970197678
2021-05-30,359.54437255859375,324.0556945800781,203.28404235839844,56.597251892089844,360.0633239746094,110.2625732421875,82.5572509765625,45.91806411743164,121.57572937011719,16.20366096496582,73.0068359375,84.9015121459961,117.6810302734375,0.005499999970197678
2021-05-31,359.54437255859375,324.0556945800781,203.28404235839844,56.597251892089844,360.0633239746094,110.2625732421875,82.5572509765625,45.91806411743164,121.57572937011719,16.20366096496582,73.0068359375,84.9015121459961,117.6810302734375,0.005499999970197678
2021-06-01,359.2649230957031,322.9786071777344,203.36795043945312,57.134090423583984,358.4481506347656,109.42650604248047,84.0450668334961,46.88107681274414,121.2537612915039,16.223608016967773,73.00172424316406,84.89896392822266,117.65460205078125,0.005499999970197678
2021-06-02,359.8702087402344,323.60931396484375,203.63827514648438,57.26190185546875,360.48883056640625,109.4756851196289,85.02869415283203,46.991859436035156,122.0147705078125,16.736068725585938,73.07889556884766,84.89896392822266,117.92703247070312,0.007000000216066837
2021-06-03,358.5014953613281,320.241943359375,202.7340850830078,56.827327728271484,356.6298522949219,105.66912078857422,84.7145767211914,46.46348571777344,120.53179931640625,16.927087783813477,72.94168090820312,84.89473724365234,117.48436737060547,0.006000000052154064
2021-06-04,361.7511901855469,325.6764221191406,204.49575805664062,57.372676849365234,363.37115478515625,107.71502685546875,84.75592803955078,46.88107681274414,122.82459259033203,17.5340576171875,73.23326110839844,84.89473724365234,119.0932846069336,0.006500000134110451
2021-06-05,361.7511901855469,325.6764221191406,204.49575805664062,57.372676849365234,363.37115478515625,107.71502685546875,84.75592803955078,46.88107681274414,122.82459259033203,17.5340576171875,73.23326110839844,84.89473724365234,119.0932846069336,0.006500000134110451
2021-06-06,361.7511901855469,325.6764221191406,204.49575805664062,57.372676849365234,363.37115478515625,107.71502685546875,84.75592803955078,46.88107681274414,122.82459259033203,17.5340576171875,73.23326110839844,84.89473724365234,119.0932846069336,0.006500000134110451
2021-06-07,361.4438781738281,326.6467590332031,204.66355895996094,57.4152717590332,363.8739929199219,110.84290313720703,85.75606536865234,46.6935920715332,122.83432006835938,17.5747013092041,73.18180847167969,84.89643096923828,118.72721862792969,0.006500000134110451
2021-06-08,361.4997253417969,326.8020324707031,205.0830078125,57.32154083251953,364.5124206542969,111.27568054199219,86.46691131591797,46.49757385253906,123.65386199951172,17.41311264038086,73.31908416748047,84.90321350097656,119.56149291992188,0.005499999970197678
2021-06-09,360.9317321777344,326.87969970703125,204.5050811767578,57.12556076049805,364.3189392089844,111.00027465820312,86.58261108398438,46.46348571777344,124.03437805175781,17.318574905395508,73.4648208618164,84.89896392822266,120.61705780029297,0.005499999970197678
2021-06-10,362.5984802246094,330.2859191894531,205.40924072265625,57.381195068359375,367.59765625,113.08553314208984,87.20254516601562,46.787330627441406,123.03923034667969,17.385177612304688,73.61922454833984,84.89896392822266,121.34061431884766,0.005499999970197678
2021-06-11,363.2316589355469,331.14959716796875,206.01513671875,57.449363708496094,369.8511657714844,114.21669006347656,86.8553695678711,46.58279800415039,124.24901580810547,17.78451156616211,73.60205078125,84.89896392822266,121.14486694335938,0.005499999970197678
2021-06-12,363.2316589355469,331.14959716796875,206.01513671875,57.449363708496094,369.8511657714844,114.21669006347656,86.8553695678711,46.58279800415039,124.24901580810547,17.78451156616211,73.60205078125,84.89896392822266,121.14486694335938,0.005499999970197678
2021-06-13,363.2316589355469,331.14959716796875,206.01513671875,57.449363708496094,369.8511657714844,114.21669006347656,86.8553695678711,46.58279800415039,124.24901580810547,17.78451156616211,73.60205078125,84.89896392822266,121.14486694335938,0.005499999970197678
2021-06-14,364.1441955566406,334.32293701171875,206.33203125,57.517539978027344,373.9327087402344,116.39045715332031,87.19427490234375,46.770286560058594,127.30278778076172,17.97756576538086,73.41338348388672,84.89896392822266,120.21692657470703,0.005499999970197678
2021-06-15,363.3806457519531,332.1393737792969,205.79139709472656,57.46641540527344,371.36004638671875,113.20355987548828,86.26026153564453,46.4549560546875,126.48326110839844,17.747844696044922,73.41338348388672,84.89896392822266,120.07220458984375,0.007000000216066837
2021-06-16,361.3879699707031,330.9263916015625,204.76608276367188,56.97219467163086,369.8028259277344,112.65274047851562,85.69818115234375,45.82431411743164,126.98082733154297,17.769546508789062,73.2075424194336,84.89896392822266,119.97002410888672,0.006000000052154064
2021-06-17,361.2575988769531,335.12835693359375,204.5703582763672,56.708038330078125,374.5710754394531,116.55767059326172,85.59075164794922,46.0885009765625,128.58090209960938,18.614606857299805,73.45623779296875,84.89643096923828,121.76625061035156,0.007000000216066837
2021-06-18,356.4621887207031,332.4985656738281,202.03501892089844,55.804786682128906,371.5728759765625,116.95111083984375,84.13599395751953,45.73057556152344,127.28330993652344,18.596153259277344,73.68780517578125,84.8904800415039,124.0561752319336,0.007000000216066837
2021-06-19,356.4621887207031,332.4985656738281,202.03501892089844,55.804786682128906,371.5728759765625,116.95111083984375,84.13599395751953,45.73057556152344,127.28330993652344,18.596153259277344,73.68780517578125,84.8904800415039,124.0561752319336,0.007000000216066837
2021-06-20,356.4621887207031,332.4985656738281,202.03501892089844,55.804786682128906,371.5728759765625,116.95111083984375,84.13599395751953,45.73057556152344,127.28330993652344,18.596153259277344,73.68780517578125,84.8904800415039,124.0561752319336,0.007000000216066837
2021-06-21,361.45318603515625,334.5649108886719,204.8220672607422,56.45323944091797,374.8805847167969,117.55111694335938,85.87178039550781,45.953311920166016,129.0784912109375,18.3851375579834,73.43053436279297,84.8904800415039,121.97908020019531,0.007000000216066837
2021-06-22,363.3713073730469,337.68365478515625,205.9871368408203,56.444644927978516,378.4784851074219,119.03636169433594,85.42542266845703,45.75626754760742,130.71759033203125,18.843582153320312,73.53343200683594,84.90321350097656,122.27704620361328,0.007000000216066837
2021-06-23,362.980224609375,337.84881591796875,205.9032745361328,56.27286911010742,378.21734619140625,121.50521850585938,85.27664947509766,46.0218505859375,130.44439697265625,19.01369285583496,73.48201751708984,84.89473724365234,121.9620132446289,0.010999999940395355
2021-06-24,365.0566711425781,339.9377136230469,207.301025390625,56.77961349487305,380.8094482421875,123.2265396118164,85.09268188476562,46.364524841308594,130.1614532470703,19.161603927612305,73.51628875732422,84.89473724365234,122.1578369140625,0.010999999940395355
2021-06-25,366.4068908691406,339.5198669433594,208.07705688476562,57.03726577758789,380.7222900390625,123.43309783935547,85.66706848144531,46.741477966308594,129.8687744140625,18.987504959106445,73.37907409667969,84.90321350097656,120.88947296142578,0.007300000172108412
2021-06-26,366.4068908691406,339.5198669433594,208.07705688476562,57.03726577758789,380.7222900390625,123.43309783935547,85.66706848144531,46.741477966308594,129.8687744140625,18.987504959106445,73.37907409667969,84.90321350097656,120.88947296142578,0.007300000172108412
2021-06-27,366.4068908691406,339.5198669433594,208.07705688476562,57.03726577758789,380.7222900390625,123.43309783935547,85.66706848144531,46.741477966308594,129.8687744140625,18.987504959106445,73.37907409667969,84.90321350097656,120.88947296142578,0.007300000172108412
2021-06-28,367.1703796386719,343.6490173339844,208.31080627441406,56.80537796020508,384.7807922363281,128.09539794921875,85.41734313964844,46.85284423828125,131.4981231689453,19.9393253326416,73.57634735107422,84.89473724365234,122.13237762451172,0.007300000172108412
2021-06-29,367.3320617675781,344.892578125,208.3201446533203,56.7881965637207,387.5317687988281,128.73475646972656,85.18424224853516,46.81857681274414,133.01036071777344,19.98097801208496,73.61063385009766,84.89896392822266,122.33663940429688,0.007499999832361937
2021-06-30,367.66839599609375,344.3484802246094,208.3295135498047,56.41029357910156,386.2628479003906,128.6363983154297,84.73472595214844,46.52729797363281,133.62503051757812,19.956787109375,73.66210174560547,84.89896392822266,122.88140106201172,0.00860000029206276
2021-07-01,369.74249267578125,344.4845275878906,209.4608154296875,56.46182632446289,386.3887939453125,127.0429458618164,85.10100555419922,46.27886199951172,133.92745971679688,20.16580581665039,73.65521240234375,84.89726257324219,122.8882827758789,0.010999999940395355
2021-07-02,372.5547790527344,348.43878173828125,210.62020874023438,56.539119720458984,391.0479431152344,126.04949188232422,85.35905456542969,46.22744369506836,136.55197143554688,20.44017791748047,73.78404998779297,84.89726257324219,123.6298599243164,0.010999999940395355
2021-07-03,372.5547790527344,348.43878173828125,210.62020874023438,56.539119720458984,391.0479431152344,126.04949188232422,85.35905456542969,46.22744369506836,136.55197143554688,20.44017791748047,73.78404998779297,84.89726257324219,123.6298599243164,0.010999999940395355
2021-07-04,372.5547790527344,348.43878173828125,210.62020874023438,56.539119720458984,391.0479431152344,126.04949188232422,85.35905456542969,46.22744369506836,136.55197143554688,20.44017791748047,73.78404998779297,84.89726257324219,123.6298599243164,0.010999999940395355
2021-07-05,372.5547790527344,348.43878173828125,210.62020874023438,56.539119720458984,391.0479431152344,126.04949188232422,85.35905456542969,46.22744369506836,136.55197143554688,20.44017791748047,73.78404998779297,84.89726257324219,123.6298599243164,0.010999999940395355
2021-07-06,371.85406494140625,349.9447021484375,210.16201782226562,56.075340270996094,392.98516845703125,125.15441131591797,85.98340606689453,45.396453857421875,138.5618133544922,20.651195526123047,74.05033874511719,84.90067291259766,125.07892608642578,0.007499999832361937
2021-07-07,373.1340026855469,350.6831359863281,210.4425506591797,56.25569534301758,394.49627685546875,122.22325897216797,86.28308868408203,45.43928909301758,141.04971313476562,20.325191497802734,74.20496368408203,84.89643859863281,126.18696594238281,0.007499999832361937
2021-07-08,370.1629943847656,348.56500244140625,208.66607666015625,55.39682388305664,390.6507568359375,121.28882598876953,86.04165649414062,44.57402801513672,139.75209045410156,19.857263565063477,74.27366638183594,84.89643859863281,126.68135833740234,0.00800000037997961
2021-07-09,374.0683898925781,350.74139404296875,211.1905059814453,56.35017013549805,394.3412780761719,123.56096649169922,87.4568099975586,45.38788986206055,141.57656860351562,20.00442123413086,74.04174041748047,84.89643859863281,124.89988708496094,0.027000000700354576
2021-07-10,374.0683898925781,350.74139404296875,211.1905059814453,56.35017013549805,394.3412780761719,123.56096649169922,87.4568099975586,45.38788986206055,141.57656860351562,20.00442123413086,74.04174041748047,84.89643859863281,124.89988708496094,0.027000000700354576
2021-07-11,374.0683898925781,350.74139404296875,211.1905059814453,56.35017013549805,394.3412780761719,123.56096649169922,87.4568099975586,45.38788986206055,141.57656860351562,20.00442123413086,74.04174041748047,84.89643859863281,124.89988708496094,0.027000000700354576
2021-07-12,375.42303466796875,352.1112976074219,211.779541015625,56.47040939331055,394.3025207519531,122.69538879394531,88.2060317993164,45.41358947753906,140.98141479492188,20.465625762939453,74.01598358154297,84.89643859863281,124.73792266845703,0.011699999682605267
2021-07-13,374.1524658203125,352.1112976074219,210.60150146484375,56.30722427368164,395.15496826171875,120.265869140625,86.97401428222656,45.43928909301758,142.09365844726562,20.203718185424805,73.78404998779297,84.90067291259766,123.7832260131836,0.014000000432133675
2021-07-14,374.66644287109375,352.74273681640625,210.31166076660156,56.40169906616211,396.8694152832031,116.23307800292969,87.58170318603516,45.66202926635742,145.51815795898438,19.796152114868164,74.0331802368164,84.89643859863281,125.18965148925781,0.010099999606609344
2021-07-15,373.4610595703125,350.2652282714844,209.572998046875,56.10969924926758,393.2564697265625,114.49209594726562,87.72321319580078,45.704864501953125,144.864501953125,18.922903060913086,74.21354675292969,84.89643859863281,126.57061004638672,0.014999999664723873
2021-07-16,370.555419921875,347.4283752441406,207.92747497558594,55.680259704589844,389.6627502441406,114.61996459960938,87.6649398803711,45.396453857421875,142.8253936767578,18.119491577148438,74.14482879638672,84.90067291259766,126.33190155029297,0.014999999664723873
2021-07-17,370.555419921875,347.4283752441406,207.92747497558594,55.680259704589844,389.6627502441406,114.61996459960938,87.6649398803711,45.396453857421875,142.8253936767578,18.119491577148438,74.14482879638672,84.90067291259766,126.33190155029297,0.014999999664723873
2021-07-18,370.555419921875,347.4283752441406,207.92747497558594,55.680259704589844,389.6627502441406,114.61996459960938,87.6649398803711,45.396453857421875,142.8253936767578,18.119491577148438,74.14482879638672,84.90067291259766,126.33190155029297,0.014999999664723873
2021-07-19,365.0149230957031,344.5818176269531,204.97296142578125,54.735496520996094,384.9455261230469,115.357666015625,86.066650390625,44.72823715209961,138.9813232421875,18.736827850341797,74.56574249267578,84.90067291259766,129.10218811035156,0.00570000009611249
2021-07-20,370.17230224609375,348.5845642089844,208.51651000976562,55.05329132080078,391.202880859375,118.78063201904297,88.09782409667969,44.76250076293945,142.5912322998047,18.569459915161133,74.48841094970703,84.89643859863281,127.85769653320312,0.00570000009611249
2021-07-21,373.2835998535156,351.2757568359375,210.3864288330078,55.75755310058594,395.1937561035156,120.64949035644531,88.08949279785156,45.14801025390625,141.85948181152344,19.365636825561523,74.2479476928711,84.90489959716797,126.23814392089844,0.006000000052154064
2021-07-22,374.0777282714844,353.5978088378906,210.56410217285156,55.82626724243164,397.8186340332031,119.71504974365234,87.39024353027344,45.216556549072266,143.2254180908203,19.54922103881836,74.41111755371094,84.90067291259766,127.43144226074219,0.006000000052154064
2021-07-23,377.81494140625,357.7268981933594,212.66775512695312,55.886390686035156,401.72235107421875,120.42325592041016,88.11445617675781,44.51405715942383,144.9425811767578,19.5132999420166,74.3252182006836,84.90489959716797,126.57911682128906,0.017999999225139618
2021-07-24,377.81494140625,357.7268981933594,212.66775512695312,55.886390686035156,401.72235107421875,120.42325592041016,88.11445617675781,44.51405715942383,144.9425811767578,19.5132999420166,74.3252182006836,84.90489959716797,126.57911682128906,0.017999999225139618
2021-07-25,377.81494140625,357.7268981933594,212.66775512695312,55.886390686035156,401.72235107421875,120.42325592041016,88.11445617675781,44.51405715942383,144.9425811767578,19.5132999420166,74.3252182006836,84.90489959716797,126.57911682128906,0.017999999225139618
2021-07-26,378.7773132324219,358.00860595703125,213.09783935546875,55.654502868652344,401.81915283203125,119.60684967041016,88.15607452392578,43.665924072265625,145.36209106445312,19.249906539916992,74.28225708007812,84.89726257324219,126.20401000976562,0.017999999225139618
2021-07-27,377.0954895019531,354.0639953613281,211.94786071777344,55.16493225097656,397.44091796875,116.67571258544922,88.6555404663086,42.72355651855469,143.19615173339844,19.164098739624023,74.47122192382812,84.90067291259766,127.55074310302734,0.017899999395012856
2021-07-28,376.88995361328125,355.42425537109375,212.2750701904297,55.75755310058594,397.8573303222656,119.36095428466797,88.34754943847656,43.93150329589844,141.4497528076172,19.458425521850586,74.53997039794922,84.90489959716797,127.55931091308594,0.017999999225139618
2021-07-29,378.51568603515625,356.0557861328125,213.2100067138672,56.101112365722656,399.8238220214844,119.60684967041016,88.36419677734375,44.0857048034668,142.09365844726562,19.617067337036133,74.41111755371094,84.90406036376953,126.8518295288086,0.017999999225139618
2021-07-30,376.665771484375,354.2001037597656,211.94786071777344,55.774742126464844,399.28131103515625,118.03308868408203,88.4807357788086,43.785865783691406,142.30831909179688,19.45443344116211,74.52278900146484,84.90067291259766,127.4485092163086,0.006000000052154064
2021-07-31,376.665771484375,354.2001037597656,211.94786071777344,55.774742126464844,399.28131103515625,118.03308868408203,88.4807357788086,43.785865783691406,142.30831909179688,19.45443344116211,74.52278900146484,84.90067291259766,127.4485092163086,0.006000000052154064
2021-08-01,376.665771484375,354.2001037597656,211.94786071777344,55.774742126464844,399.28131103515625,118.03308868408203,88.4807357788086,43.785865783691406,142.30831909179688,19.45443344116211,74.52278900146484,84.90067291259766,127.4485092163086,0.006000000052154064
2021-08-02,375.89959716796875,354.2292175292969,211.64862060546875,56.00662612915039,398.2933654785156,119.13473510742188,88.28926086425781,44.13711166381836,141.97657775878906,19.704862594604492,74.6999740600586,84.89387512207031,128.5852508544922,0.006000000052154064
2021-08-03,378.9360656738281,356.3763427734375,213.16331481933594,56.37593460083008,400.5115661621094,118.24947357177734,88.3974838256836,44.24848556518555,143.7717742919922,19.76971435546875,74.71719360351562,84.90235137939453,128.6535186767578,0.006000000052154064
2021-08-04,377.1235656738281,356.8913269042969,212.20965576171875,56.324405670166016,401.5091552734375,121.25931549072266,88.1227798461914,44.35984802246094,143.37176513671875,20.227663040161133,74.71719360351562,84.90660095214844,128.9180908203125,0.006000000052154064
2021-08-05,379.47796630859375,359.15509033203125,213.7242889404297,56.48759460449219,404.0469665527344,123.51178741455078,89.15501403808594,44.222782135009766,143.47909545898438,20.58983612060547,74.5451431274414,84.90235137939453,128.26097106933594,0.00800000037997961
2021-08-06,380.1319885253906,357.5810852050781,213.98606872558594,56.221343994140625,403.41748046875,120.99374389648438,88.99686431884766,43.922935485839844,142.7950897216797,20.31945037841797,74.19239807128906,84.90235137939453,126.1188735961914,0.00800000037997961
2021-08-07,380.1319885253906,357.5810852050781,213.98606872558594,56.221343994140625,403.41748046875,120.99374389648438,88.99686431884766,43.922935485839844,142.7950897216797,20.31945037841797,74.19239807128906,84.90235137939453,126.1188735961914,0.00800000037997961
2021-08-08,380.1319885253906,357.5810852050781,213.98606872558594,56.221343994140625,403.41748046875,120.99374389648438,88.99686431884766,43.922935485839844,142.7950897216797,20.31945037841797,74.19239807128906,84.90235137939453,126.1188735961914,0.00800000037997961
2021-08-09,379.7676086425781,358.2417907714844,213.9019775390625,56.22993087768555,402.4293518066406,122.65604400634766,88.52235412597656,44.07714080810547,142.74624633789062,20.24861717224121,74.05476379394531,84.89814758300781,125.66656494140625,0.006000000052154064
2021-08-10,380.244140625,356.40557861328125,214.0421142578125,56.33298873901367,399.39764404296875,119.44947814941406,87.68157196044922,44.23991775512695,142.2675018310547,19.890439987182617,73.94293212890625,84.89814758300781,125.08621215820312,0.014999999664723873
2021-08-11,381.1596984863281,355.79345703125,214.46290588378906,56.676544189453125,399.0489196777344,119.31177520751953,88.19770812988281,44.40269088745117,142.52149963378906,19.653974533081055,73.99456024169922,84.89814758300781,125.0094223022461,0.014999999664723873
2021-08-12,382.2716369628906,357.07586669921875,215.06130981445312,56.48759460449219,401.20892333984375,119.8527603149414,88.38916778564453,44.11142349243164,145.48214721679688,19.85951042175293,74.0031509399414,84.89387512207031,124.8045654296875,0.006099999882280827
2021-08-13,383.0284729003906,358.3292541503906,215.18283081054688,56.676544189453125,403.0299072265625,118.13143920898438,88.87197875976562,44.0257453918457,145.68736267089844,20.141862869262695,74.29564666748047,84.90235137939453,126.77600860595703,0.006099999882280827
2021-08-14,383.0284729003906,358.3292541503906,215.18283081054688,56.676544189453125,403.0299072265625,118.13143920898438,88.87197875976562,44.0257453918457,145.68736267089844,20.141862869262695,74.29564666748047,84.90235137939453,126.77600860595703,0.006099999882280827
2021-08-15,383.0284729003906,358.3292541503906,215.18283081054688,56.676544189453125,403.0299072265625,118.13143920898438,88.87197875976562,44.0257453918457,145.68736267089844,20.141862869262695,74.29564666748047,84.90235137939453,126.77600860595703,0.006099999882280827
2021-08-16,383.9440612792969,358.4846496582031,215.26695251464844,56.29863739013672,403.7757873535156,115.06259155273438,88.7637710571289,43.67448806762695,147.66110229492188,19.904407501220703,74.3644790649414,84.90660095214844,127.08322143554688,0.006000000052154064
2021-08-17,381.4120178222656,355.3271179199219,213.66819763183594,55.6115608215332,400.3274230957031,113.99044799804688,88.67221069335938,42.886329650878906,146.75241088867188,19.413530349731445,74.28701782226562,84.88963317871094,127.0320816040039,0.006000000052154064
2021-08-18,377.3104248046875,351.9072265625,211.5364990234375,55.49989700317383,395.2130432128906,113.94126892089844,87.86473083496094,42.93772888183594,143.01007080078125,18.996484756469727,74.26985168457031,84.90235137939453,127.45875549316406,0.00559999980032444
2021-08-19,377.843017578125,353.607421875,211.37745666503906,54.84716033935547,398.18670654296875,111.98388671875,88.28926086425781,42.27806854248047,143.34231567382812,19.75275421142578,74.43329620361328,84.89814758300781,128.39749145507812,0.009800000116229057
2021-08-20,380.83270263671875,357.2702331542969,213.27549743652344,54.9931640625,403.2236328125,113.90193176269531,88.73046875,42.27806854248047,144.7981414794922,20.768428802490234,74.4161148071289,84.90660095214844,128.48291015625,0.004999999888241291
2021-08-21,380.83270263671875,357.2702331542969,213.27549743652344,54.9931640625,403.2236328125,113.90193176269531,88.73046875,42.27806854248047,144.7981414794922,20.768428802490234,74.4161148071289,84.90660095214844,128.48291015625,0.004999999888241291
2021-08-22,380.83270263671875,357.2702331542969,213.27549743652344,54.9931640625,403.2236328125,113.90193176269531,88.73046875,42.27806854248047,144.7981414794922,20.768428802490234,74.4161148071289,84.90660095214844,128.48291015625,0.004999999888241291
2021-08-23,384.20562744140625,362.6138610839844,215.34178161621094,55.585784912109375,408.89019775390625,117.52161407470703,88.56397247314453,42.886329650878906,146.2834014892578,21.907817840576172,74.43329620361328,84.89814758300781,128.39749145507812,0.004999999888241291
2021-08-24,384.8128967285156,363.72137451171875,216.1083984375,56.0925178527832,409.4714050292969,119.0757064819336,88.1727294921875,43.8458251953125,146.1954803466797,21.743188858032227,74.28701782226562,84.90235137939453,127.39898681640625,0.004999999888241291
2021-08-25,385.52294921875,364.1391296386719,216.7255401611328,56.14404296875,409.5004577636719,119.04619598388672,88.11445617675781,43.8886604309082,144.96432495117188,22.162229537963867,74.16661834716797,84.89814758300781,126.34075927734375,0.004999999888241291
2021-08-26,383.2713317871094,361.8268127441406,215.27633666992188,55.766136169433594,407.0982360839844,117.20685577392578,88.14775085449219,43.528846740722656,144.16305541992188,22.017562866210938,74.17522430419922,84.90235137939453,126.69072723388672,0.004999999888241291
2021-08-27,386.6721496582031,365.34393310546875,217.59503173828125,56.37593460083008,411.75732421875,120.0298080444336,89.07177734375,44.07714080810547,145.1988525390625,22.58426284790039,74.39029693603516,84.90235137939453,127.55266571044922,0.004999999888241291
2021-08-28,386.6721496582031,365.34393310546875,217.59503173828125,56.37593460083008,411.75732421875,120.0298080444336,89.07177734375,44.07714080810547,145.1988525390625,22.58426284790039,74.39029693603516,84.90235137939453,127.55266571044922,0.004999999888241291
2021-08-29,386.6721496582031,365.34393310546875,217.59503173828125,56.37593460083008,411.75732421875,120.0298080444336,89.07177734375,44.07714080810547,145.1988525390625,22.58426284790039,74.39029693603516,84.90235137939453,127.55266571044922,0.004999999888241291
2021-08-30,388.44732666015625,369.4438171386719,218.4178009033203,56.39311981201172,415.8353271484375,120.77735137939453,89.96249389648438,44.20564270019531,149.61532592773438,22.63614273071289,74.47633361816406,84.90235137939453,127.8854751586914,0.0026000000070780516
2021-08-31,387.783935546875,369.1426696777344,218.00640869140625,56.59066390991211,413.2974548339844,120.0298080444336,90.38705444335938,44.745361328125,148.3548583984375,22.33777618408203,74.38166809082031,84.90235137939453,127.01495361328125,0.003100000089034438
2021-09-01,388.1950378417969,369.754638671875,218.3897705078125,57.08879470825195,413.5686340332031,121.69210815429688,91.83548736572266,45.28507995605469,149.01930236816406,22.393661499023438,74.39458465576172,84.9049072265625,127.22772979736328,0.0035000001080334187
2021-09-02,389.3536376953125,369.579833984375,219.12838745117188,57.24340057373047,413.8883361816406,122.78392028808594,92.31832885742188,45.10517883300781,150.1332244873047,22.348756790161133,74.49801635742188,84.90235900878906,127.78315734863281,0.0035000001080334187
2021-09-03,389.2042236328125,370.716552734375,219.05360412597656,57.544002532958984,415.8836975097656,123.01998138427734,92.33495330810547,45.31078338623047,150.76834106445312,22.79481315612793,74.34290313720703,84.9049072265625,126.62106323242188,0.012000000104308128
2021-09-04,389.2042236328125,370.716552734375,219.05360412597656,57.544002532958984,415.8836975097656,123.01998138427734,92.33495330810547,45.31078338623047,150.76834106445312,22.79481315612793,74.34290313720703,84.9049072265625,126.62106323242188,0.012000000104308128
2021-09-05,389.2042236328125,370.716552734375,219.05360412597656,57.544002532958984,415.8836975097656,123.01998138427734,92.33495330810547,45.31078338623047,150.76834106445312,22.79481315612793,74.34290313720703,84.9049072265625,126.62106323242188,0.012000000104308128
2021-09-06,389.2042236328125,370.716552734375,219.05360412597656,57.544002532958984,415.8836975097656,123.01998138427734,92.33495330810547,45.31078338623047,150.76834106445312,22.79481315612793,74.34290313720703,84.9049072265625,126.62106323242188,0.012000000104308128
2021-09-07,387.7652893066406,371.2410888671875,218.10926818847656,57.52682113647461,415.4479064941406,122.66588592529297,91.29440307617188,45.68773651123047,153.10362243652344,22.614194869995117,74.12751007080078,84.90914916992188,125.5528793334961,0.012000000104308128
2021-09-08,387.3915710449219,369.9490661621094,217.59503173828125,56.942787170410156,413.03594970703125,119.18390655517578,91.75225067138672,45.010948181152344,151.55979919433594,22.29187774658203,74.24813842773438,84.9049072265625,126.40739440917969,0.012000000104308128
2021-09-09,385.6537780761719,368.67633056640625,216.83770751953125,56.891258239746094,411.6894836425781,119.71504974365234,89.88756561279297,45.0709114074707,150.54359436035156,22.130216598510742,74.51521301269531,84.89813232421875,127.93700408935547,0.003599999938160181
2021-09-10,382.6733093261719,365.87823486328125,215.1173858642578,56.7881965637207,407.5728454589844,118.48554229736328,88.57230377197266,45.00238037109375,145.56031799316406,22.430580139160156,74.33428955078125,84.90914916992188,126.80901336669922,0.0034000000450760126
2021-09-11,382.6733093261719,365.87823486328125,215.1173858642578,56.7881965637207,407.5728454589844,118.48554229736328,88.57230377197266,45.00238037109375,145.56031799316406,22.430580139160156,74.33428955078125,84.90914916992188,126.80901336669922,0.0034000000450760126
2021-09-12,382.6733093261719,365.87823486328125,215.1173858642578,56.7881965637207,407.5728454589844,118.48554229736328,88.57230377197266,45.00238037109375,145.56031799316406,22.430580139160156,74.33428955078125,84.90914916992188,126.80901336669922,0.0034000000450760126
2021-09-13,383.57025146484375,365.6256103515625,215.60357666015625,57.15751647949219,407.6018981933594,116.23307800292969,89.17169189453125,45.14801025390625,146.12705993652344,22.105266571044922,74.44630432128906,84.9049072265625,127.57810974121094,0.012000000104308128
2021-09-14,381.58026123046875,364.58599853515625,214.30392456054688,56.8654899597168,407.0885314941406,114.94454956054688,89.01351165771484,44.72823715209961,144.72976684570312,22.195077896118164,74.62725830078125,84.90067291259766,129.124755859375,0.04100000113248825
2021-09-15,384.7661437988281,367.2967529296875,216.07106018066406,57.002925872802734,410.5659484863281,115.8888168334961,89.29652404785156,44.711097717285156,145.61892700195312,22.293867111206055,74.55831909179688,84.90914916992188,128.67181396484375,0.11999999731779099
2021-09-16,384.1028747558594,367.54931640625,215.87469482421875,56.72808074951172,411.25372314453125,116.62651824951172,89.37145233154297,44.24848556518555,145.38446044921875,22.195077896118164,74.42047119140625,84.90914916992188,128.08229064941406,0.06849999725818634
2021-09-17,380.3375549316406,363.1967468261719,214.1449737548828,56.1182746887207,405.73248291015625,119.50849914550781,88.57230377197266,44.07714080810547,142.7169647216797,21.853801727294922,74.32567596435547,84.9049072265625,127.46698760986328,0.07490000128746033
2021-09-18,380.3375549316406,363.1967468261719,214.1449737548828,56.1182746887207,405.73248291015625,119.50849914550781,88.57230377197266,44.07714080810547,142.7169647216797,21.853801727294922,74.32567596435547,84.9049072265625,127.46698760986328,0.07490000128746033
2021-09-19,380.3375549316406,363.1967468261719,214.1449737548828,56.1182746887207,405.73248291015625,119.50849914550781,88.57230377197266,44.07714080810547,142.7169647216797,21.853801727294922,74.32567596435547,84.9049072265625,127.46698760986328,0.07490000128746033
2021-09-20,374.1244201660156,355.6919860839844,210.43316650390625,54.94121170043945,397.95428466796875,114.2363510131836,88.03121185302734,42.87787628173828,139.66835021972656,21.06846809387207,74.5324935913086,84.90235900878906,129.04782104492188,0.07800000160932541
2021-09-21,373.7601013183594,356.12957763671875,210.41445922851562,55.43345260620117,398.15765380859375,115.21996307373047,88.07283020019531,43.22373962402344,140.14715576171875,21.20118522644043,74.51521301269531,84.9049072265625,128.93678283691406,
2021-09-22,377.3664855957031,359.4559631347656,212.53688049316406,55.873878479003906,404.0469665527344,116.17406463623047,88.93025207519531,43.84627914428711,142.51174926757812,21.894716262817383,74.59281921386719,84.9049072265625,129.70582580566406,
2021-09-23,381.9259948730469,362.772705078125,215.12673950195312,56.435218811035156,409.2679748535156,117.38389587402344,88.75544738769531,44.05379867553711,143.4693145751953,22.4345703125,74.19642639160156,84.9015121459961,126.7748031616211,0.06350000202655792
2021-09-24,382.5612487792969,363.1130065917969,215.38369750976562,55.8997917175293,409.3066711425781,115.21012878417969,87.8064193725586,43.56958770751953,143.5572967529297,22.0344181060791,74.04132080078125,84.9049072265625,125.53580474853516,0.04500000178813934
2021-09-25,382.5612487792969,363.1130065917969,215.38369750976562,55.8997917175293,409.3066711425781,115.21012878417969,87.8064193725586,43.56958770751953,143.5572967529297,22.0344181060791,74.04132080078125,84.9049072265625,125.53580474853516,0.04500000178813934
2021-09-26,382.5612487792969,363.1130065917969,215.38369750976562,55.8997917175293,409.3066711425781,115.21012878417969,87.8064193725586,43.56958770751953,143.5572967529297,22.0344181060791,74.04132080078125,84.9049072265625,125.53580474853516,0.04500000178813934
2021-09-27,381.47747802734375,360.21466064453125,214.9147491455078,55.986148834228516,405.29656982421875,115.11176300048828,86.6253890991211,43.803043365478516,142.04273986816406,21.614307403564453,73.95516967773438,84.9049072265625,125.07437133789062,0.045099999755620956
2021-09-28,373.85345458984375,350.02142333984375,210.41273498535156,54.906673431396484,392.6268615722656,110.30191802978516,86.03907775878906,43.29290771484375,138.66192626953125,20.655332565307617,73.63633728027344,84.90067291259766,123.12609100341797,0.05000000074505806
2021-09-29,374.4421081542969,349.44757080078125,210.55340576171875,54.67350387573242,391.7307434082031,107.92158508300781,86.68402099609375,42.94704055786133,139.56088256835938,20.473716735839844,73.6449966430664,84.90914916992188,123.33971405029297,0.05490000173449516
2021-09-30,369.69903564453125,348.1637268066406,208.27427673339844,54.63032531738281,389.5562744140625,108.71830749511719,85.25174713134766,43.241031646728516,138.2613067626953,20.672298431396484,73.62773132324219,84.9049072265625,123.3226547241211,0.04899999871850014
2021-10-01,374.1234130859375,350.32293701171875,211.14430236816406,54.7857666015625,394.9634094238281,109.34781646728516,86.45790100097656,43.2669677734375,139.38494873046875,20.698246002197266,73.87799835205078,84.89896392822266,124.36051177978516,0.04899999871850014
2021-10-02,374.1234130859375,350.32293701171875,211.14430236816406,54.7857666015625,394.9634094238281,109.34781646728516,86.45790100097656,43.2669677734375,139.38494873046875,20.698246002197266,73.87799835205078,84.89896392822266,124.36051177978516,0.04899999871850014
2021-10-03,374.1234130859375,350.32293701171875,211.14430236816406,54.7857666015625,394.9634094238281,109.34781646728516,86.45790100097656,43.2669677734375,139.38494873046875,20.698246002197266,73.87799835205078,84.89896392822266,124.36051177978516,0.04899999871850014
2021-10-04,369.5209045410156,342.9698486328125,207.9647674560547,54.21580123901367,385.38201904296875,105.43305206298828,86.47464752197266,42.67035675048828,135.9553680419922,19.690370559692383,73.82622528076172,84.904052734375,124.04388427734375,0.05000000074505806
2021-10-05,373.1110534667969,347.59967041015625,209.9062957763672,54.54396057128906,390.9444274902344,107.25273132324219,85.87993621826172,43.076744079589844,137.8802490234375,20.407854080200195,73.64501190185547,84.90745544433594,122.84603881835938,0.04490000009536743
2021-10-06,374.7702331542969,349.82696533203125,210.77850341796875,54.22443389892578,393.6430969238281,108.13797760009766,86.70079040527344,42.9124641418457,138.74989318847656,20.656333923339844,73.67952728271484,84.89896392822266,123.53912353515625,0.06350000202655792
2021-10-07,377.99481201171875,353.0365905761719,212.80442810058594,54.84620666503906,397.8757019042969,110.7543716430664,86.93531036376953,43.75117492675781,140.01031494140625,21.030542373657227,73.47240447998047,84.89896392822266,122.24715423583984,0.06300000101327896
2021-10-08,377.2823791503906,351.276123046875,212.3354949951172,54.915313720703125,396.00213623046875,108.78716278076172,86.11444091796875,43.91544723510742,139.62925720214844,20.78705596923828,73.29119110107422,84.9083023071289,121.39155578613281,0.03999999910593033
2021-10-09,377.2823791503906,351.276123046875,212.3354949951172,54.915313720703125,396.00213623046875,108.78716278076172,86.11444091796875,43.91544723510742,139.62925720214844,20.78705596923828,73.29119110107422,84.9083023071289,121.39155578613281,0.03999999910593033
2021-10-10,377.2823791503906,351.276123046875,212.3354949951172,54.915313720703125,396.00213623046875,108.78716278076172,86.11444091796875,43.91544723510742,139.62925720214844,20.78705596923828,73.29119110107422,84.9083023071289,121.39155578613281,0.03999999910593033
2021-10-11,374.5359191894531,348.5819396972656,210.8066864013672,54.751224517822266,393.7887878417969,108.43305969238281,86.33224487304688,43.794395446777344,139.54135131835938,20.651342391967773,73.17900848388672,84.90322875976562,121.08354949951172,0.03999999910593033
2021-10-12,373.7860107421875,347.3661804199219,210.65660095214844,54.716678619384766,392.8569030761719,109.9084701538086,87.46302032470703,43.67334747314453,138.27108764648438,20.62739372253418,73.44652557373047,84.90322875976562,123.1540756225586,0.03999999910593033
2021-10-13,374.98577880859375,350.14788818359375,211.61326599121094,55.33846664428711,396.157470703125,111.57077026367188,88.09959411621094,44.24401092529297,137.68479919433594,20.894824981689453,73.64501190185547,84.90322875976562,124.35192108154297,0.039000000804662704
2021-10-14,381.2849426269531,356.5964660644531,215.1304931640625,55.80480194091797,404.7389221191406,113.68553161621094,89.17173767089844,44.31318283081055,140.46958923339844,21.700122833251953,73.77442169189453,84.90322875976562,124.81392669677734,0.05000000074505806
2021-10-15,384.25653076171875,358.8432312011719,216.4060516357422,56.28840255737305,407.5832214355469,113.90193176269531,89.10472869873047,44.78874969482422,141.5248565673828,21.815879821777344,73.59320831298828,84.90322875976562,124.08671569824219,0.03999999910593033
2021-10-16,384.25653076171875,358.8432312011719,216.4060516357422,56.28840255737305,407.5832214355469,113.90193176269531,89.10472869873047,44.78874969482422,141.5248565673828,21.815879821777344,73.59320831298828,84.90322875976562,124.08671569824219,0.03999999910593033
2021-10-17,384.25653076171875,358.8432312011719,216.4060516357422,56.28840255737305,407.5832214355469,113.90193176269531,89.10472869873047,44.78874969482422,141.5248565673828,21.815879821777344,73.59320831298828,84.90322875976562,124.08671569824219,0.03999999910593033
2021-10-18,385.42816162109375,362.4516296386719,217.1939239501953,56.115692138671875,411.3887023925781,115.13143920898438,89.33087158203125,44.72822570800781,143.19573974609375,22.175121307373047,73.55009460449219,84.91085052490234,124.66848754882812,0.05999999865889549
2021-10-19,388.427734375,365.1944580078125,218.7789764404297,56.56475067138672,415.174560546875,117.63964080810547,89.37274932861328,45.238365173339844,145.3551483154297,22.24298095703125,73.34298706054688,84.90322875976562,122.94876861572266,0.05000000074505806
2021-10-20,389.9368591308594,364.7178955078125,219.63247680664062,56.71155548095703,414.3689270019531,116.75439453125,90.77993774414062,45.24701690673828,145.8437042236328,22.056373596191406,73.2566909790039,84.90322875976562,122.11880493164062,0.07000000029802322
2021-10-21,390.8929748535156,366.9452209472656,220.23277282714844,56.37476348876953,416.1550598144531,117.69865417480469,90.90559387207031,44.88386154174805,146.05865478515625,22.64413070678711,73.15310668945312,84.91170501708984,121.97335815429688,0.03999999910593033
2021-10-22,390.4992980957031,363.86199951171875,219.81068420410156,56.54747772216797,414.3882751464844,115.81996154785156,91.332763671875,44.771453857421875,145.2867431640625,22.678056716918945,73.30843353271484,84.9083023071289,123.31663513183594,0.05999999865889549
2021-10-23,390.4992980957031,363.86199951171875,219.81068420410156,56.54747772216797,414.3882751464844,115.81996154785156,91.332763671875,44.771453857421875,145.2867431640625,22.678056716918945,73.30843353271484,84.9083023071289,123.31663513183594,0.05999999865889549
2021-10-24,390.4992980957031,363.86199951171875,219.81068420410156,56.54747772216797,414.3882751464844,115.81996154785156,91.332763671875,44.771453857421875,145.2867431640625,22.678056716918945,73.30843353271484,84.9083023071289,123.31663513183594,0.05999999865889549
2021-10-25,392.5240173339844,367.58709716796875,221.1613311767578,56.60792922973633,416.329833984375,119.81341552734375,91.62592315673828,44.93574523925781,145.23788452148438,23.117128372192383,73.34298706054688,84.89473724365234,123.12842559814453,0.03999999910593033
2021-10-26,392.89898681640625,368.7445983886719,221.07687377929688,56.56475067138672,416.8831481933594,119.21341705322266,91.87720489501953,44.633113861083984,145.90234375,24.66485595703125,73.48966217041016,84.90322875976562,124.14657592773438,0.06700000166893005
2021-10-27,391.1929626464844,369.60052490234375,219.5668487548828,56.26250457763672,415.3104553222656,116.7347183227539,91.09823608398438,44.39965057373047,145.44309997558594,24.3994197845459,73.7572250366211,84.89726257324219,126.40540313720703,0.05000000074505806
2021-10-28,395.01739501953125,373.705078125,221.91162109375,56.6770133972168,419.5527038574219,119.7740707397461,92.37136840820312,44.35643005371094,149.07794189453125,24.888381958007812,73.66224670410156,84.89896392822266,125.97753143310547,0.06800000369548798
2021-10-29,395.7204895019531,375.5433654785156,222.2023468017578,56.20205307006836,421.46514892578125,119.29210662841797,91.332763671875,43.803043365478516,146.37135314941406,25.5130615234375,73.67952728271484,84.90322875976562,126.36259460449219,0.05400000140070915
2021-10-30,395.7204895019531,375.5433654785156,222.2023468017578,56.20205307006836,421.46514892578125,119.29210662841797,91.332763671875,43.803043365478516,146.37135314941406,25.5130615234375,73.67952728271484,84.90322875976562,126.36259460449219,0.05400000140070915
2021-10-31,395.7204895019531,375.5433654785156,222.2023468017578,56.20205307006836,421.46514892578125,119.29210662841797,91.332763671875,43.803043365478516,146.37135314941406,25.5130615234375,73.67952728271484,84.90322875976562,126.36259460449219,0.05400000140070915
2021-11-01,396.5546875,376.82720947265625,223.30908203125,56.7461051940918,421.9700012207031,123.06916809082031,91.78507232666016,44.22672653198242,145.55055236816406,25.772518157958984,73.62249755859375,84.90576171875,125.45274353027344,0.06400000303983688
2021-11-02,398.0920104980469,378.4028625488281,224.00318908691406,56.461116790771484,424.8531188964844,121.07242584228516,92.22061157226562,43.75981140136719,146.5863037109375,26.345304489135742,73.7607650756836,84.9142837524414,126.00963592529297,0.05000000074505806
2021-11-03,400.49169921875,382.41986083984375,225.5882568359375,56.83246612548828,427.41595458984375,122.59703063964844,92.5305404663086,44.07973098754883,148.0226593017578,26.541889190673828,73.6311264038086,84.9142837524414,124.70750427246094,0.05000000074505806
2021-11-04,402.3664855957031,387.3218688964844,226.44175720214844,56.77200698852539,433.52197265625,122.35112762451172,91.65104675292969,43.98462677001953,147.5048065185547,29.738134384155273,73.96820068359375,84.90576171875,126.01819610595703,0.04050000011920929
2021-11-05,403.7349548339844,387.6915283203125,227.3140411376953,56.892913818359375,434.98779296875,120.28555297851562,92.1201171875,44.00191116333008,148.033203125,29.68923568725586,74.19293212890625,84.90576171875,127.90286254882812,0.05999999865889549
2021-11-06,403.7349548339844,387.6915283203125,227.3140411376953,56.892913818359375,434.98779296875,120.28555297851562,92.1201171875,44.00191116333008,148.033203125,29.68923568725586,74.19293212890625,84.90576171875,127.90286254882812,0.05999999865889549
2021-11-07,403.7349548339844,387.6915283203125,227.3140411376953,56.892913818359375,434.98779296875,120.28555297851562,92.1201171875,44.00191116333008,148.033203125,29.68923568725586,74.19293212890625,84.90576171875,127.90286254882812,0.05999999865889549
2021-11-08,404.2224426269531,387.16632080078125,227.68919372558594,57.07426071166992,438.10394287109375,121.37735748291016,92.04471588134766,44.46017837524414,147.2112274169922,30.7390193939209,74.02870178222656,84.9100112915039,127.66302490234375,0.05000000074505806
2021-11-09,402.8069763183594,384.50128173828125,227.03265380859375,56.90155792236328,436.9390563964844,118.59374237060547,92.20388793945312,44.35643005371094,147.5732421875,30.592327117919922,74.23612213134766,84.90576171875,129.32498168945312,0.04675000160932541
2021-11-10,399.563720703125,378.85028076171875,224.80039978027344,56.33159255981445,428.77496337890625,114.62979888916016,91.77668762207031,44.2353630065918,144.74533081054688,29.3968563079834,73.73482513427734,84.9142837524414,126.96052551269531,0.04149999842047691
2021-11-11,399.6949768066406,379.90069580078125,225.0724334716797,56.70292663574219,431.0950622558594,115.41667938232422,91.9274673461914,44.99626541137695,144.6963653564453,30.325895309448242,73.61382293701172,84.90576171875,126.7720947265625,0.03889999911189079
2021-11-12,402.6663818359375,383.89825439453125,226.7418975830078,57.03109359741211,436.2594909667969,116.5478286743164,91.86044311523438,45.03084945678711,146.77085876464844,30.325895309448242,73.62249755859375,84.90576171875,126.2152099609375,0.029999999329447746
2021-11-13,402.6663818359375,383.89825439453125,226.7418975830078,57.03109359741211,436.2594909667969,116.5478286743164,91.86044311523438,45.03084945678711,146.77085876464844,30.325895309448242,73.62249755859375,84.90576171875,126.2152099609375,0.029999999329447746
2021-11-14,402.6663818359375,383.89825439453125,226.7418975830078,57.03109359741211,436.2594909667969,116.5478286743164,91.86044311523438,45.03084945678711,146.77085876464844,30.325895309448242,73.62249755859375,84.90576171875,126.2152099609375,0.029999999329447746
2021-11-15,402.8538513183594,383.8106384277344,226.7418975830078,56.91018295288086,435.6771240234375,115.60356903076172,92.50542449951172,44.94438552856445,146.7806396484375,29.961660385131836,73.3199462890625,84.90576171875,124.63032531738281,0.02944999933242798
2021-11-16,404.3912048339844,386.5438232421875,227.7173309326172,56.789283752441406,440.2201843261719,116.97078704833984,91.89395904541016,44.92708969116211,147.7592315673828,30.139286041259766,73.26809692382812,84.89727020263672,124.31339263916016,0.03189999982714653
2021-11-17,403.4162902832031,386.7480773925781,226.7794189453125,56.65974807739258,438.3660888671875,114.80684661865234,92.17875671386719,44.7628059387207,150.1957550048828,29.19927215576172,73.42367553710938,84.90576171875,125.29855346679688,0.07500000298023224
2021-11-18,404.81298828125,390.75531005859375,227.13584899902344,56.50429916381836,441.5210266113281,111.95438385009766,92.19549560546875,44.22672653198242,154.48178100585938,31.608179092407227,73.51012420654297,84.90576171875,125.76978302001953,0.07999999821186066
2021-11-19,404.0537109375,392.9340515136719,226.48867797851562,56.141597747802734,444.093505859375,111.38388061523438,91.65104675292969,44.14891052246094,157.104248046875,32.91542053222656,73.66571044921875,84.90576171875,127.09764099121094,0.11990000307559967
2021-11-20,404.0537109375,392.9340515136719,226.48867797851562,56.141597747802734,444.093505859375,111.38388061523438,91.65104675292969,44.14891052246094,157.104248046875,32.91542053222656,73.66571044921875,84.90576171875,127.09764099121094,0.11990000307559967
2021-11-21,404.0537109375,392.9340515136719,226.48867797851562,56.141597747802734,444.093505859375,111.38388061523438,91.65104675292969,44.14891052246094,157.104248046875,32.91542053222656,73.66571044921875,84.90576171875,127.09764099121094,0.11990000307559967
2021-11-22,402.9850769042969,388.3722839355469,225.4007110595703,55.78752517700195,437.4632873535156,106.71173858642578,91.19873809814453,43.690643310546875,157.5641326904297,31.88858413696289,73.30268859863281,84.90576171875,125.60698699951172,0.2800000011920929
2021-11-23,403.510009765625,386.60211181640625,225.47569274902344,55.75297927856445,435.4634704589844,104.22321319580078,91.93582916259766,43.73387908935547,157.94580078125,31.679031372070312,73.00880432128906,84.91084289550781,123.7907943725586,0.20000000298023224
2021-11-24,404.5036315917969,387.8471374511719,226.23544311523438,55.5284538269043,439.0844421386719,106.0035400390625,93.04984283447266,43.6819953918457,158.4644317626953,32.605064392089844,73.18165588378906,84.9142837524414,125.77828216552734,0.2498999983072281
2021-11-25,404.5036315917969,387.8471374511719,226.23544311523438,55.5284538269043,439.0844421386719,106.0035400390625,93.04984283447266,43.6819953918457,158.4644317626953,32.605064392089844,73.18165588378906,84.9142837524414,125.77828216552734,0.2498999983072281
2021-11-26,395.7017517089844,380.4940185546875,221.3394775390625,53.939453125,429.1923522949219,105.36419677734375,90.46163940429688,42.40232467651367,153.44451904296875,31.436542510986328,73.70025634765625,84.90576171875,128.9565887451172,0.328000009059906
2021-11-27,395.7017517089844,380.4940185546875,221.3394775390625,53.939453125,429.1923522949219,105.36419677734375,90.46163940429688,42.40232467651367,153.44451904296875,31.436542510986328,73.70025634765625,84.90576171875,128.9565887451172,0.328000009059906
2021-11-28,395.7017517089844,380.4940185546875,221.3394775390625,53.939453125,429.1923522949219,105.36419677734375,90.46163940429688,42.40232467651367,153.44451904296875,31.436542510986328,73.70025634765625,84.90576171875,128.9565887451172,0.328000009059906
2021-11-29,400.4823303222656,388.75177001953125,223.4217071533203,54.17262649536133,438.92913818359375,105.16747283935547,91.13174438476562,42.46284484863281,156.8009033203125,33.30559158325195,73.69160461425781,84.9100112915039,127.92005920410156,0.3700000047683716
2021-11-30,392.8145751953125,383.0423278808594,218.9571990966797,53.80992889404297,434.5995178222656,103.9576416015625,89.40626525878906,42.532012939453125,161.75230407714844,32.607059478759766,73.82989501953125,84.90576171875,129.8646697998047,0.3700000047683716
2021-12-01,388.29644775390625,376.5256652832031,215.87144470214844,53.550838470458984,426.6684265136719,96.98384857177734,87.93208312988281,42.50607681274414,161.2336883544922,31.37252426147461,73.87753295898438,84.904052734375,130.66578674316406,0.4099999964237213
2021-12-02,394.220703125,379.2393493652344,219.37925720214844,54.25897979736328,431.2601318359375,97.39696502685547,90.5705337524414,43.007572174072266,160.24534606933594,32.06215286254883,73.88617706298828,84.904052734375,130.82872009277344,0.3100000023841858
2021-12-03,390.7336730957031,372.6448669433594,216.8374786376953,53.8703727722168,423.25140380859375,91.9969482421875,90.26898956298828,42.41096878051758,158.36656188964844,30.632001876831055,74.17186737060547,84.90830993652344,132.38978576660156,0.33000001311302185
2021-12-04,390.7336730957031,372.6448669433594,216.8374786376953,53.8703727722168,423.25140380859375,91.9969482421875,90.26898956298828,42.41096878051758,158.36656188964844,30.632001876831055,74.17186737060547,84.90830993652344,132.38978576660156,0.33000001311302185
2021-12-05,390.7336730957031,372.6448669433594,216.8374786376953,53.8703727722168,423.25140380859375,91.9969482421875,90.26898956298828,42.41096878051758,158.36656188964844,30.632001876831055,74.17186737060547,84.90830993652344,132.38978576660156,0.33000001311302185
2021-12-06,395.4017639160156,375.6308288574219,219.62307739257812,54.39715576171875,426.8528747558594,93.3936767578125,91.85208892822266,42.687644958496094,161.77188110351562,29.977310180664062,73.97273254394531,84.90830993652344,130.57144165039062,0.30000001192092896
2021-12-07,403.52874755859375,386.9425964355469,224.32208251953125,55.44209289550781,442.2879333496094,98.46910095214844,93.17549133300781,43.310203552246094,167.50608825683594,32.362548828125,73.80827331542969,84.9066162109375,129.51646423339844,0.2799000144004822
2021-12-08,404.6629638671875,388.6738586425781,225.2880859375,55.57162857055664,445.2391052246094,101.52812957763672,93.8455810546875,43.56958770751953,171.32241821289062,31.76274871826172,73.58319854736328,84.904052734375,127.27781677246094,0.27000001072883606
2021-12-09,401.9071044921875,382.954833984375,223.14031982421875,55.157108306884766,439.4631042480469,96.12812042236328,92.48866271972656,43.353424072265625,170.81353759765625,30.42940330505371,73.61782836914062,84.90830993652344,127.98971557617188,0.2840000092983246
2021-12-10,405.74102783203125,387.11761474609375,224.6597137451172,55.243465423583984,446.58837890625,94.59368133544922,92.77342987060547,43.43124771118164,175.5985870361328,30.137985229492188,73.64378356933594,84.91255187988281,127.68092346191406,0.28999999165534973
2021-12-11,405.74102783203125,387.11761474609375,224.6597137451172,55.243465423583984,446.58837890625,94.59368133544922,92.77342987060547,43.43124771118164,175.5985870361328,30.137985229492188,73.64378356933594,84.91255187988281,127.68092346191406,0.28999999165534973
2021-12-12,405.74102783203125,387.11761474609375,224.6597137451172,55.243465423583984,446.58837890625,94.59368133544922,92.77342987060547,43.43124771118164,175.5985870361328,30.137985229492188,73.64378356933594,84.91255187988281,127.68092346191406,0.28999999165534973
2021-12-13,402.1414794921875,381.5250244140625,222.6151123046875,54.56986999511719,440.0357971191406,92.9510498046875,93.6445541381836,42.76546859741211,171.9682159423828,28.10503387451172,73.89484405517578,84.91255187988281,129.5679473876953,0.23010000586509705
2021-12-14,399.4043273925781,377.576171875,220.94558715820312,54.35396957397461,432.83270263671875,91.88875579833984,92.44676208496094,42.67035675048828,170.58848571777344,28.280683517456055,73.77363586425781,84.90830993652344,129.2591094970703,0.2800000011920929
2021-12-15,405.6472473144531,386.1838684082031,224.3502197265625,54.80303192138672,444.2877502441406,93.86580657958984,93.74508666992188,42.51471710205078,175.45181274414062,30.39846420288086,73.67841339111328,84.90830993652344,128.0154571533203,0.2597000002861023
2021-12-16,401.9820556640625,376.2533264160156,221.83657836914062,54.87211990356445,431.4030456542969,90.36416625976562,93.7115707397461,42.62712478637695,168.5629425048828,28.330585479736328,73.77363586425781,84.91677856445312,128.06524658203125,0.23999999463558197
2021-12-17,397.81085205078125,374.376220703125,220.82363891601562,54.29351806640625,429.90533447265625,95.6067886352539,93.59429931640625,42.333152770996094,167.46694946289062,27.745750427246094,73.90348815917969,84.91255950927734,129.5164337158203,0.24740000069141388
2021-12-18,397.81085205078125,374.376220703125,220.82363891601562,54.29351806640625,429.90533447265625,95.6067886352539,93.59429931640625,42.333152770996094,167.46694946289062,27.745750427246094,73.90348815917969,84.91255950927734,129.5164337158203,0.24740000069141388
2021-12-19,397.81085205078125,374.376220703125,220.82363891601562,54.29351806640625,429.90533447265625,95.6067886352539,93.59429931640625,42.333152770996094,167.46694946289062,27.745750427246094,73.90348815917969,84.91255950927734,129.5164337158203,0.24740000069141388
2021-12-20,393.5082702636719,370.74462890625,217.71913146972656,53.92618179321289,424.8580322265625,93.17728424072266,92.86558532714844,41.746376037597656,166.10684204101562,27.663911819458008,73.78230285644531,84.9083251953125,128.5460662841797,0.25999999046325684
2021-12-21,400.49188232421875,379.04193115234375,221.9866943359375,54.645084381103516,436.31414794921875,96.75762176513672,93.9125747680664,42.45363998413086,169.2772674560547,29.0172176361084,73.70436096191406,84.91170501708984,128.05661010742188,0.25
2021-12-22,404.5373229980469,383.65814208984375,224.18136596679688,55.13603591918945,441.5268249511719,96.64942932128906,94.87584686279297,42.689395904541016,171.87037658691406,29.341567993164062,73.78230285644531,84.91255950927734,128.64920043945312,0.2290000021457672
2021-12-23,407.0305480957031,386.5505065917969,225.72894287109375,55.4428825378418,443.9385986328125,97.44615173339844,94.77531433105469,42.94261932373047,172.4966583251953,29.581092834472656,73.67025756835938,84.9201889038086,127.53282165527344,0.2395000010728836
2021-12-24,407.0305480957031,386.5505065917969,225.72894287109375,55.4428825378418,443.9385986328125,97.44615173339844,94.77531433105469,42.94261932373047,172.4966583251953,29.581092834472656,73.67025756835938,84.9201889038086,127.53282165527344,0.2395000010728836
2021-12-25,407.0305480957031,386.5505065917969,225.72894287109375,55.4428825378418,443.9385986328125,97.44615173339844,94.77531433105469,42.94261932373047,172.4966583251953,29.581092834472656,73.67025756835938,84.9201889038086,127.53282165527344,0.2395000010728836
2021-12-26,407.0305480957031,386.5505065917969,225.72894287109375,55.4428825378418,443.9385986328125,97.44615173339844,94.77531433105469,42.94261932373047,172.4966583251953,29.581092834472656,73.67025756835938,84.9201889038086,127.53282165527344,0.2395000010728836
2021-12-27,412.8352966308594,392.9392395019531,228.69305419921875,55.846168518066406,453.2843322753906,95.81336212158203,96.38427734375,43.08232879638672,176.45973205566406,30.883499145507812,73.70501708984375,84.91255950927734,127.84203338623047,0.22990000247955322
2021-12-28,412.52490234375,391.11798095703125,228.222412109375,55.7848014831543,450.114013671875,94.0625228881836,96.7393798828125,42.93388366699219,175.4420166015625,30.261735916137695,73.69632720947266,84.91255950927734,127.33529663085938,0.2199999988079071
2021-12-29,413.0234680175781,391.0596008300781,228.35418701171875,55.732200622558594,450.1528625488281,93.05394744873047,97.39038848876953,42.750526428222656,175.53012084960938,29.941373825073242,73.4531478881836,84.9083251953125,125.94429016113281,0.20995000004768372
2021-12-30,411.8568115234375,389.8910217285156,227.9871063232422,55.811100006103516,447.7994689941406,95.90020751953125,97.81311798095703,43.300621032714844,174.37542724609375,29.527198791503906,73.61813354492188,84.9083251953125,127.00045776367188,0.21250000596046448
2021-12-31,410.7278747558594,387.456298828125,227.26229858398438,55.732200622558594,445.57232666015625,93.80765533447266,98.08368682861328,43.187103271484375,173.75894165039062,29.352550506591797,73.60079193115234,84.91677856445312,127.24949645996094,0.2000499963760376
2022-01-01,410.7278747558594,387.456298828125,227.26229858398438,55.732200622558594,445.57232666015625,93.80765533447266,98.08368682861328,43.187103271484375,173.75894165039062,29.352550506591797,73.60079193115234,84.91677856445312,127.24949645996094,0.2000499963760376
2022-01-02,410.7278747558594,387.456298828125,227.26229858398438,55.732200622558594,445.57232666015625,93.80765533447266,98.08368682861328,43.187103271484375,173.75894165039062,29.352550506591797,73.60079193115234,84.91677856445312,127.24949645996094,0.2000499963760376
2022-01-03,413.2492370605469,391.186279296875,228.70245361328125,56.091651916503906,449.2971496582031,96.18780517578125,97.31429290771484,43.49272537231445,178.1036834716797,30.061138153076172,73.10576629638672,84.91255950927734,123.90914916992188,0.20999999344348907
2022-01-04,413.07989501953125,386.11236572265625,228.2694549560547,56.16178512573242,443.6176452636719,91.92337799072266,97.1959228515625,43.318077087402344,175.84323120117188,29.23179054260254,73.09709930419922,84.90491485595703,123.39396667480469,0.1899999976158142
2022-01-05,405.1676940917969,374.2505798339844,223.31834411621094,55.60069274902344,428.8939208984375,85.40771484375,94.41429138183594,42.671939849853516,171.1658172607422,27.549142837524414,72.8452377319336,84.9083251953125,122.72422790527344,0.20970000326633453
2022-01-06,404.6219787597656,373.9875793457031,223.2618408203125,55.4428825378418,427.2698974609375,84.87218475341797,94.49885559082031,42.916419982910156,168.30848693847656,28.121999740600586,72.76707458496094,84.91255950927734,123.04190826416016,0.19939999282360077
2022-01-07,403.2202453613281,369.93621826171875,222.24525451660156,55.688358306884766,422.9033203125,83.72177124023438,93.87321472167969,43.13472366333008,168.474853515625,27.192848205566406,72.56732940673828,84.91677856445312,122.15740203857422,0.17800000309944153
2022-01-08,403.2202453613281,369.93621826171875,222.24525451660156,55.688358306884766,422.9033203125,83.72177124023438,93.87321472167969,43.13472366333008,168.474853515625,27.192848205566406,72.56732940673828,84.91677856445312,122.15740203857422,0.17800000309944153
2022-01-09,403.2202453613281,369.93621826171875,222.24525451660156,55.688358306884766,422.9033203125,83.72177124023438,93.87321472167969,43.13472366333008,168.474853515625,27.192848205566406,72.56732940673828,84.91677856445312,122.15740203857422,0.17800000309944153
2022-01-10,402.6933288574219,370.17974853515625,221.85935974121094,55.276309967041016,423.3507385253906,83.93995666503906,93.33209991455078,43.22203063964844,168.49440002441406,27.345544815063477,72.50654602050781,84.91255950927734,122.45801544189453,0.17249999940395355
2022-01-11,406.22137451171875,375.7405090332031,224.0713653564453,56.065345764160156,428.94256591796875,86.26060485839844,93.475830078125,44.060279846191406,171.32241821289062,27.761716842651367,72.65416717529297,84.91255950927734,123.27371978759766,0.1729000061750412
2022-01-12,407.43499755859375,377.2306213378906,224.419677734375,56.722869873046875,430.34295654296875,83.86061096191406,93.58574676513672,44.73262405395508,171.76275634765625,27.943359375,72.62812805175781,84.91170501708984,122.80147552490234,0.1550000011920929
2022-01-13,401.81842041015625,367.7936706542969,221.13455200195312,56.23191833496094,418.1769714355469,79.31849670410156,93.39974212646484,44.17379379272461,168.49440002441406,26.522188186645508,72.74971008300781,84.9083251953125,123.89197540283203,0.1777999997138977
2022-01-14,401.94073486328125,370.08233642578125,221.2193145751953,56.179325103759766,421.55145263671875,79.57634735107422,92.55427551269531,44.26111602783203,169.35552978515625,26.888456344604492,72.3502426147461,84.91677856445312,122.02001953125,0.1599999964237213
2022-01-15,401.94073486328125,370.08233642578125,221.2193145751953,56.179325103759766,421.55145263671875,79.57634735107422,92.55427551269531,44.26111602783203,169.35552978515625,26.888456344604492,72.3502426147461,84.91677856445312,122.02001953125,0.1599999964237213
2022-01-16,401.94073486328125,370.08233642578125,221.2193145751953,56.179325103759766,421.55145263671875,79.57634735107422,92.55427551269531,44.26111602783203,169.35552978515625,26.888456344604492,72.3502426147461,84.91677856445312,122.02001953125,0.1599999964237213
2022-01-17,401.94073486328125,370.08233642578125,221.2193145751953,56.179325103759766,421.55145263671875,79.57634735107422,92.55427551269531,44.26111602783203,169.35552978515625,26.888456344604492,72.3502426147461,84.91677856445312,122.02001953125,0.1599999964237213
2022-01-18,394.89404296875,360.86944580078125,216.9176483154297,55.34645462036133,410.7955627441406,76.27389526367188,91.58197784423828,43.60622787475586,166.1556854248047,25.851516723632812,71.8986587524414,84.91846466064453,120.30268096923828,0.17759999632835388
2022-01-19,390.7451171875,356.90582275390625,214.63973999023438,55.39028549194336,405.0675964355469,75.12348175048828,90.34756469726562,43.78086471557617,162.66236877441406,25.017183303833008,72.07233428955078,84.91677856445312,121.13558197021484,0.18000000715255737
2022-01-20,386.44561767578125,352.2701721191406,212.13592529296875,55.23247146606445,400.030029296875,75.24249267578125,89.18926239013672,44.05155563354492,160.97923278808594,24.10200309753418,72.15047454833984,84.91255950927734,121.88269805908203,0.17000000178813934
2022-01-21,378.8534240722656,342.50213623046875,207.93783569335938,54.43467330932617,391.3649597167969,70.928466796875,88.96945190429688,43.36174011230469,158.92434692382812,23.327545166015625,72.41972351074219,84.91255950927734,123.33381652832031,0.15800000727176666
2022-01-22,378.8534240722656,342.50213623046875,207.93783569335938,54.43467330932617,391.3649597167969,70.928466796875,88.96945190429688,43.36174011230469,158.92434692382812,23.327545166015625,72.41972351074219,84.91255950927734,123.33381652832031,0.15800000727176666
2022-01-23,378.8534240722656,342.50213623046875,207.93783569335938,54.43467330932617,391.3649597167969,70.928466796875,88.96945190429688,43.36174011230469,158.92434692382812,23.327545166015625,72.41972351074219,84.91255950927734,123.33381652832031,0.15800000727176666
2022-01-24,380.4338684082031,344.07012939453125,209.27447509765625,53.80344772338867,393.89349365234375,72.9317626953125,89.1385498046875,42.78544235229492,158.1512908935547,23.325546264648438,72.30681610107422,84.904052734375,122.32059478759766,0.1509000062942505
2022-01-25,375.8144836425781,336.09405517578125,206.3470458984375,53.601806640625,384.2170715332031,70.21442413330078,88.783447265625,42.77671432495117,156.3507843017578,22.279638290405273,72.21128845214844,84.91429138183594,122.12311553955078,0.14949999749660492
2022-01-26,374.96783447265625,335.56817626953125,205.54696655273438,53.259891510009766,385.5494384765625,68.45906066894531,87.3968505859375,42.331398010253906,156.2626953125,22.726743698120117,71.81178283691406,84.91677856445312,120.64616394042969,0.125
2022-01-27,373.0674133300781,332.1888732910156,204.0221405029297,52.88290023803711,382.28179931640625,65.7813949584961,85.95110321044922,41.9559326171875,155.8028106689453,21.900388717651367,72.04625701904297,84.91255950927734,122.86161041259766,0.12200000137090683
2022-01-28,382.2120056152344,342.6093444824219,209.0485382080078,53.13714599609375,398.5711975097656,68.34005737304688,88.73271179199219,42.02578353881836,166.67431640625,22.79460906982422,72.13311004638672,84.9201889038086,122.90454864501953,0.14970000088214874
2022-01-29,382.2120056152344,342.6093444824219,209.0485382080078,53.13714599609375,398.5711975097656,68.34005737304688,88.73271179199219,42.02578353881836,166.67431640625,22.79460906982422,72.13311004638672,84.9201889038086,122.90454864501953,0.14970000088214874
2022-01-30,382.2120056152344,342.6093444824219,209.0485382080078,53.13714599609375,398.5711975097656,68.34005737304688,88.73271179199219,42.02578353881836,166.67431640625,22.79460906982422,72.13311004638672,84.9201889038086,122.90454864501953,0.14970000088214874
2022-01-31,389.20220947265625,353.5654602050781,213.4914093017578,54.15412902832031,410.64971923828125,74.8061294555664,89.82335662841797,43.37047576904297,171.0288543701172,24.43733787536621,72.08100128173828,84.91677856445312,122.26903533935547,0.15000000596046448
2022-02-01,391.7424011230469,355.97088623046875,215.11976623535156,54.6187744140625,412.3515930175781,76.4424819946289,89.5020980834961,43.62369918823242,170.8625030517578,24.589033126831055,72.05231475830078,84.92018127441406,121.86323547363281,0.16189999878406525
2022-02-02,395.4773254394531,358.86334228515625,216.54116821289062,54.899322509765625,414.49114990234375,72.53507232666016,90.64348602294922,43.545108795166016,172.0660858154297,25.19183921813965,72.15666961669922,84.91427612304688,122.27596282958984,0.1657000035047531
2022-02-03,386.28570556640625,344.3136291503906,211.392333984375,54.16289520263672,401.5762634277344,68.46897888183594,89.67964172363281,43.178375244140625,169.18917846679688,23.900402069091797,71.85222625732422,84.91427612304688,121.32149505615234,0.16699999570846558
2022-02-04,388.1014404296875,348.65704345703125,212.7948455810547,54.25057601928711,404.63970947265625,72.1482925415039,88.79188537597656,43.20457458496094,168.90504455566406,24.270671844482422,71.40859985351562,84.91337585449219,119.53286743164062,0.19689999520778656
2022-02-05,388.1014404296875,348.65704345703125,212.7948455810547,54.25057601928711,404.63970947265625,72.1482925415039,88.79188537597656,43.20457458496094,168.90504455566406,24.270671844482422,71.40859985351562,84.91337585449219,119.53286743164062,0.19689999520778656
2022-02-06,388.1014404296875,348.65704345703125,212.7948455810547,54.25057601928711,404.63970947265625,72.1482925415039,88.79188537597656,43.20457458496094,168.90504455566406,24.270671844482422,71.40859985351562,84.91337585449219,119.53286743164062,0.19689999520778656
2022-02-07,386.822021484375,345.85235595703125,212.25833129882812,54.3294677734375,402.6557312011719,71.88053131103516,88.66506958007812,43.20457458496094,168.18978881835938,24.678857803344727,71.46949768066406,84.91845703125,119.61023712158203,0.2093999981880188
2022-02-08,389.95477294921875,349.738037109375,214.20677185058594,54.645084381103516,407.8489074707031,71.79127502441406,88.25078582763672,43.597496032714844,171.29571533203125,25.058101654052734,71.23461151123047,84.9167709350586,118.81058502197266,0.20999999344348907
2022-02-09,395.6749572753906,357.1492919921875,217.6894989013672,55.53932571411133,417.8657531738281,75.48050689697266,90.24612426757812,44.24364471435547,172.7164306640625,26.651926040649414,71.28679656982422,84.91845703125,119.03412628173828,0.19480000436306
2022-02-10,388.7223205566406,349.0661315917969,213.99969482421875,54.90809631347656,407.6641845703125,73.14994049072266,88.11551666259766,43.99915313720703,168.6405487060547,25.77267837524414,70.63436126708984,84.91427612304688,117.1424331665039,0.1889999955892563
2022-02-11,380.9700622558594,337.99310302734375,209.84864807128906,54.15412902832031,394.7978515625,71.30532836914062,87.31230163574219,43.318077087402344,165.2308349609375,23.90140151977539,71.095458984375,84.90576171875,118.87940979003906,0.1784999966621399
2022-02-12,380.9700622558594,337.99310302734375,209.84864807128906,54.15412902832031,394.7978515625,71.30532836914062,87.31230163574219,43.318077087402344,165.2308349609375,23.90140151977539,71.095458984375,84.90576171875,118.87940979003906,0.1784999966621399
2022-02-13,380.9700622558594,337.99310302734375,209.84864807128906,54.15412902832031,394.7978515625,71.30532836914062,87.31230163574219,43.318077087402344,165.2308349609375,23.90140151977539,71.095458984375,84.90576171875,118.87940979003906,0.1784999966621399
2022-02-14,379.7283630371094,338.41192626953125,209.07676696777344,53.82974624633789,394.7298278808594,70.79954528808594,86.51753997802734,42.99501037597656,165.4659881591797,24.218774795532227,70.69530487060547,84.91427612304688,117.40036010742188,0.17000000178813934
2022-02-15,385.8246765136719,346.82623291015625,212.7948455810547,54.811649322509766,406.0984191894531,74.6573715209961,87.29539489746094,43.97297286987305,169.29696655273438,26.442344665527344,70.54739379882812,84.91427612304688,116.06755828857422,0.16210000216960907
2022-02-16,386.28570556640625,346.738525390625,212.9925079345703,55.05713653564453,405.3787841796875,72.26730346679688,87.70123291015625,44.30476379394531,169.06182861328125,26.458314895629883,70.64310455322266,84.92272186279297,116.7554702758789,0.16769999265670776
2022-02-17,378.07244873046875,336.4252014160156,208.15432739257812,54.294403076171875,392.0457763671875,67.61609649658203,86.77119445800781,43.72848129272461,165.4659881591797,24.458288192749023,70.7996826171875,84.92272186279297,117.62395477294922,0.14900000393390656
2022-02-18,375.6545715332031,332.588134765625,206.48828125,53.95248031616211,387.1443786621094,64.26405334472656,86.24701690673828,43.387943267822266,163.91795349121094,23.595014572143555,70.92145538330078,84.92272186279297,118.8622055053711,0.1599999964237213
2022-02-19,375.6545715332031,332.588134765625,206.48828125,53.95248031616211,387.1443786621094,64.26405334472656,86.24701690673828,43.387943267822266,163.91795349121094,23.595014572143555,70.92145538330078,84.92272186279297,118.8622055053711,0.1599999964237213
2022-02-20,375.6545715332031,332.588134765625,206.48828125,53.95248031616211,387.1443786621094,64.26405334472656,86.24701690673828,43.387943267822266,163.91795349121094,23.595014572143555,70.92145538330078,84.92272186279297,118.8622055053711,0.1599999964237213
2022-02-21,375.6545715332031,332.588134765625,206.48828125,53.95248031616211,387.1443786621094,64.26405334472656,86.24701690673828,43.387943267822266,163.91795349121094,23.595014572143555,70.92145538330078,84.92272186279297,118.8622055053711,0.1599999964237213
2022-02-22,371.5433349609375,329.2477111816406,204.11627197265625,53.312496185302734,383.3418884277344,62.8657112121582,85.93418884277344,42.71559143066406,160.99819946289062,23.34351348876953,70.87796783447266,84.91510009765625,119.17176055908203,0.17399999499320984
2022-02-23,364.8541564941406,320.81402587890625,200.3605499267578,52.78646469116211,373.6459655761719,60.37647247314453,84.51378631591797,42.322669982910156,156.8341522216797,22.34250831604004,70.52130126953125,84.92272186279297,117.52934265136719,0.16369999945163727
2022-02-24,370.46136474609375,331.5948181152344,203.8715057373047,52.11140060424805,387.1443786621094,65.0772705078125,85.93418884277344,41.466957092285156,159.45013427734375,23.700801849365234,70.6778793334961,84.91427612304688,117.60675811767578,0.17090000212192535
2022-02-25,378.55230712890625,336.7368469238281,208.40846252441406,53.294952392578125,392.7167663574219,67.25907135009766,88.00560760498047,42.2353515625,161.51748657226562,24.108991622924805,70.7387924194336,84.92272186279297,117.69277954101562,0.15940000116825104
2022-02-26,378.55230712890625,336.7368469238281,208.40846252441406,53.294952392578125,392.7167663574219,67.25907135009766,88.00560760498047,42.2353515625,161.51748657226562,24.108991622924805,70.7387924194336,84.92272186279297,117.69277954101562,0.15940000116825104
2022-02-27,378.55230712890625,336.7368469238281,208.40846252441406,53.294952392578125,392.7167663574219,67.25907135009766,88.00560760498047,42.2353515625,161.51748657226562,24.108991622924805,70.7387924194336,84.92272186279297,117.69277954101562,0.15940000116825104
2022-02-28,377.60211181640625,337.7398986816406,208.18260192871094,52.61112594604492,392.8042907714844,69.88715362548828,86.69510650634766,41.755104064941406,161.78199768066406,24.336538314819336,71.26069641113281,84.92272186279297,120.27238464355469,0.1518000066280365
2022-03-01,371.93841552734375,332.56866455078125,204.93516540527344,51.629215240478516,385.2479553222656,67.7450180053711,86.23855590820312,41.18754577636719,159.9008331298828,23.430343627929688,71.63443756103516,84.92952728271484,121.66291809082031,0.1550000011920929
2022-03-02,378.7686767578125,338.14898681640625,208.8226776123047,52.17277526855469,393.2710876464844,67.001220703125,87.85340881347656,41.318519592285156,163.19288635253906,24.175979614257812,70.75452423095703,84.92105865478516,117.50419616699219,0.13670000433921814
2022-03-03,376.8682556152344,333.3185729980469,207.23191833496094,51.37497329711914,387.1540222167969,62.73678207397461,88.57207489013672,40.74222183227539,162.86959838867188,23.67090606689453,71.06818389892578,84.9252700805664,118.70101165771484,0.1379999965429306
2022-03-04,373.82000732421875,328.48809814453125,205.16107177734375,50.18265151977539,379.43231201171875,59.73184585571289,88.97789764404297,39.97383117675781,159.87144470214844,22.894317626953125,71.3208236694336,84.92952728271484,120.75032806396484,0.11940000206232071
2022-03-05,373.82000732421875,328.48809814453125,205.16107177734375,50.18265151977539,379.43231201171875,59.73184585571289,88.97789764404297,39.97383117675781,159.87144470214844,22.894317626953125,71.3208236694336,84.92952728271484,120.75032806396484,0.11940000206232071
2022-03-06,373.82000732421875,328.48809814453125,205.16107177734375,50.18265151977539,379.43231201171875,59.73184585571289,88.97789764404297,39.97383117675781,159.87144470214844,22.894317626953125,71.3208236694336,84.92952728271484,120.75032806396484,0.11940000206232071
2022-03-07,362.7842712402344,316.3731689453125,198.83567810058594,48.58704376220703,365.2045593261719,57.56987762451172,87.21931457519531,38.559295654296875,156.07968139648438,21.313196182250977,70.97232055664062,84.92952728271484,119.8289794921875,0.11699999868869781
2022-03-08,360.046630859375,314.902587890625,197.715576171875,48.867591857910156,363.4054870605469,58.135162353515625,86.79656219482422,38.72520065307617,154.25729370117188,21.47490119934082,70.64125061035156,84.92952728271484,118.62352752685547,0.10499999672174454
2022-03-09,369.6427307128906,326.2384948730469,203.20326232910156,50.55086898803711,378.89752197265625,61.19960403442383,88.13241577148438,39.70315170288086,159.6558837890625,22.9721736907959,70.44957733154297,84.92105865478516,117.4611587524414,0.12999999523162842
2022-03-10,367.9964294433594,322.61566162109375,202.29017639160156,49.91963577270508,372.3525085449219,59.04755401611328,88.35224151611328,39.0919303894043,155.31544494628906,22.616823196411133,70.07496643066406,84.92952728271484,115.7735366821289,0.12600000202655792
2022-03-11,363.3018493652344,315.925048828125,199.54164123535156,49.3234748840332,364.6114196777344,55.12030792236328,87.65050506591797,38.29733657836914,151.60203552246094,22.05983543395996,70.02265930175781,84.92952728271484,116.16101837158203,0.27000001072883606
2022-03-12,363.3018493652344,315.925048828125,199.54164123535156,49.3234748840332,364.6114196777344,55.12030792236328,87.65050506591797,38.29733657836914,151.60203552246094,22.05983543395996,70.02265930175781,84.92952728271484,116.16101837158203,0.27000001072883606
2022-03-13,363.3018493652344,315.925048828125,199.54164123535156,49.3234748840332,364.6114196777344,55.12030792236328,87.65050506591797,38.29733657836914,151.60203552246094,22.05983543395996,70.02265930175781,84.92952728271484,116.16101837158203,0.27000001072883606
2022-03-14,360.6487731933594,309.85797119140625,197.5743865966797,49.25333786010742,356.72442626953125,51.85751724243164,86.96566772460938,37.38050842285156,147.5751190185547,21.29123878479004,69.37793731689453,84.92952728271484,113.44879150390625,0.23999999463558197
2022-03-15,368.5609130859375,319.5771789550781,201.69720458984375,49.595252990722656,368.7154235839844,53.940147399902344,87.54904174804688,37.3630485534668,151.95477294921875,22.931245803833008,69.4911880493164,84.92105865478516,113.25072479248047,0.20999999344348907
2022-03-16,376.8023376464844,331.4292907714844,206.742431640625,51.74319076538086,382.2137145996094,59.543418884277344,88.58898162841797,40.27070999145508,156.36380004882812,24.45148277282715,69.59574890136719,84.92952728271484,114.36146545410156,0.24490000307559967
2022-03-17,381.4123229980469,335.44158935546875,209.50979614257812,52.00619888305664,386.3663024902344,62.409515380859375,89.95865631103516,39.97383117675781,157.37295532226562,24.72099494934082,69.65672302246094,84.92952728271484,113.50906372070312,0.20999999344348907
2022-03-18,385.6271667480469,342.3074035644531,211.95713806152344,52.61112594604492,395.21612548828125,65.22602081298828,89.95865631103516,40.602516174316406,160.66505432128906,26.404926300048828,69.85712432861328,84.92952728271484,114.89529418945312,0.2199999988079071
2022-03-19,385.6271667480469,342.3074035644531,211.95713806152344,52.61112594604492,395.21612548828125,65.22602081298828,89.95865631103516,40.602516174316406,160.66505432128906,26.404926300048828,69.85712432861328,84.92952728271484,114.89529418945312,0.2199999988079071
2022-03-20,385.6271667480469,342.3074035644531,211.95713806152344,52.61112594604492,395.21612548828125,65.22602081298828,89.95865631103516,40.602516174316406,160.66505432128906,26.404926300048828,69.85712432861328,84.92952728271484,114.89529418945312,0.2199999988079071
2022-03-21,385.6459655761719,341.3557434082031,211.75941467285156,52.224727630615234,394.2144470214844,63.450828552246094,89.40909576416016,40.089359283447266,162.03677368164062,26.6854190826416,69.1427001953125,84.92952728271484,112.23474884033203,0.2199999988079071
2022-03-22,390.1242370605469,348.0643615722656,214.35736083984375,52.78676223754883,400.5260009765625,66.41609954833984,89.63736724853516,40.711097717285156,165.4072265625,26.475801467895508,68.96843719482422,84.93376922607422,110.79680633544922,0.2150000035762787
2022-03-23,385.1002502441406,343.0621032714844,211.43785095214844,52.24229049682617,394.4283752441406,65.1268539428711,88.63170623779297,40.430877685546875,166.76913452148438,25.58741569519043,69.28211212158203,84.93801879882812,113.22492218017578,0.20999999344348907
2022-03-24,390.8245544433594,350.68731689453125,214.4499053955078,52.60234451293945,404.741455078125,65.85081481933594,89.19275665283203,40.67607498168945,170.5511016845703,28.098844528198242,69.1949691772461,84.93801879882812,112.33807373046875,0.1850000023841858
2022-03-25,392.806884765625,350.39471435546875,215.36581420898438,52.56721878051758,403.79656982421875,63.97644805908203,90.30638885498047,40.36083984375,171.1879425048828,27.641677856445312,68.5851058959961,84.92952728271484,110.77962493896484,0.19449999928474426
2022-03-26,392.806884765625,350.39471435546875,215.36581420898438,52.56721878051758,403.79656982421875,63.97644805908203,90.30638885498047,40.36083984375,171.1879425048828,27.641677856445312,68.5851058959961,84.92952728271484,110.77962493896484,0.19449999928474426
2022-03-27,392.806884765625,350.39471435546875,215.36581420898438,52.56721878051758,403.79656982421875,63.97644805908203,90.30638885498047,40.36083984375,171.1879425048828,27.641677856445312,68.5851058959961,84.92952728271484,110.77962493896484,0.19449999928474426
2022-03-28,395.51605224609375,355.816162109375,216.76321411132812,52.47061538696289,408.7841491699219,66.50535583496094,91.26701354980469,40.49217987060547,172.05018615722656,28.1677188873291,68.78547668457031,84.92952728271484,111.72671508789062,0.1695999950170517
2022-03-29,400.51922607421875,361.93963623046875,220.04908752441406,53.498077392578125,417.8240661621094,70.79954528808594,93.9448471069336,41.113929748535156,175.3422393798828,28.603918075561523,69.09041595458984,84.93801879882812,112.57051849365234,0.19249999523162842
2022-03-30,398.02703857421875,357.94183349609375,218.26454162597656,53.313663482666016,411.49224853515625,68.1119613647461,93.2647705078125,41.06138229370117,174.1763153076172,27.639680862426758,69.24723815917969,84.94647216796875,113.44879150390625,0.18979999423027039
2022-03-31,391.91015625,353.5052185058594,214.96920776367188,52.46183395385742,405.7059631347656,65.7417221069336,92.12561798095703,40.39585876464844,171.08018493652344,27.236412048339844,69.2995376586914,84.94647216796875,113.72431182861328,0.20000000298023224
2022-04-01,392.9957275390625,352.8324279785156,215.82846069335938,53.03264617919922,404.5174255371094,66.98138427734375,93.91934204101562,41.16646194458008,170.7862548828125,26.663455963134766,69.14926147460938,84.94480895996094,114.1572036743164,0.17900000512599945
2022-04-02,392.9957275390625,352.8324279785156,215.82846069335938,53.03264617919922,404.5174255371094,66.98138427734375,93.91934204101562,41.16646194458008,170.7862548828125,26.663455963134766,69.14926147460938,84.94480895996094,114.1572036743164,0.17900000512599945
2022-04-03,392.9957275390625,352.8324279785156,215.82846069335938,53.03264617919922,404.5174255371094,66.98138427734375,93.91934204101562,41.16646194458008,170.7862548828125,26.663455963134766,69.14926147460938,84.94480895996094,114.1572036743164,0.17900000512599945
2022-04-04,396.327880859375,360.0967712402344,217.6602325439453,53.46295166015625,412.4760437011719,69.91690063476562,93.46029663085938,41.88453674316406,174.83274841308594,27.310279846191406,69.20170593261719,84.94480895996094,113.3638687133789,0.1599999964237213
2022-04-05,391.4286804199219,352.10107421875,214.4782257080078,52.73406982421875,402.7250671386719,65.9301528930664,93.00122833251953,41.14895248413086,171.52102661132812,25.88387107849121,68.50296783447266,84.93971252441406,110.80267333984375,0.1850000023841858
2022-04-06,387.4639892578125,344.45654296875,212.0138397216797,52.075439453125,391.9122314453125,62.87562942504883,94.10635375976562,40.69359588623047,168.35638427734375,24.362646102905273,68.29332733154297,84.94054412841797,109.90583038330078,0.1770000010728836
2022-04-07,389.4179992675781,345.27557373046875,212.81642150878906,52.040313720703125,393.1298522949219,62.141746520996094,93.1712417602539,40.39585876464844,168.6601104736328,24.16400718688965,68.15354919433594,84.94480895996094,109.07799530029297,0.27000001072883606
2022-04-08,388.4740905761719,340.44891357421875,212.15545654296875,52.057884216308594,387.3630065917969,60.148372650146484,93.32425689697266,40.47467041015625,166.65155029296875,23.076982498168945,67.78675079345703,84.94480895996094,107.8965835571289,0.30000001192092896
2022-04-09,388.4740905761719,340.44891357421875,212.15545654296875,52.057884216308594,387.3630065917969,60.148372650146484,93.32425689697266,40.47467041015625,166.65155029296875,23.076982498168945,67.78675079345703,84.94480895996094,107.8965835571289,0.30000001192092896
2022-04-10,388.4740905761719,340.44891357421875,212.15545654296875,52.057884216308594,387.3630065917969,60.148372650146484,93.32425689697266,40.47467041015625,166.65155029296875,23.076982498168945,67.78675079345703,84.94480895996094,107.8965835571289,0.30000001192092896
2022-04-11,381.74346923828125,332.3948059082031,208.84127807617188,51.44316482543945,378.1867980957031,59.34507369995117,92.3211441040039,39.96675491333008,162.39927673339844,21.877168655395508,67.47229766845703,84.94480895996094,106.18914794921875,0.33959999680519104
2022-04-12,380.346435546875,330.99066162109375,208.19920349121094,51.162147521972656,377.1541442871094,59.34507369995117,92.18512725830078,39.80913543701172,164.27066040039062,21.464920043945312,67.690673828125,84.94480895996094,106.04254913330078,0.3100000023841858
2022-04-13,384.64154052734375,337.71875,210.92796325683594,51.76808166503906,383.7295227050781,61.21944046020508,92.8396987915039,40.23823165893555,166.9552764892578,22.162647247314453,67.7692642211914,84.94904327392578,106.25811004638672,0.3978999853134155
2022-04-14,379.96875,329.99609375,208.35971069335938,51.425594329833984,374.2414855957031,58.50210189819336,92.44015502929688,39.80038070678711,161.94857788085938,21.219362258911133,67.30635070800781,84.95161437988281,104.12813568115234,0.3799999952316284
2022-04-15,379.96875,329.99609375,208.35971069335938,51.425594329833984,374.2414855957031,58.50210189819336,92.44015502929688,39.80038070678711,161.94857788085938,21.219362258911133,67.30635070800781,84.95161437988281,104.12813568115234,0.3799999952316284
2022-04-16,379.96875,329.99609375,208.35971069335938,51.425594329833984,374.2414855957031,58.50210189819336,92.44015502929688,39.80038070678711,161.94857788085938,21.219362258911133,67.30635070800781,84.95161437988281,104.12813568115234,0.3799999952316284
2022-04-17,379.96875,329.99609375,208.35971069335938,51.425594329833984,374.2414855957031,58.50210189819336,92.44015502929688,39.80038070678711,161.94857788085938,21.219362258911133,67.30635070800781,84.95161437988281,104.12813568115234,0.3799999952316284
2022-04-18,380.0348815917969,330.2496032714844,208.00088500976562,51.23240661621094,374.6798400878906,56.87566375732422,92.06612396240234,39.63399887084961,161.73304748535156,21.743412017822266,67.08799743652344,84.95330047607422,103.6107406616211,0.35499998927116394
2022-04-19,386.1046447753906,337.63092041015625,211.66445922851562,51.3377799987793,382.22930908203125,59.176475524902344,94.0723648071289,39.43259048461914,164.01593017578125,22.157655715942383,66.66874694824219,84.95330047607422,102.83460235595703,0.3199999928474426
2022-04-20,385.8120422363281,332.70672607421875,211.39065551757812,51.52219772338867,380.65118408203125,55.66575622558594,95.63655853271484,39.17864227294922,163.84938049316406,21.442960739135742,67.08799743652344,84.95330047607422,104.9042739868164,0.30000001192092896
2022-04-21,380.09161376953125,325.8227233886719,207.93482971191406,50.85478210449219,373.3257751464844,52.898834228515625,94.97346496582031,38.46932601928711,163.0557403564453,20.14632225036621,66.72990417480469,84.95330047607422,104.12813568115234,0.28999999165534973
2022-04-22,369.7172546386719,317.290771484375,202.26953125,50.06443786621094,363.0097351074219,52.0261116027832,93.30726623535156,38.16282653808594,158.5193328857422,19.479536056518555,66.642578125,84.95330047607422,103.47277069091797,0.2946000099182129
2022-04-23,369.7172546386719,317.290771484375,202.26953125,50.06443786621094,363.0097351074219,52.0261116027832,93.30726623535156,38.16282653808594,158.5193328857422,19.479536056518555,66.642578125,84.95330047607422,103.47277069091797,0.2946000099182129
2022-04-24,369.7172546386719,317.290771484375,202.26953125,50.06443786621094,363.0097351074219,52.0261116027832,93.30726623535156,38.16282653808594,158.5193328857422,19.479536056518555,66.642578125,84.95330047607422,103.47277069091797,0.2946000099182129
2022-04-25,371.7374267578125,321.36663818359375,203.374267578125,49.72195053100586,368.9324645996094,53.90047836303711,93.06924438476562,37.768768310546875,159.58731079101562,19.86583137512207,67.06180572509766,84.95755767822266,104.5075912475586,0.2800000011920929
2022-04-26,361.10821533203125,309.2366943359375,197.57681274414062,48.44860076904297,354.8855285644531,50.260833740234375,91.53904724121094,37.00690841674805,153.63018798828125,18.75385284423828,67.23650360107422,84.96175384521484,105.55964660644531,0.26980000734329224
2022-04-27,362.0427551269531,308.8660888671875,197.96392822265625,48.77353286743164,358.7041015625,49.15009689331055,90.93547058105469,37.52356719970703,153.4048309326172,18.381532669067383,67.02686309814453,84.96175384521484,104.20574188232422,0.2808000147342682
2022-04-28,371.1144104003906,319.835693359375,202.78887939453125,49.493621826171875,373.2186279296875,48.46580123901367,92.61019134521484,38.01395797729492,160.33193969726562,19.746049880981445,67.00064849853516,84.97027587890625,104.36097717285156,0.25999999046325684
2022-04-29,357.48333740234375,305.44354248046875,195.33900451660156,49.054542541503906,357.70074462890625,46.740196228027344,88.35966491699219,38.04022979736328,154.4630126953125,18.513294219970703,66.54644775390625,84.97027587890625,103.00707244873047,0.289900004863739
2022-04-30,357.48333740234375,305.44354248046875,195.33900451660156,49.054542541503906,357.70074462890625,46.740196228027344,88.35966491699219,38.04022979736328,154.4630126953125,18.513294219970703,66.54644775390625,84.97027587890625,103.00707244873047,0.289900004863739
2022-05-01,357.48333740234375,305.44354248046875,195.33900451660156,49.054542541503906,357.70074462890625,46.740196228027344,88.35966491699219,38.04022979736328,154.4630126953125,18.513294219970703,66.54644775390625,84.97027587890625,103.00707244873047,0.289900004863739
2022-05-02,359.7300109863281,310.54327392578125,196.81198120117188,48.905250549316406,363.61370849609375,49.71538162231445,86.22589874267578,37.96141815185547,154.76675415039062,19.49750328063965,66.20606994628906,84.96601867675781,101.22161102294922,0.2800000011920929
2022-05-03,361.2875671386719,310.87481689453125,197.7467498779297,49.3267707824707,363.8475646972656,49.4575309753418,87.29705047607422,38.250396728515625,156.2560272216797,19.566375732421875,66.36360931396484,84.96601867675781,101.90399169921875,0.28999999165534973
2022-05-04,372.24713134765625,321.3861083984375,203.5442352294922,50.03809356689453,376.4625244140625,51.996360778808594,88.3001708984375,38.62694549560547,162.663818359375,20.297046661376953,66.79236602783203,84.96601867675781,102.46550750732422,0.2696000039577484
2022-05-05,359.1730041503906,305.1997985839844,196.0377197265625,48.439815521240234,357.2428894042969,47.35506820678711,85.94535827636719,37.225830078125,153.600830078125,18.809755325317383,66.12734985351562,84.97456359863281,99.65811157226562,0.23999999463558197
2022-05-06,356.91693115234375,301.5432434082031,194.46087646484375,47.93926239013672,353.36590576171875,45.252601623535156,84.92523193359375,36.71792221069336,154.32693481445312,18.64105987548828,65.8473129272461,84.97456359863281,98.18960571289062,0.2750000059604645
2022-05-07,356.91693115234375,301.5432434082031,194.46087646484375,47.93926239013672,353.36590576171875,45.252601623535156,84.92523193359375,36.71792221069336,154.32693481445312,18.64105987548828,65.8473129272461,84.97456359863281,98.18960571289062,0.2750000059604645
2022-05-08,356.91693115234375,301.5432434082031,194.46087646484375,47.93926239013672,353.36590576171875,45.252601623535156,84.92523193359375,36.71792221069336,154.32693481445312,18.64105987548828,65.8473129272461,84.97456359863281,98.18960571289062,0.2750000059604645
2022-05-09,345.40045166015625,289.74481201171875,187.56813049316406,46.47272491455078,338.14996337890625,40.78982162475586,81.18478393554688,35.7283935546875,149.2049560546875,16.9191951751709,66.14481353759766,84.97456359863281,99.05341339111328,0.24500000476837158
2022-05-10,346.287841796875,293.26483154296875,187.94583129882812,46.7098274230957,343.0595703125,40.740234375,79.70562744140625,35.87725830078125,151.6089324951172,17.563024520874023,66.33735656738281,84.97456359863281,99.95178985595703,0.23499999940395355
2022-05-11,340.7088928222656,284.56707763671875,184.54664611816406,46.45515823364258,331.3115234375,36.62455749511719,79.53561401367188,35.62331008911133,143.7493133544922,16.599775314331055,66.56481170654297,84.97456359863281,101.87809753417969,0.20999999344348907
2022-05-12,340.4446105957031,283.8942565917969,184.74490356445312,46.27952194213867,328.8761901855469,38.66752243041992,80.15617370605469,35.44816970825195,139.88328552246094,16.145601272583008,66.69609832763672,84.97456359863281,101.68802642822266,0.18940000236034393
2022-05-13,348.4778137207031,294.4154357910156,189.69261169433594,47.52652359008789,341.31585693359375,43.23938751220703,82.2729263305664,36.3238639831543,144.3478546142578,17.673824310302734,66.45110321044922,84.97456359863281,100.18501281738281,0.21969999372959137
2022-05-14,348.4778137207031,294.4154357910156,189.69261169433594,47.52652359008789,341.31585693359375,43.23938751220703,82.2729263305664,36.3238639831543,144.3478546142578,17.673824310302734,66.45110321044922,84.97456359863281,100.18501281738281,0.21969999372959137
2022-05-15,348.4778137207031,294.4154357910156,189.69261169433594,47.52652359008789,341.31585693359375,43.23938751220703,82.2729263305664,36.3238639831543,144.3478546142578,17.673824310302734,66.45110321044922,84.97456359863281,100.18501281738281,0.21969999372959137
2022-05-16,347.2317810058594,291.0026550292969,188.75782775878906,47.51774597167969,337.2440185546875,40.680728912353516,81.7543716430664,36.24504852294922,142.807373046875,17.23262596130371,66.55612182617188,84.97456359863281,100.08132934570312,0.19979999959468842
2022-05-17,354.1794738769531,298.5400085449219,192.7895965576172,48.49251174926758,346.7904357910156,42.72369384765625,82.86801147460938,37.076961517333984,146.43789672851562,18.143964767456055,66.16232299804688,84.98299407958984,98.87200164794922,0.19979999959468842
2022-05-18,340.1520080566406,283.8845520019531,185.245361328125,47.377235412597656,330.8049621582031,40.82948684692383,80.46222686767578,36.271324157714844,138.17596435546875,16.907217025756836,66.4423599243164,84.98299407958984,100.9797134399414,0.20999999344348907
2022-05-19,337.876953125,282.3634338378906,184.42391967773438,47.89535903930664,328.4962158203125,42.674102783203125,80.10517883300781,36.796749114990234,134.77114868164062,17.092880249023438,66.58235931396484,84.99153900146484,101.22161102294922,0.18970000743865967
2022-05-20,337.96197509765625,281.4858703613281,184.42391967773438,48.16758728027344,329.0320739746094,42.05923080444336,80.615234375,36.936859130859375,135.00660705566406,16.663660049438477,66.78361511230469,84.98299407958984,102.37042999267578,0.1889999955892563
2022-05-21,337.96197509765625,281.4858703613281,184.42391967773438,48.16758728027344,329.0320739746094,42.05923080444336,80.615234375,36.936859130859375,135.00660705566406,16.663660049438477,66.78361511230469,84.98299407958984,102.37042999267578,0.1889999955892563
2022-05-22,337.96197509765625,281.4858703613281,184.42391967773438,48.16758728027344,329.0320739746094,42.05923080444336,80.615234375,36.936859130859375,135.00660705566406,16.663660049438477,66.78361511230469,84.98299407958984,102.37042999267578,0.1889999955892563
2022-05-23,344.37158203125,286.16632080078125,187.5775604248047,48.86134719848633,335.99713134765625,41.791465759277344,81.55035400390625,37.199562072753906,140.42298889160156,16.867292404174805,66.54735565185547,84.99575805664062,100.68597412109375,0.1899999976158142
2022-05-24,341.88885498046875,280.08172607421875,185.69854736328125,48.474945068359375,329.4996643066406,38.88570022583008,82.23892974853516,36.53404235839844,137.72463989257812,16.124643325805664,67.08985900878906,85.00001525878906,102.67279815673828,0.20180000364780426
2022-05-25,344.7397155761719,284.0015563964844,187.76641845703125,48.553993225097656,334.2242736816406,40.69064712524414,82.93601989746094,36.73544692993164,137.88162231445312,16.94415283203125,67.36112976074219,85.00001525878906,103.07880401611328,0.20999999344348907
2022-05-26,351.5929870605469,291.8704833984375,191.609375,49.13357162475586,342.69915771484375,42.27741241455078,83.03804016113281,37.287132263183594,141.0803985595703,17.81855583190918,67.29116821289062,85.00851440429688,102.61231994628906,0.20999999344348907
2022-05-27,360.4096374511719,301.39703369140625,196.46261596679688,49.757076263427734,354.6419372558594,45.034420013427734,85.26530456542969,37.68995666503906,146.8303680419922,18.776813507080078,67.48365783691406,85.00851440429688,102.8628158569336,0.20900000631809235
2022-05-28,360.4096374511719,301.39703369140625,196.46261596679688,49.757076263427734,354.6419372558594,45.034420013427734,85.26530456542969,37.68995666503906,146.8303680419922,18.776813507080078,67.48365783691406,85.00851440429688,102.8628158569336,0.20900000631809235
2022-05-29,360.4096374511719,301.39703369140625,196.46261596679688,49.757076263427734,354.6419372558594,45.034420013427734,85.26530456542969,37.68995666503906,146.8303680419922,18.776813507080078,67.48365783691406,85.00851440429688,102.8628158569336,0.20900000631809235
2022-05-30,360.4096374511719,301.39703369140625,196.46261596679688,49.757076263427734,354.6419372558594,45.034420013427734,85.26530456542969,37.68995666503906,146.8303680419922,18.776813507080078,67.48365783691406,85.00851440429688,102.8628158569336,0.20900000631809235
2022-05-31,358.408447265625,300.5973815917969,194.8480224609375,49.800987243652344,351.758544921875,43.725337982177734,84.21966552734375,38.21536636352539,146.04539489746094,18.6380672454834,67.0986328125,85.00851440429688,100.68597412109375,0.3149999976158142
2022-06-01,355.4065856933594,298.374267578125,193.5638885498047,49.317989349365234,350.4045104980469,42.14848709106445,83.52257537841797,37.96141815185547,145.91786193847656,18.28670310974121,66.79877471923828,85.00938415527344,100.57093811035156,0.3199999928474426
2022-06-02,362.1560363769531,306.54541015625,197.5106964111328,50.30154037475586,360.0386962890625,45.252601623535156,84.67022705078125,38.64446258544922,148.3708953857422,19.5563907623291,66.86015319824219,85.017822265625,100.62283325195312,0.30000001192092896
2022-06-03,356.2939453125,298.5693054199219,194.3570098876953,49.53752899169922,350.8915100097656,42.80302810668945,83.53958892822266,38.04022979736328,142.65037536621094,18.685977935791016,66.76373291015625,85.017822265625,100.40648651123047,0.29100000858306885
2022-06-04,356.2939453125,298.5693054199219,194.3570098876953,49.53752899169922,350.8915100097656,42.80302810668945,83.53958892822266,38.04022979736328,142.65037536621094,18.685977935791016,66.76373291015625,85.017822265625,100.40648651123047,0.29100000858306885
2022-06-05,356.2939453125,298.5693054199219,194.3570098876953,49.53752899169922,350.8915100097656,42.80302810668945,83.53958892822266,38.04022979736328,142.65037536621094,18.685977935791016,66.76373291015625,85.017822265625,100.40648651123047,0.29100000858306885
2022-06-06,357.2662353515625,299.5638732910156,194.93295288085938,49.757076263427734,351.09613037109375,43.13030242919922,83.27603912353516,38.250396728515625,143.39610290527344,18.75185775756836,66.36917114257812,85.00938415527344,98.55465698242188,0.29100000858306885
2022-06-07,360.7589111328125,302.1477966308594,197.04800415039062,49.90636444091797,355.7621765136719,44.409629821777344,84.42369079589844,38.443050384521484,145.91786193847656,18.8916072845459,66.59712982177734,85.00938415527344,99.6190414428711,0.24959999322891235
2022-06-08,356.8130798339844,299.9734802246094,194.83856201171875,49.50240707397461,351.9338684082031,45.609622955322266,82.47696685791016,38.583168029785156,145.18191528320312,18.618045806884766,66.32532501220703,85.00938415527344,98.73638153076172,0.21789999306201935
2022-06-09,348.42120361328125,291.9386901855469,190.1741485595703,48.46617126464844,342.0367431640625,42.84270095825195,80.52172088623047,37.751251220703125,139.9617919921875,18.019006729125977,66.23766326904297,85.017822265625,99.06525421142578,0.21729999780654907
2022-06-10,338.1979675292969,281.64190673828125,184.52772521972656,47.50017166137695,328.61322021484375,39.778255462646484,78.73651123046875,37.45351028442383,134.5552520751953,16.946739196777344,65.67656707763672,85.017822265625,98.45082092285156,0.21729999780654907
2022-06-11,338.1979675292969,281.64190673828125,184.52772521972656,47.50017166137695,328.61322021484375,39.778255462646484,78.73651123046875,37.45351028442383,134.5552520751953,16.946739196777344,65.67656707763672,85.017822265625,98.45082092285156,0.21729999780654907
2022-06-12,338.1979675292969,281.64190673828125,184.52772521972656,47.50017166137695,328.61322021484375,39.778255462646484,78.73651123046875,37.45351028442383,134.5552520751953,16.946739196777344,65.67656707763672,85.017822265625,98.45082092285156,0.21729999780654907
2022-06-13,325.1616516113281,268.5465087890625,176.99290466308594,45.90191650390625,313.15374755859375,36.2774543762207,74.800537109375,36.23630142211914,129.40383911132812,15.621865272521973,64.6156997680664,85.00938415527344,95.36151123046875,0.15530000627040863
2022-06-14,324.3498229980469,269.0340881347656,176.49252319335938,45.796531677246094,314.8974304199219,36.68406295776367,74.23095703125,36.761714935302734,130.26730346679688,15.810563087463379,64.26500701904297,85.00938415527344,94.15870666503906,0.20000000298023224
2022-06-15,328.99420166015625,275.75238037109375,179.0607452392578,46.50784683227539,321.8625183105469,39.09395980834961,75.99066162109375,37.304649353027344,132.88717651367188,16.500452041625977,65.00148010253906,85.0051040649414,95.91534423828125,0.20000000298023224
2022-06-16,318.1856689453125,264.6268005371094,172.81005859375,45.30475997924805,307.7960205078125,36.67414474487305,73.9929428100586,36.139976501464844,127.61798858642578,15.575939178466797,65.1417236328125,85.02635192871094,96.67683410644531,0.21979999542236328
2022-06-17,319.0163879394531,267.8445739746094,173.46157836914062,45.164249420166016,311.5367126464844,38.47909164428711,74.55400085449219,36.29759979248047,129.08981323242188,15.854490280151367,65.17682647705078,85.03485107421875,96.98835754394531,0.2295999974012375
2022-06-18,319.0163879394531,267.8445739746094,173.46157836914062,45.164249420166016,311.5367126464844,38.47909164428711,74.55400085449219,36.29759979248047,129.08981323242188,15.854490280151367,65.17682647705078,85.03485107421875,96.98835754394531,0.2295999974012375
2022-06-19,319.0163879394531,267.8445739746094,173.46157836914062,45.164249420166016,311.5367126464844,38.47909164428711,74.55400085449219,36.29759979248047,129.08981323242188,15.854490280151367,65.17682647705078,85.03485107421875,96.98835754394531,0.2295999974012375
2022-06-20,319.0163879394531,267.8445739746094,173.46157836914062,45.164249420166016,311.5367126464844,38.47909164428711,74.55400085449219,36.29759979248047,129.08981323242188,15.854490280151367,65.17682647705078,85.03485107421875,96.98835754394531,0.2295999974012375
2022-06-21,326.8324890136719,274.6020812988281,177.663330078125,45.936222076416016,319.40771484375,40.16503143310547,75.59112548828125,36.87632751464844,133.31887817382812,16.539390563964844,64.87873840332031,85.05181884765625,95.34423065185547,0.2199999988079071
2022-06-22,326.1434020996094,274.2015686035156,177.63499450683594,45.42985534667969,318.3068542480469,40.76998519897461,76.55175018310547,36.267608642578125,132.80868530273438,16.333724975585938,65.41354370117188,85.0433578491211,97.96624755859375,0.20000000298023224
2022-06-23,329.5699768066406,278.2852478027344,179.24562072753906,45.36767578125,323.80706787109375,43.66583251953125,78.0061264038086,36.44404602050781,135.6738739013672,16.198938369750977,65.72915649414062,85.05181884765625,98.77100372314453,0.2289000004529953
2022-06-24,339.8310241699219,287.8203125,185.03782653808594,46.60247039794922,335.74249267578125,45.45094680786133,79.66584014892578,37.22039031982422,139.00022888183594,17.098491668701172,65.6064453125,85.03485107421875,97.40376281738281,0.2101999968290329
2022-06-25,339.8310241699219,287.8203125,185.03782653808594,46.60247039794922,335.74249267578125,45.45094680786133,79.66584014892578,37.22039031982422,139.00022888183594,17.098491668701172,65.6064453125,85.03485107421875,97.40376281738281,0.2101999968290329
2022-06-26,339.8310241699219,287.8203125,185.03782653808594,46.60247039794922,335.74249267578125,45.45094680786133,79.66584014892578,37.22039031982422,139.00022888183594,17.098491668701172,65.6064453125,85.03485107421875,97.40376281738281,0.2101999968290329
2022-06-27,338.5566101074219,285.7100524902344,184.4690399169922,46.54917526245117,333.3124694824219,44.429466247558594,79.54606628417969,37.24685287475586,139.00022888183594,16.84190559387207,65.29081726074219,85.05181884765625,96.572998046875,0.2198999971151352
2022-06-28,331.24078369140625,277.00543212890625,180.66761779785156,46.309326171875,323.0068359375,41.82121658325195,78.5793228149414,36.99983215332031,134.85943603515625,15.956329345703125,65.32586669921875,85.05181884765625,97.02297973632812,0.2199999988079071
2022-06-29,331.4039611816406,277.2594909667969,180.3642120361328,46.016170501708984,323.2605895996094,41.16667556762695,78.0916748046875,36.902793884277344,136.61582946777344,15.517035484313965,65.7028579711914,85.06033325195312,98.537353515625,0.2094999998807907
2022-06-30,328.7878112792969,273.82061767578125,178.8095245361328,45.847389221191406,318.6835021972656,39.5501594543457,77.94624328613281,36.743995666503906,134.1529541015625,15.134649276733398,65.98342895507812,85.07735443115234,99.4027099609375,0.20499999821186066
2022-07-01,332.16217041015625,275.6279296875,180.696044921875,45.829612731933594,319.6399841308594,40.87907791137695,79.34928894042969,36.52344512939453,136.32144165039062,14.499670028686523,66.50961303710938,85.06800842285156,100.42322540283203,0.22920000553131104
2022-07-02,332.16217041015625,275.6279296875,180.696044921875,45.829612731933594,319.6399841308594,40.87907791137695,79.34928894042969,36.52344512939453,136.32144165039062,14.499670028686523,66.50961303710938,85.06800842285156,100.42322540283203,0.22920000553131104
2022-07-03,332.16217041015625,275.6279296875,180.696044921875,45.829612731933594,319.6399841308594,40.87907791137695,79.34928894042969,36.52344512939453,136.32144165039062,14.499670028686523,66.50961303710938,85.06800842285156,100.42322540283203,0.22920000553131104
2022-07-04,332.16217041015625,275.6279296875,180.696044921875,45.829612731933594,319.6399841308594,40.87907791137695,79.34928894042969,36.52344512939453,136.32144165039062,14.499670028686523,66.50961303710938,85.06800842285156,100.42322540283203,0.22920000553131104
2022-07-05,332.7498779296875,280.3465881347656,181.34066772460938,44.98569107055664,324.5292663574219,44.598060607910156,79.12686157226562,36.23231506347656,138.90206909179688,14.939961433410645,66.62384033203125,85.07645416259766,101.2123031616211,0.17550000548362732
2022-07-06,333.95355224609375,282.1442565917969,181.70091247558594,44.905738830566406,326.78363037109375,43.596412658691406,78.98140716552734,35.98529815673828,140.23655700683594,15.105696678161621,66.2197265625,85.07645416259766,99.5128173828125,0.20180000364780426
2022-07-07,338.8539123535156,288.18182373046875,184.69656372070312,45.68748474121094,334.05413818359375,46.44267654418945,79.19528198242188,36.73516845703125,143.60215759277344,15.832526206970215,66.03524017333984,85.08499145507812,98.6371078491211,0.19709999859333038
2022-07-08,338.6549072265625,288.54327392578125,184.5069580078125,45.7230224609375,334.28839111328125,46.47242736816406,78.77608489990234,36.646949768066406,144.27919006347656,15.81256103515625,65.81565856933594,85.08499145507812,97.54460144042969,0.19449999928474426
2022-07-09,338.6549072265625,288.54327392578125,184.5069580078125,45.7230224609375,334.28839111328125,46.47242736816406,78.77608489990234,36.646949768066406,144.27919006347656,15.81256103515625,65.81565856933594,85.08499145507812,97.54460144042969,0.19449999928474426
2022-07-10,338.6549072265625,288.54327392578125,184.5069580078125,45.7230224609375,334.28839111328125,46.47242736816406,78.77608489990234,36.646949768066406,144.27919006347656,15.81256103515625,65.81565856933594,85.08499145507812,97.54460144042969,0.19449999928474426
2022-07-11,334.8256530761719,282.3786926269531,182.17489624023438,44.83467102050781,328.9403991699219,43.25922393798828,78.60498809814453,35.7382698059082,142.14993286132812,15.12766170501709,66.06159973144531,85.08499145507812,99.22669219970703,0.2037999927997589
2022-07-12,331.7356872558594,279.6431579589844,180.6012420654297,44.772483825683594,324.4317626953125,43.953433990478516,78.2969970703125,35.60594177246094,143.12136840820312,15.057774543762207,66.17582702636719,85.07645416259766,99.81629943847656,0.20000000298023224
2022-07-13,330.1906433105469,279.0668029785156,179.8144073486328,44.71918487548828,323.6802978515625,43.64599609375,77.92057037353516,35.50008010864258,142.75828552246094,15.139641761779785,66.38667297363281,85.06800842285156,100.9608154296875,0.1899999976158142
2022-07-14,329.3186340332031,280.0633239746094,179.01809692382812,44.1151123046875,325.8565368652344,42.74352264404297,77.21904754638672,35.26189422607422,145.6823272705078,15.347308158874512,66.17582702636719,85.09349060058594,100.13710021972656,0.17000000178813934
2022-07-15,335.5459899902344,285.1434326171875,182.4971923828125,44.66587829589844,331.83892822265625,43.745174407958984,78.52799224853516,35.385398864746094,147.3504180908203,15.736682891845703,66.41299438476562,85.08499145507812,100.70069122314453,0.19830000400543213
2022-07-16,335.5459899902344,285.1434326171875,182.4971923828125,44.66587829589844,331.83892822265625,43.745174407958984,78.52799224853516,35.385398864746094,147.3504180908203,15.736682891845703,66.41299438476562,85.08499145507812,100.70069122314453,0.19830000400543213
2022-07-17,335.5459899902344,285.1434326171875,182.4971923828125,44.66587829589844,331.83892822265625,43.745174407958984,78.52799224853516,35.385398864746094,147.3504180908203,15.736682891845703,66.41299438476562,85.08499145507812,100.70069122314453,0.19830000400543213
2022-07-18,332.7687683105469,282.7304382324219,181.2364044189453,44.95015335083008,328.8427734375,43.60633087158203,77.9719009399414,35.553009033203125,144.30865478515625,16.075138092041016,66.2109603881836,85.09349060058594,99.65154266357422,0.18490000069141388
2022-07-19,341.8017578125,291.4252624511719,186.29867553710938,46.016170501708984,338.73858642578125,45.42119216918945,79.99092102050781,36.055870056152344,148.16482543945312,16.96470832824707,66.15821075439453,85.10200500488281,99.11396026611328,0.19580000638961792
2022-07-20,343.9912109375,296.0462341308594,187.8059539794922,45.767433166503906,345.07220458984375,47.72200393676758,79.80269622802734,35.9058952331543,150.16651916503906,17.778392791748047,66.09674072265625,85.10200500488281,99.37408447265625,0.1509999930858612
2022-07-21,347.4698181152344,300.2959899902344,189.6640167236328,46.28266906738281,350.0884094238281,48.555057525634766,80.435791015625,36.34700012207031,152.43316650390625,18.0210018157959,66.64140319824219,85.1104736328125,101.09087371826172,0.17000000178813934
2022-07-22,344.3039855957031,295.0301818847656,187.6068572998047,46.051700592041016,344.6232604980469,45.86747360229492,80.85499572753906,35.976470947265625,151.19679260253906,17.291181564331055,67.18608093261719,85.12749481201172,102.79032897949219,0.17990000545978546
2022-07-23,344.3039855957031,295.0301818847656,187.6068572998047,46.051700592041016,344.6232604980469,45.86747360229492,80.85499572753906,35.976470947265625,151.19679260253906,17.291181564331055,67.18608093261719,85.12749481201172,102.79032897949219,0.17990000545978546
2022-07-24,344.3039855957031,295.0301818847656,187.6068572998047,46.051700592041016,344.6232604980469,45.86747360229492,80.85499572753906,35.976470947265625,151.19679260253906,17.291181564331055,67.18608093261719,85.12749481201172,102.79032897949219,0.17990000545978546
2022-07-25,344.6452331542969,293.3497619628906,187.86285400390625,46.36262512207031,342.407958984375,45.272438049316406,80.99187469482422,36.14408493041992,150.07823181152344,16.99665069580078,66.94007873535156,85.12749481201172,101.78451538085938,0.1598999947309494
2022-07-26,340.5126953125,287.5858459472656,185.5402374267578,45.820735931396484,335.9571838378906,43.11046600341797,81.07743072509766,35.80003356933594,148.75357055664062,16.506441116333008,66.95764923095703,85.1189956665039,101.8625717163086,0.16750000417232513
2022-07-27,349.4318542480469,299.7391357421875,190.4129180908203,46.79791259765625,350.48858642578125,45.99639892578125,81.56507873535156,36.505802154541016,153.84609985351562,17.761425018310547,67.14213562011719,85.13602447509766,101.290283203125,0.16019999980926514
2022-07-28,353.84881591796875,302.6699523925781,192.8966522216797,47.08218002319336,355.4851989746094,45.79805374145508,84.20863342285156,36.620487213134766,154.39561462402344,17.955110549926758,67.60775756835938,85.13602447509766,102.0966567993164,0.1696999967098236
2022-07-29,359.0335388183594,308.1898193359375,195.52259826660156,47.5174674987793,361.2821350097656,44.756736755371094,84.66207122802734,36.45286560058594,159.4586944580078,18.13382339477539,67.55502319335938,85.1189956665039,101.81918334960938,0.18000000715255737
2022-07-30,359.0335388183594,308.1898193359375,195.52259826660156,47.5174674987793,361.2821350097656,44.756736755371094,84.66207122802734,36.45286560058594,159.4586944580078,18.13382339477539,67.55502319335938,85.1189956665039,101.81918334960938,0.18000000715255737
2022-07-31,359.0335388183594,308.1898193359375,195.52259826660156,47.5174674987793,361.2821350097656,44.756736755371094,84.66207122802734,36.45286560058594,159.4586944580078,18.13382339477539,67.55502319335938,85.1189956665039,101.81918334960938,0.18000000715255737
2022-08-01,357.9530029296875,308.0041198730469,195.06756591796875,47.38421630859375,360.6380310058594,45.312103271484375,83.9776382446289,36.23231506347656,158.4774932861328,18.411378860473633,67.84813690185547,85.15814208984375,104.27136993408203,0.1889999955892563
2022-08-02,355.6402587890625,307.08575439453125,194.0153045654297,46.79791259765625,358.77398681640625,46.52201461791992,82.89968872070312,36.02058410644531,157.00567626953125,18.496238708496094,67.16156005859375,85.16241455078125,102.06505584716797,0.17000000178813934
2022-08-03,361.19464111328125,315.44854736328125,197.1341552734375,47.09994888305664,369.17724609375,49.34844207763672,83.1648941040039,36.21466827392578,163.01077270507812,18.86264991760254,67.49608612060547,85.17515563964844,103.67200469970703,0.16249999403953552
2022-08-04,360.9101867675781,316.9237365722656,196.94456481933594,47.348690032958984,370.34832763671875,49.75505065917969,83.03655242919922,36.51461410522461,162.69676208496094,19.18413543701172,67.66331481933594,85.18370819091797,103.63727569580078,0.17000000178813934
2022-08-05,360.16143798828125,314.33477783203125,196.87818908691406,47.117713928222656,369.7725524902344,49.65587615966797,83.26757049560547,36.505802154541016,162.4707489013672,18.958494186401367,66.89749908447266,85.18370819091797,101.17034912109375,0.18000000715255737
2022-08-06,360.16143798828125,314.33477783203125,196.87818908691406,47.117713928222656,369.7725524902344,49.65587615966797,83.26757049560547,36.505802154541016,162.4707489013672,18.958494186401367,66.89749908447266,85.18370819091797,101.17034912109375,0.18000000715255737
2022-08-07,360.16143798828125,314.33477783203125,196.87818908691406,47.117713928222656,369.7725524902344,49.65587615966797,83.26757049560547,36.505802154541016,162.4707489013672,18.958494186401367,66.89749908447266,85.18370819091797,101.17034912109375,0.18000000715255737
2022-08-08,359.8392028808594,313.3188171386719,197.05831909179688,47.259849548339844,367.2059020996094,50.37984085083008,84.01185607910156,36.585201263427734,161.9991455078125,17.764415740966797,67.19676971435547,85.18370819091797,102.80335998535156,0.15800000727176666
2022-08-09,358.41741943359375,309.7723388671875,195.8164825439453,47.0111083984375,362.6971435546875,47.632747650146484,84.47383880615234,36.505802154541016,162.04824829101562,17.058551788330078,67.04710388183594,85.20072937011719,102.40379333496094,0.1509999930858612
2022-08-10,365.92437744140625,318.41851806640625,200.28147888183594,47.98828887939453,373.7640075683594,51.143470764160156,85.75712585449219,36.96454620361328,166.2930145263672,18.06793212890625,67.2319564819336,85.19220733642578,101.73494720458984,0.16930000483989716
2022-08-11,365.92437744140625,316.611083984375,200.29095458984375,48.05935287475586,371.59747314453125,49.507118225097656,85.55178833007812,37.1409912109375,165.5561065673828,17.913177490234375,66.85346221923828,85.20921325683594,99.3635482788086,0.1599999964237213
2022-08-12,372.1895446777344,322.7757568359375,203.76060485839844,48.44134521484375,379.31689453125,51.579830169677734,87.0232925415039,37.52915954589844,169.10324096679688,18.6789493560791,67.16156005859375,85.2177505493164,100.37118530273438,0.15639999508857727
2022-08-13,372.1895446777344,322.7757568359375,203.76060485839844,48.44134521484375,379.31689453125,51.579830169677734,87.0232925415039,37.52915954589844,169.10324096679688,18.6789493560791,67.16156005859375,85.2177505493164,100.37118530273438,0.15639999508857727
2022-08-14,372.1895446777344,322.7757568359375,203.76060485839844,48.44134521484375,379.31689453125,51.579830169677734,87.0232925415039,37.52915954589844,169.10324096679688,18.6789493560791,67.16156005859375,85.2177505493164,100.37118530273438,0.15639999508857727
2022-08-15,373.78204345703125,325.3841552734375,204.55691528320312,48.16596221923828,381.6103210449219,51.75834274291992,87.37403106689453,37.388004302978516,170.1742401123047,19.001428604125977,67.2319564819336,85.2177505493164,100.28431701660156,0.11990000307559967
2022-08-16,374.43597412109375,324.6221923828125,204.99302673339844,48.19261169433594,380.2831115722656,50.32033920288086,87.14306640625,37.40564727783203,170.0170440673828,18.848670959472656,67.14395904541016,85.22627258300781,100.70125579833984,0.1273999959230423
2022-08-17,371.87677001953125,320.9195251464844,203.1538848876953,47.85504150390625,377.08209228515625,47.632747650146484,86.6211929321289,37.31742477416992,171.5105743408203,18.305551528930664,66.7478256225586,85.23479461669922,99.65023040771484,0.10999999940395355
2022-08-18,373.02362060546875,321.6913146972656,203.68475341796875,47.668487548828125,379.053466796875,47.10713577270508,86.04800415039062,37.07923126220703,171.11752319335938,18.742847442626953,66.87107849121094,85.2432861328125,99.7978744506836,0.11819999665021896
2022-08-19,367.8769226074219,315.41925048828125,200.77442932128906,47.02888107299805,371.753662109375,44.32037353515625,85.1411361694336,36.66459655761719,168.53330993652344,17.82032585144043,66.44857788085938,85.2432861328125,98.19088745117188,0.10989999771118164
2022-08-20,367.8769226074219,315.41925048828125,200.77442932128906,47.02888107299805,371.753662109375,44.32037353515625,85.1411361694336,36.66459655761719,168.53330993652344,17.82032585144043,66.44857788085938,85.2432861328125,98.19088745117188,0.10989999771118164
2022-08-21,367.8769226074219,315.41925048828125,200.77442932128906,47.02888107299805,371.753662109375,44.32037353515625,85.1411361694336,36.66459655761719,168.53330993652344,17.82032585144043,66.44857788085938,85.2432861328125,98.19088745117188,0.10989999771118164
2022-08-22,360.1235656738281,307.1151123046875,196.4800567626953,46.35374069213867,361.55535888671875,43.24930953979492,83.28468322753906,36.40876007080078,164.65211486816406,17.00663948059082,66.14930725097656,85.2773666381836,97.86082458496094,0.1850000023841858
2022-08-23,359.2704772949219,306.861083984375,196.11032104492188,46.47810745239258,360.7062683105469,43.01129150390625,82.21527099609375,36.638126373291016,164.31802368164062,17.153404235839844,66.12289428710938,85.2518081665039,97.322265625,0.2799000144004822
2022-08-24,360.3605041503906,307.7501525878906,196.9351043701172,46.56693649291992,361.2918395996094,44.1319465637207,82.68580627441406,36.66459655761719,164.61280822753906,17.1943359375,65.95565032958984,85.26884460449219,96.60999298095703,0.3199000060558319
2022-08-25,365.61151123046875,313.19171142578125,199.7885284423828,47.179901123046875,367.8499450683594,45.40135955810547,83.91773986816406,37.343902587890625,167.0692901611328,17.884227752685547,66.31651306152344,85.29009246826172,97.95635223388672,0.2799000144004822
2022-08-26,353.0810852050781,300.35455322265625,193.17156982421875,46.10500717163086,352.2744445800781,42.48567581176758,81.80461883544922,36.84986114501953,160.77090454101562,16.233884811401367,66.18450927734375,85.29009246826172,98.69470977783203,0.23999999463558197
2022-08-27,353.0810852050781,300.35455322265625,193.17156982421875,46.10500717163086,352.2744445800781,42.48567581176758,81.80461883544922,36.84986114501953,160.77090454101562,16.233884811401367,66.18450927734375,85.29009246826172,98.69470977783203,0.23999999463558197
2022-08-28,353.0810852050781,300.35455322265625,193.17156982421875,46.10500717163086,352.2744445800781,42.48567581176758,81.80461883544922,36.84986114501953,160.77090454101562,16.233884811401367,66.18450927734375,85.29009246826172,98.69470977783203,0.23999999463558197
2022-08-29,350.7492980957031,297.39447021484375,191.75909423828125,45.97174835205078,347.7267150878906,41.781551361083984,81.06887817382812,36.67341613769531,158.56988525390625,15.775618553161621,65.8852310180664,85.29437255859375,97.878173828125,0.2498999983072281
2022-08-30,346.9390563964844,294.08258056640625,189.6260986328125,45.563114166259766,344.22320556640625,41.56336975097656,79.94815063476562,36.23231506347656,156.14291381835938,15.44315242767334,65.93804168701172,85.29437255859375,98.12141418457031,0.24400000274181366
2022-08-31,344.209228515625,292.3728332519531,188.23257446289062,45.38544845581055,340.8659973144531,41.53361892700195,79.57173156738281,36.28524398803711,154.48236083984375,15.069755554199219,65.6651611328125,85.30288696289062,97.18328094482422,0.23000000417232513
2022-09-01,345.2708740234375,292.4998779296875,188.3463134765625,44.887977600097656,337.8797302246094,41.374942779541016,79.7171630859375,36.11762237548828,155.20947265625,13.914613723754883,65.30883026123047,85.32676696777344,95.40403747558594,0.20960000157356262
2022-09-02,341.6500244140625,288.367431640625,186.47877502441406,44.612586975097656,333.9078063964844,40.25428771972656,78.60498809814453,35.82649612426758,153.09686279296875,13.625078201293945,65.47640228271484,85.32676696777344,95.94371795654297,0.2198999971151352
2022-09-03,341.6500244140625,288.367431640625,186.47877502441406,44.612586975097656,333.9078063964844,40.25428771972656,78.60498809814453,35.82649612426758,153.09686279296875,13.625078201293945,65.47640228271484,85.32676696777344,95.94371795654297,0.2198999971151352
2022-09-04,341.6500244140625,288.367431640625,186.47877502441406,44.612586975097656,333.9078063964844,40.25428771972656,78.60498809814453,35.82649612426758,153.09686279296875,13.625078201293945,65.47640228271484,85.32676696777344,95.94371795654297,0.2198999971151352
2022-09-05,341.6500244140625,288.367431640625,186.47877502441406,44.612586975097656,333.9078063964844,40.25428771972656,78.60498809814453,35.82649612426758,153.09686279296875,13.625078201293945,65.47640228271484,85.32676696777344,95.94371795654297,0.2198999971151352
2022-09-06,340.5032043457031,286.2962951660156,185.72039794921875,44.32832336425781,331.487548828125,39.7584228515625,79.3150634765625,35.517730712890625,151.83917236328125,13.44337272644043,64.88539123535156,85.33529663085938,93.56732177734375,0.23989999294281006
2022-09-07,346.6072692871094,292.079833984375,189.15206909179688,44.71030807495117,336.7672119140625,41.127010345458984,80.8635482788086,35.81766891479492,153.2442626953125,13.696040153503418,65.3529052734375,85.35233306884766,95.0471420288086,0.20489999651908875
2022-09-08,348.87261962890625,293.5940246582031,190.64991760253906,44.72807312011719,338.797119140625,42.34683609008789,81.08599853515625,35.71180725097656,151.77041625976562,13.9716796875,65.15003967285156,85.3694076538086,94.07221221923828,0.2888999879360199
2022-09-09,354.25640869140625,300.0126647949219,193.81622314453125,45.696372985839844,346.116455078125,44.231117248535156,81.96717071533203,36.18819808959961,154.62973022460938,14.368158340454102,65.12358093261719,85.36083221435547,94.2811050415039,0.2766999900341034
2022-09-10,354.25640869140625,300.0126647949219,193.81622314453125,45.696372985839844,346.116455078125,44.231117248535156,81.96717071533203,36.18819808959961,154.62973022460938,14.368158340454102,65.12358093261719,85.36083221435547,94.2811050415039,0.2766999900341034
2022-09-11,354.25640869140625,300.0126647949219,193.81622314453125,45.696372985839844,346.116455078125,44.231117248535156,81.96717071533203,36.18819808959961,154.62973022460938,14.368158340454102,65.12358093261719,85.36083221435547,94.2811050415039,0.2766999900341034
2022-09-12,358.1519470214844,303.57861328125,195.90176391601562,46.300437927246094,351.60101318359375,45.302188873291016,82.7628173828125,36.743995666503906,160.58419799804688,14.486004829406738,65.04420471191406,85.36083221435547,93.50640869140625,0.2897000014781952
2022-09-13,342.5315856933594,286.9312744140625,187.48367309570312,44.74584197998047,333.1856689453125,42.22782897949219,79.59738159179688,35.5794792175293,151.1611785888672,13.113802909851074,64.71782684326172,85.3864517211914,93.72404479980469,0.28870001435279846
2022-09-14,343.8111877441406,289.2076416015625,188.2135772705078,44.96792221069336,334.6300354003906,43.38814926147461,78.69054412841797,35.75592041015625,152.60560607910156,13.110808372497559,64.79720306396484,85.37792205810547,94.04608917236328,0.2849999964237213
2022-09-15,339.97235107421875,284.39111328125,186.20384216308594,44.52375030517578,327.183837890625,44.3402099609375,77.23615264892578,35.44715118408203,149.71678161621094,12.912067413330078,64.60315704345703,85.40352630615234,93.98516082763672,0.2800000011920929
2022-09-16,337.2994079589844,282.6522216796875,184.5069580078125,44.186180114746094,324.7342224121094,42.22782897949219,77.24469757080078,34.99721908569336,148.07586669921875,13.180716514587402,64.53260040283203,85.40352630615234,93.20172119140625,0.2648000121116638
2022-09-17,337.2994079589844,282.6522216796875,184.5069580078125,44.186180114746094,324.7342224121094,42.22782897949219,77.24469757080078,34.99721908569336,148.07586669921875,13.180716514587402,64.53260040283203,85.40352630615234,93.20172119140625,0.2648000121116638
2022-09-18,337.2994079589844,282.6522216796875,184.5069580078125,44.186180114746094,324.7342224121094,42.22782897949219,77.24469757080078,34.99721908569336,148.07586669921875,13.180716514587402,64.53260040283203,85.40352630615234,93.20172119140625,0.2648000121116638
2022-09-19,339.8870849609375,284.8533020019531,185.81515502929688,44.40059280395508,327.2813415527344,42.138572692871094,77.13349151611328,35.13938903808594,151.79002380371094,13.364474296569824,64.48848724365234,85.41204833984375,93.41934204101562,0.2849999964237213
2022-09-20,336.05780029296875,282.5827331542969,183.6537628173828,43.77523422241211,325.2514343261719,41.09725570678711,75.25992584228516,35.014217376708984,154.16786193847656,13.158743858337402,64.1709213256836,85.42909240722656,92.4879379272461,0.23960000276565552
2022-09-21,330.14324951171875,277.5228576660156,180.51593017578125,43.149871826171875,320.3231506347656,40.00635528564453,74.07074737548828,34.43302536010742,151.0432891845703,13.243633270263672,64.34734344482422,85.43763732910156,94.03739166259766,0.2160000056028366
2022-09-22,327.3565979003906,274.10711669921875,178.49671936035156,43.015865325927734,316.10723876953125,38.2906608581543,73.12966918945312,34.33467483520508,150.08038330078125,12.544550895690918,63.68578338623047,85.44615173339844,91.63487243652344,0.2669000029563904
2022-09-23,321.916015625,269.6442565917969,175.4179229736328,41.71154022216797,311.62774658203125,37.51711654663086,72.15765380859375,33.54783248901367,147.81056213378906,12.499608039855957,63.509376525878906,85.46322631835938,92.00918579101562,0.21950000524520874
2022-09-24,321.916015625,269.6442565917969,175.4179229736328,41.71154022216797,311.62774658203125,37.51711654663086,72.15765380859375,33.54783248901367,147.81056213378906,12.499608039855957,63.509376525878906,85.46322631835938,92.00918579101562,0.21950000524520874
2022-09-25,321.916015625,269.6442565917969,175.4179229736328,41.71154022216797,311.62774658203125,37.51711654663086,72.15765380859375,33.54783248901367,147.81056213378906,12.499608039855957,63.509376525878906,85.46322631835938,92.00918579101562,0.21950000524520874
2022-09-26,318.7975769042969,268.5284423828125,173.49485778808594,41.068321228027344,309.597900390625,37.12042236328125,70.1340560913086,33.08287811279297,148.14466857910156,12.211986541748047,62.69788360595703,85.46322631835938,90.2508544921875,0.20980000495910645
2022-09-27,317.89715576171875,268.6360168457031,173.23780822753906,40.87177276611328,310.71044921875,37.89397048950195,69.20008850097656,33.064998626708984,149.11740112304688,12.396744728088379,62.42443084716797,85.47174072265625,87.87443542480469,0.2094999998807907
2022-09-28,324.1413269042969,273.9798889160156,176.88401794433594,41.65794372558594,314.31427001953125,39.65924835205078,70.63565063476562,33.32429885864258,147.2308349609375,12.719320297241211,63.394718170166016,85.47174072265625,90.81666564941406,0.20000000298023224
2022-09-29,317.38201904296875,266.08172607421875,173.20924377441406,41.01470947265625,306.24365234375,37.487361907958984,68.5601577758789,32.67158508300781,139.99900817871094,12.203996658325195,63.06832504272461,85.49732208251953,90.34660339355469,0.2094999998807907
2022-09-30,312.5458068847656,261.5697937011719,170.85772705078125,40.88964080810547,300.6872253417969,37.417938232421875,69.3298110961914,32.62688064575195,135.7935333251953,12.123102188110352,62.91839599609375,85.50582885742188,89.18011474609375,0.19939999282360077
2022-10-01,312.5458068847656,261.5697937011719,170.85772705078125,40.88964080810547,300.6872253417969,37.417938232421875,69.3298110961914,32.62688064575195,135.7935333251953,12.123102188110352,62.91839599609375,85.50582885742188,89.18011474609375,0.19939999282360077
2022-10-02,312.5458068847656,261.5697937011719,170.85772705078125,40.88964080810547,300.6872253417969,37.417938232421875,69.3298110961914,32.62688064575195,135.7935333251953,12.123102188110352,62.91839599609375,85.50582885742188,89.18011474609375,0.19939999282360077
2022-10-03,320.8093566894531,267.7063293457031,175.19891357421875,41.75620651245117,309.8143310546875,37.5865364074707,70.56644439697266,33.127586364746094,139.96954345703125,12.495614051818848,63.44524002075195,85.51178741455078,90.59717559814453,0.1898999959230423
2022-10-04,330.54840087890625,276.123291015625,180.82534790039062,43.23920822143555,320.6632385253906,40.452632904052734,71.99335479736328,34.0574951171875,143.55596923828125,13.14975357055664,63.6043701171875,85.52034759521484,90.34410095214844,0.20000000298023224
2022-10-05,329.9772033691406,275.9764404296875,180.4826202392578,42.85506057739258,321.6805725097656,39.70883560180664,70.58375549316406,34.120079040527344,143.85073852539062,13.19170093536377,63.2684440612793,85.52034759521484,89.48027801513672,0.2092999964952469
2022-10-06,326.50238037109375,273.8037109375,178.7594757080078,42.265438079833984,319.2447509765625,39.8377571105957,68.62066650390625,33.878662109375,142.8976287841797,13.112805366516113,63.02975845336914,85.54597473144531,88.98297882080078,0.2069000005722046
2022-10-07,317.3344421386719,263.3706359863281,173.6471405029297,41.532867431640625,305.9599914550781,37.2195930480957,66.96894073486328,33.20806121826172,137.65057373046875,12.060184478759766,62.70270538330078,85.55451965332031,88.1191177368164,0.20499999821186066
2022-10-08,317.3344421386719,263.3706359863281,173.6471405029297,41.532867431640625,305.9599914550781,37.2195930480957,66.96894073486328,33.20806121826172,137.65057373046875,12.060184478759766,62.70270538330078,85.55451965332031,88.1191177368164,0.20499999821186066
2022-10-09,317.3344421386719,263.3706359863281,173.6471405029297,41.532867431640625,305.9599914550781,37.2195930480957,66.96894073486328,33.20806121826172,137.65057373046875,12.060184478759766,62.70270538330078,85.55451965332031,88.1191177368164,0.20499999821186066
2022-10-10,314.96392822265625,260.7378845214844,172.26675415039062,41.21125411987305,300.4328308105469,35.9997673034668,66.337646484375,32.75205993652344,137.974853515625,11.654716491699219,62.41982650756836,85.55451965332031,86.74921417236328,0.19499999284744263
2022-10-11,312.88861083984375,257.1558532714844,171.1623992919922,40.66629409790039,295.54150390625,35.35514450073242,67.0121841430664,32.24240493774414,136.5599365234375,11.570828437805176,62.43747329711914,85.56305694580078,87.13314056396484,0.18799999356269836
2022-10-12,311.9175109863281,257.0677490234375,170.6959228515625,40.603759765625,294.48504638671875,35.82125473022461,66.31171417236328,32.23345947265625,135.9311065673828,11.484939575195312,62.50819396972656,85.54597473144531,87.56067657470703,0.1899999976158142
2022-10-13,320.0858154296875,263.09661865234375,174.932373046875,41.255924224853516,302.9175720214844,35.741920471191406,67.52241516113281,32.35863494873047,140.5001220703125,11.944337844848633,62.28718566894531,85.57161712646484,86.7230453491211,0.17990000545978546
2022-10-14,312.8790588378906,255.18861389160156,170.81015014648438,40.603759765625,294.2991638183594,33.7088737487793,65.8447265625,31.884750366210938,135.9704132080078,11.212297439575195,61.98665237426758,85.58870697021484,86.00752258300781,0.17970000207424164
2022-10-15,312.8790588378906,255.18861389160156,170.81015014648438,40.603759765625,294.2991638183594,33.7088737487793,65.8447265625,31.884750366210938,135.9704132080078,11.212297439575195,61.98665237426758,85.58870697021484,86.00752258300781,0.17970000207424164
2022-10-16,312.8790588378906,255.18861389160156,170.81015014648438,40.603759765625,294.2991638183594,33.7088737487793,65.8447265625,31.884750366210938,135.9704132080078,11.212297439575195,61.98665237426758,85.58870697021484,86.00752258300781,0.17970000207424164
2022-10-17,320.8283386230469,263.61529541015625,175.37033081054688,41.64900588989258,303.6023864746094,36.079105377197266,68.32665252685547,32.69840621948242,139.93023681640625,11.872430801391602,62.11922836303711,85.58014678955078,85.58871459960938,0.17499999701976776
2022-10-18,324.6078796386719,265.699951171875,177.5123291015625,41.86342239379883,306.7230224609375,36.66422653198242,69.07037353515625,32.70734405517578,141.24688720703125,11.95132827758789,62.26066589355469,85.59723663330078,85.7894287109375,0.1700499951839447
2022-10-19,322.3611145019531,264.7310791015625,175.9986114501953,41.26485061645508,305.21649169921875,35.087379455566406,67.34944152832031,32.135101318359375,141.35499572753906,12.035216331481934,61.74795913696289,85.59723663330078,84.2275161743164,0.20000000298023224
2022-10-20,319.71453857421875,263.38043212890625,174.4754180908203,41.309532165527344,305.3828430175781,34.95845031738281,67.05542755126953,32.38545608520508,140.8931427001953,12.178030014038086,61.33247375488281,85.61431884765625,82.78782653808594,0.23000000417232513
2022-10-21,327.3972473144531,269.55615234375,178.492919921875,42.02422332763672,313.424072265625,35.58324432373047,67.58293914794922,32.859352111816406,144.70559692382812,12.449675559997559,61.438560485839844,85.63140106201172,81.29574584960938,0.20970000326633453
2022-10-22,327.3972473144531,269.55615234375,178.492919921875,42.02422332763672,313.424072265625,35.58324432373047,67.58293914794922,32.859352111816406,144.70559692382812,12.449675559997559,61.438560485839844,85.63140106201172,81.29574584960938,0.20970000326633453
2022-10-23,327.3972473144531,269.55615234375,178.492919921875,42.02422332763672,313.424072265625,35.58324432373047,67.58293914794922,32.859352111816406,144.70559692382812,12.449675559997559,61.438560485839844,85.63140106201172,81.29574584960938,0.20970000326633453
2022-10-24,331.3861083984375,272.52166748046875,180.4159698486328,41.55967330932617,317.1219177246094,35.136962890625,67.57429504394531,31.580739974975586,146.84762573242188,12.582499504089355,61.350181579589844,85.63992309570312,80.62389373779297,0.19480000436306
2022-10-25,336.77459716796875,278.1589660644531,183.68136596679688,42.27437210083008,324.0675354003906,37.49728012084961,70.22917938232422,31.840036392211914,149.6873321533203,13.243633270263672,61.93357467651367,85.63140106201172,82.97105407714844,0.19480000436306
2022-10-26,334.2612609863281,272.0126647949219,182.54849243164062,42.76572799682617,317.55230712890625,37.57661819458008,70.18595123291016,32.269222259521484,146.74937438964844,12.879111289978027,62.18111038208008,85.63140106201172,84.16646575927734,0.17990000545978546
2022-10-27,332.4715576171875,267.0604248046875,181.69171142578125,42.4351806640625,314.26531982421875,37.55678176879883,70.28971862792969,32.036746978759766,142.2786102294922,13.158743858337402,62.50819396972656,85.6740951538086,85.04773712158203,0.17000000178813934
2022-10-28,340.2303771972656,275.232666015625,185.91859436035156,42.640655517578125,326.9142761230469,38.56834411621094,71.83769226074219,31.813217163085938,153.02809143066406,13.81588363647461,62.38444900512695,85.6740951538086,84.46311950683594,0.17970000207424164
2022-10-29,340.2303771972656,275.232666015625,185.91859436035156,42.640655517578125,326.9142761230469,38.56834411621094,71.83769226074219,31.813217163085938,153.02809143066406,13.81588363647461,62.38444900512695,85.6740951538086,84.46311950683594,0.17970000207424164
2022-10-30,340.2303771972656,275.232666015625,185.91859436035156,42.640655517578125,326.9142761230469,38.56834411621094,71.83769226074219,31.813217163085938,153.02809143066406,13.81588363647461,62.38444900512695,85.6740951538086,84.46311950683594,0.17970000207424164
2022-10-31,337.9170227050781,272.03228759765625,184.71910095214844,42.283302307128906,323.02081298828125,37.9633903503418,71.7598648071289,31.696975708007812,150.66989135742188,13.47932243347168,62.189964294433594,85.6740951538086,83.86105346679688,0.17960000038146973
2022-11-01,336.5555725097656,269.252685546875,184.14785766601562,42.74785232543945,320.5262145996094,37.97330856323242,71.73390197753906,32.224517822265625,148.02671813964844,13.525264739990234,62.2546501159668,85.68351745605469,84.64478302001953,0.19599999487400055
2022-11-02,327.968505859375,260.0234680175781,179.3021240234375,42.211830139160156,308.6697692871094,36.138607025146484,69.76219177246094,31.983102798461914,142.5045928955078,13.201687812805176,62.15719223022461,85.70062255859375,84.27741241455078,0.18960000574588776
2022-11-03,324.4745788574219,254.9439239501953,177.58847045898438,42.05995559692383,299.8849182128906,35.900596618652344,69.66707611083984,32.24240493774414,136.461669921875,13.403424263000488,61.917938232421875,85.73487091064453,83.82256317138672,0.17890000343322754
2022-11-04,329.2251281738281,259.0447692871094,179.8733367919922,43.668025970458984,303.77850341796875,34.92870330810547,70.61833190917969,33.55677032470703,136.19595336914062,14.13746166229248,61.93565368652344,85.74344635009766,82.41429138183594,0.17900000512599945
2022-11-05,329.2251281738281,259.0447692871094,179.8733367919922,43.668025970458984,303.77850341796875,34.92870330810547,70.61833190917969,33.55677032470703,136.19595336914062,14.13746166229248,61.93565368652344,85.74344635009766,82.41429138183594,0.17900000512599945
2022-11-06,329.2251281738281,259.0447692871094,179.8733367919922,43.668025970458984,303.77850341796875,34.92870330810547,70.61833190917969,33.55677032470703,136.19595336914062,14.13746166229248,61.93565368652344,85.74344635009766,82.41429138183594,0.17900000512599945
2022-11-07,332.3858642578125,261.8927917480469,181.5107879638672,43.79310607910156,308.2784423828125,34.70060348510742,70.61833190917969,33.49418258666992,136.7274169921875,14.282270431518555,61.696434020996094,85.75200653076172,81.59208679199219,0.16990000009536743
2022-11-08,334.1946716308594,263.8013610839844,182.46279907226562,44.2665901184082,311.14471435546875,34.56175994873047,70.83454132080078,33.63724899291992,137.29827880859375,14.582878112792969,61.97111892700195,85.76058959960938,82.48426818847656,0.17749999463558197
2022-11-09,327.36871337890625,257.71368408203125,178.53097534179688,43.551883697509766,302.8589172363281,32.30061721801758,70.10810089111328,33.02029037475586,132.7413330078125,13.757957458496094,62.05970764160156,85.78624725341797,82.75544738769531,0.17749999463558197
2022-11-10,345.2856140136719,276.7301025390625,188.63182067871094,45.69598388671875,328.5185852050781,36.99149703979492,75.23629760742188,34.12900924682617,144.5519256591797,15.72937297821045,63.344482421875,85.79483032226562,85.9393310546875,0.16200000047683716
2022-11-11,348.5890808105469,281.8291015625,190.55490112304688,46.607215881347656,335.2197265625,40.06585693359375,75.2276611328125,34.817501068115234,147.33729553222656,16.305620193481445,63.344482421875,85.80337524414062,85.62442779541016,0.1599999964237213
2022-11-12,348.5890808105469,281.8291015625,190.55490112304688,46.607215881347656,335.2197265625,40.06585693359375,75.2276611328125,34.817501068115234,147.33729553222656,16.305620193481445,63.344482421875,85.80337524414062,85.62442779541016,0.1599999964237213
2022-11-13,348.5890808105469,281.8291015625,190.55490112304688,46.607215881347656,335.2197265625,40.06585693359375,75.2276611328125,34.817501068115234,147.33729553222656,16.305620193481445,63.344482421875,85.80337524414062,85.62442779541016,0.1599999964237213
2022-11-14,345.7901611328125,279.36279296875,188.83175659179688,46.16054153442383,332.0207824707031,38.58818054199219,73.39430236816406,34.70126724243164,145.939697265625,16.27366065979004,63.14070129394531,85.80337524414062,85.41453552246094,0.16500000655651093
2022-11-15,348.6462097167969,283.2286071777344,190.7453155517578,46.62508773803711,336.814208984375,39.6394157409668,74.18991088867188,35.47021484375,147.67190551757812,16.64417266845703,63.58372497558594,85.80337524414062,86.79653930664062,0.17499999701976776
2022-11-16,345.9995422363281,279.36279296875,188.80323791503906,46.28561019897461,331.0718688964844,37.59645080566406,73.5153579711914,34.906917572021484,146.44163513183594,15.889163970947266,63.94702911376953,85.79483032226562,88.69466400146484,0.1850000023841858
2022-11-17,344.99993896484375,278.7461853027344,188.01304626464844,46.32134246826172,330.885986328125,36.812984466552734,73.0137939453125,35.09468078613281,148.34115600585938,15.656469345092773,63.68121337890625,85.83760833740234,87.75870513916016,0.22499999403953552
2022-11-18,346.523193359375,278.7559509277344,188.89842224121094,46.26774215698242,331.2577819824219,36.25761795043945,73.9391098022461,34.844329833984375,148.90219116210938,15.388821601867676,63.574893951416016,85.83760833740234,87.15518188476562,0.1899999976158142
2022-11-19,346.523193359375,278.7559509277344,188.89842224121094,46.26774215698242,331.2577819824219,36.25761795043945,73.9391098022461,34.844329833984375,148.90219116210938,15.388821601867676,63.574893951416016,85.83760833740234,87.15518188476562,0.1899999976158142
2022-11-20,346.523193359375,278.7559509277344,188.89842224121094,46.26774215698242,331.2577819824219,36.25761795043945,73.9391098022461,34.844329833984375,148.90219116210938,15.388821601867676,63.574893951416016,85.83760833740234,87.15518188476562,0.1899999976158142
2022-11-21,345.30462646484375,275.88836669921875,188.09869384765625,45.88358688354492,327.3153991699219,34.90886688232422,74.32825469970703,34.52243423461914,145.67396545410156,15.296940803527832,63.574893951416016,85.85470581054688,87.52254486083984,0.18060000240802765
2022-11-22,349.9028625488281,279.8619689941406,190.56442260742188,46.42854690551758,333.1751403808594,35.0179557800293,74.73469543457031,34.611846923828125,147.80970764160156,16.016996383666992,63.90272903442383,85.88046264648438,88.76461029052734,0.18970000743865967
2022-11-23,352.0924377441406,282.6708068847656,191.72586059570312,46.902034759521484,336.736083984375,36.01960372924805,74.79524993896484,34.79961395263672,148.6856689453125,16.497364044189453,64.2926025390625,85.89757537841797,90.3128662109375,0.1599999964237213
2022-11-24,352.0924377441406,282.6708068847656,191.72586059570312,46.902034759521484,336.736083984375,36.01960372924805,74.79524993896484,34.79961395263672,148.6856689453125,16.497364044189453,64.2926025390625,85.89757537841797,90.3128662109375,0.1599999964237213
2022-11-25,352.0543212890625,280.8112487792969,191.86868286132812,47.009239196777344,334.6229248046875,35.702247619628906,75.27088928222656,34.674434661865234,145.7723846435547,16.248693466186523,64.2926025390625,85.90609741210938,90.00669860839844,0.17790000140666962
2022-11-26,352.0543212890625,280.8112487792969,191.86868286132812,47.009239196777344,334.6229248046875,35.702247619628906,75.27088928222656,34.674434661865234,145.7723846435547,16.248693466186523,64.2926025390625,85.90609741210938,90.00669860839844,0.17790000140666962
2022-11-27,352.0543212890625,280.8112487792969,191.86868286132812,47.009239196777344,334.6229248046875,35.702247619628906,75.27088928222656,34.674434661865234,145.7723846435547,16.248693466186523,64.2926025390625,85.90609741210938,90.00669860839844,0.17790000140666962
2022-11-28,346.485107421875,276.6909484863281,188.75559997558594,46.48215103149414,327.5501403808594,34.70060348510742,73.25592803955078,34.593963623046875,141.9438018798828,15.806272506713867,64.21286010742188,85.92323303222656,90.26036834716797,0.1550000011920929
2022-11-29,345.8758239746094,274.59649658203125,188.46046447753906,46.84843063354492,324.51763916015625,34.51217269897461,74.46664428710938,35.27350997924805,138.94190979003906,15.61851978302002,63.97359085083008,85.92323303222656,89.2020034790039,0.1550000011920929
2022-11-30,356.5193176269531,287.1141357421875,194.2677764892578,47.79541015625,340.3750915527344,37.17000961303711,76.17025756835938,36.23023223876953,145.6936492919922,16.90515899658203,64.46980285644531,85.93179321289062,89.8580093383789,
2022-12-01,356.5669250488281,287.46649169921875,194.38198852539062,48.045555114746094,341.578369140625,37.5865364074707,76.00595092773438,36.140811920166016,145.96920776367188,17.11693572998047,65.00711059570312,85.96871948242188,92.72859191894531,0.164000004529953
2022-12-02,356.0528564453125,286.3213806152344,194.2011260986328,48.09021759033203,339.66094970703125,37.844383239746094,75.7811050415039,36.364341735839844,145.4771270751953,16.858213424682617,65.27350616455078,85.97731018066406,93.89469146728516,0.14800000190734863
2022-12-03,356.0528564453125,286.3213806152344,194.2011260986328,48.09021759033203,339.66094970703125,37.844383239746094,75.7811050415039,36.364341735839844,145.4771270751953,16.858213424682617,65.27350616455078,85.97731018066406,93.89469146728516,0.14800000190734863
2022-12-04,356.0528564453125,286.3213806152344,194.2011260986328,48.09021759033203,339.66094970703125,37.844383239746094,75.7811050415039,36.364341735839844,145.4771270751953,16.858213424682617,65.27350616455078,85.97731018066406,93.89469146728516,0.14800000190734863
2022-12-05,349.71246337890625,281.51593017578125,190.38356018066406,47.42912673950195,333.1947021484375,35.771671295166016,74.39744567871094,35.99775695800781,144.31573486328125,16.592487335205078,64.75841522216797,86.00309753417969,92.57952880859375,0.1550000011920929
2022-12-06,344.6572570800781,275.68280029296875,187.52748107910156,47.2147102355957,325.95556640625,34.33366012573242,73.69696807861328,36.02457809448242,140.6544647216797,15.970146179199219,64.97157287597656,86.0202407836914,93.77198028564453,0.22499999403953552
2022-12-07,343.9908447265625,274.5572814941406,187.22286987304688,47.107513427734375,324.46856689453125,34.065895080566406,73.8439712524414,35.80998611450195,138.7155303955078,16.103012084960938,65.5399398803711,86.01165008544922,95.98145294189453,0.20000000298023224
2022-12-08,346.7041320800781,277.8066101074219,188.84127807617188,47.44699478149414,330.12298583984375,34.869197845458984,74.36286163330078,36.221282958984375,140.39852905273438,17.150901794433594,65.35343170166016,86.05458068847656,95.71841430664062,0.1899999976158142
2022-12-09,344.17169189453125,276.03515625,187.2609405517578,47.37552261352539,328.1175231933594,34.3634147644043,74.22447967529297,35.91728210449219,139.91632080078125,16.983076095581055,64.97157287597656,86.05458068847656,93.22835540771484,0.20000000298023224
2022-12-10,344.17169189453125,276.03515625,187.2609405517578,47.37552261352539,328.1175231933594,34.3634147644043,74.22447967529297,35.91728210449219,139.91632080078125,16.983076095581055,64.97157287597656,86.05458068847656,93.22835540771484,0.20000000298023224
2022-12-11,344.17169189453125,276.03515625,187.2609405517578,47.37552261352539,328.1175231933594,34.3634147644043,74.22447967529297,35.91728210449219,139.91632080078125,16.983076095581055,64.97157287597656,86.05458068847656,93.22835540771484,0.20000000298023224
2022-12-12,349.0841064453125,279.4997863769531,189.9551239013672,47.4112548828125,335.3175048828125,35.0179557800293,74.79524993896484,35.81892776489258,142.2095184326172,17.516515731811523,64.97157287597656,86.07173919677734,93.52645874023438,0.17960000038146973
2022-12-13,351.6640625,282.50439453125,191.37364196777344,47.97408676147461,339.3185729980469,34.99812316894531,76.17890167236328,36.00669860839844,143.174072265625,18.052949905395508,65.41561126708984,86.08031463623047,94.42955017089844,0.1995999962091446
2022-12-14,349.5410461425781,280.4100036621094,190.30738830566406,47.91154479980469,336.7849426269531,34.64109802246094,75.66001892089844,36.06928253173828,140.94972229003906,17.655370712280273,65.57545471191406,86.08031463623047,94.8328857421875,0.19499999284744263
2022-12-15,340.9444274902344,270.9947814941406,185.56637573242188,46.76802444458008,324.0274658203125,32.94524383544922,74.64823150634766,35.371864318847656,134.3456268310547,16.93412971496582,65.6109848022461,86.11221313476562,95.20289611816406,0.1940000057220459
2022-12-16,336.8793640136719,268.4109802246094,183.44337463378906,46.50895309448242,319.7906494140625,32.98490905761719,72.7197494506836,35.3271598815918,132.3870391845703,16.55353546142578,65.44224548339844,86.12081146240234,94.13943481445312,0.18799999356269836
2022-12-17,336.8793640136719,268.4109802246094,183.44337463378906,46.50895309448242,319.7906494140625,32.98490905761719,72.7197494506836,35.3271598815918,132.3870391845703,16.55353546142578,65.44224548339844,86.12081146240234,94.13943481445312,0.18799999356269836
2022-12-18,336.8793640136719,268.4109802246094,183.44337463378906,46.50895309448242,319.7906494140625,32.98490905761719,72.7197494506836,35.3271598815918,132.3870391845703,16.55353546142578,65.44224548339844,86.12081146240234,94.13943481445312,0.18799999356269836
2022-12-19,333.9757385253906,264.6388854980469,181.59649658203125,46.45378875732422,315.1810302734375,31.953514099121094,71.79444122314453,35.39530944824219,130.2808380126953,16.236865997314453,65.05150604248047,86.12081146240234,92.55741119384766,0.1899999976158142
2022-12-20,334.4845275878906,264.4328918457031,181.97726440429688,46.598472595214844,315.8774108886719,31.9039249420166,71.61284637451172,35.27717590332031,130.2119140625,16.068044662475586,64.62519836425781,86.13803100585938,90.91383361816406,0.1899999976158142
2022-12-21,339.4874267578125,268.2688293457031,184.7285919189453,47.041587829589844,320.8792419433594,32.43946075439453,72.22683715820312,35.60432434082031,133.31219482421875,16.483604431152344,64.77615356445312,86.13803100585938,91.14237213134766,0.18479999899864197
2022-12-22,334.7142028808594,261.70556640625,182.1084442138672,46.67986297607422,312.9253845214844,31.338642120361328,71.92340087890625,35.2862663269043,130.14300537109375,15.322832107543945,64.7673110961914,86.189697265625,91.12478637695312,0.1850000023841858
2022-12-23,336.5890197753906,262.294189453125,183.1129150390625,46.788387298583984,313.0430603027344,30.713850021362305,72.56360626220703,35.21356201171875,129.7788848876953,15.189970970153809,64.56433868408203,86.189697265625,89.78887176513672,0.1875
2022-12-24,336.5890197753906,262.294189453125,183.1129150390625,46.788387298583984,313.0430603027344,30.713850021362305,72.56360626220703,35.21356201171875,129.7788848876953,15.189970970153809,64.56433868408203,86.189697265625,89.78887176513672,0.1875
2022-12-25,336.5890197753906,262.294189453125,183.1129150390625,46.788387298583984,313.0430603027344,30.713850021362305,72.56360626220703,35.21356201171875,129.7788848876953,15.189970970153809,64.56433868408203,86.189697265625,89.78887176513672,0.1875
2022-12-26,336.5890197753906,262.294189453125,183.1129150390625,46.788387298583984,313.0430603027344,30.713850021362305,72.56360626220703,35.21356201171875,129.7788848876953,15.189970970153809,64.56433868408203,86.189697265625,89.78887176513672,0.1875
2022-12-27,335.2498474121094,258.5858154296875,182.34759521484375,47.041587829589844,309.9831848144531,29.533695220947266,72.53730010986328,35.76789855957031,127.97772979736328,14.106115341186523,64.06584930419922,86.21556091308594,88.01345825195312,0.17990000545978546
2022-12-28,331.13653564453125,255.17173767089844,180.05177307128906,46.480918884277344,305.1088562011719,29.394851684570312,71.30071258544922,35.24991226196289,124.05070495605469,14.02120304107666,63.9768180847168,86.22418212890625,87.4948959350586,0.18729999661445618
2022-12-29,337.0099182128906,261.3916015625,183.36160278320312,47.24053192138672,313.425537109375,30.91219711303711,72.86178588867188,35.85877227783203,127.5643539428711,14.587605476379395,64.21717834472656,86.2586441040039,88.48807525634766,0.1875
2022-12-30,336.08203125,261.2345886230469,182.89288330078125,46.77029037475586,313.25885009765625,30.981618881225586,72.33558654785156,35.42257308959961,127.87930297851562,14.59859561920166,63.950111389160156,86.2586441040039,87.50370025634766,0.19009999930858612
2022-12-31,336.08203125,261.2345886230469,182.89288330078125,46.77029037475586,313.25885009765625,30.981618881225586,72.33558654785156,35.42257308959961,127.87930297851562,14.59859561920166,63.950111389160156,86.2586441040039,87.50370025634766,0.19009999930858612
2023-01-01,336.08203125,261.2345886230469,182.89288330078125,46.77029037475586,313.25885009765625,30.981618881225586,72.33558654785156,35.42257308959961,127.87930297851562,14.59859561920166,63.950111389160156,86.2586441040039,87.50370025634766,0.19009999930858612
2023-01-02,336.08203125,261.2345886230469,182.89288330078125,46.77029037475586,313.25885009765625,30.981618881225586,72.33558654785156,35.42257308959961,127.87930297851562,14.59859561920166,63.950111389160156,86.2586441040039,87.50370025634766,0.19009999930858612
2023-01-03,334.7906799316406,259.46868896484375,182.14674377441406,47.086795806884766,310.2578125,30.20806884765625,72.40575408935547,35.80424880981445,123.09600830078125,14.299908638000488,64.28839111328125,86.27587127685547,89.17362213134766,0.1875
2023-01-04,337.20123291015625,260.70489501953125,183.7633819580078,47.89162826538086,311.6014099121094,31.517152786254883,74.04574584960938,36.73115158081055,124.36568450927734,14.733451843261719,64.65338134765625,86.26724243164062,90.39529418945312,0.16500000655651093
2023-01-05,333.5184326171875,256.6236572265625,181.6110382080078,47.47564697265625,305.14813232421875,30.763439178466797,72.05494689941406,36.622100830078125,123.04681396484375,14.249963760375977,64.58216094970703,86.30171203613281,90.7732162475586,0.1696999967098236
2023-01-06,341.1040344238281,263.7068786621094,185.61920166015625,48.58792495727539,313.876708984375,31.110544204711914,73.99312591552734,37.24913787841797,127.57421875,14.843337059020996,65.29428100585938,86.31892395019531,92.44309997558594,0.17000000178813934
2023-01-07,341.1040344238281,263.7068786621094,185.61920166015625,48.58792495727539,313.876708984375,31.110544204711914,73.99312591552734,37.24913787841797,127.57421875,14.843337059020996,65.29428100585938,86.31892395019531,92.44309997558594,0.17000000178813934
2023-01-08,341.1040344238281,263.7068786621094,185.61920166015625,48.58792495727539,313.876708984375,31.110544204711914,73.99312591552734,37.24913787841797,127.57421875,14.843337059020996,65.29428100585938,86.31892395019531,92.44309997558594,0.17000000178813934
2023-01-09,340.8553161621094,265.4139099121094,185.69570922851562,48.85017395019531,317.8094787597656,32.53863525390625,74.01944732666016,37.44905471801758,128.09584045410156,15.61152458190918,65.47232818603516,86.31892395019531,92.93534088134766,0.17000000178813934
2023-01-10,343.2850341796875,267.6605224609375,187.1593017578125,49.04913330078125,319.8690490722656,33.34193420410156,74.18607330322266,37.71259307861328,128.66668701171875,15.892230987548828,65.21416473388672,86.31892395019531,91.39724731445312,0.16949999332427979
2023-01-11,347.6661682128906,272.29107666015625,189.6273651123047,49.347537994384766,325.2630920410156,34.472503662109375,76.84339904785156,37.8670768737793,131.38314819335938,15.984131813049316,65.56135559082031,86.31892395019531,92.88256072998047,0.17800000309944153
2023-01-12,348.967041015625,273.7626647949219,190.5457000732422,49.94438171386719,327.80322265625,35.196468353271484,77.8168716430664,38.03973388671875,131.30441284179688,16.493595123291016,66.06873321533203,86.37922668457031,94.710693359375,0.15970000624656677
2023-01-13,350.3254089355469,275.6462707519531,191.35882568359375,50.2247200012207,329.18609619140625,35.69233322143555,77.33452606201172,38.2941780090332,132.63307189941406,16.881187438964844,65.84619140625,86.38784790039062,93.82300567626953,0.17000000178813934
2023-01-14,350.3254089355469,275.6462707519531,191.35882568359375,50.2247200012207,329.18609619140625,35.69233322143555,77.33452606201172,38.2941780090332,132.63307189941406,16.881187438964844,65.84619140625,86.38784790039062,93.82300567626953,0.17000000178813934
2023-01-15,350.3254089355469,275.6462707519531,191.35882568359375,50.2247200012207,329.18609619140625,35.69233322143555,77.33452606201172,38.2941780090332,132.63307189941406,16.881187438964844,65.84619140625,86.38784790039062,93.82300567626953,0.17000000178813934
2023-01-16,350.3254089355469,275.6462707519531,191.35882568359375,50.2247200012207,329.18609619140625,35.69233322143555,77.33452606201172,38.2941780090332,132.63307189941406,16.881187438964844,65.84619140625,86.38784790039062,93.82300567626953,0.17000000178813934
2023-01-17,349.7897644042969,276.2055358886719,191.10052490234375,50.260887145996094,330.8337097167969,36.733646392822266,77.55379486083984,38.09425354003906,133.79444885253906,17.683338165283203,65.75719451904297,86.37922668457031,93.21654510498047,0.1599999964237213
2023-01-18,344.10772705078125,272.6148376464844,188.0872039794922,49.989593505859375,326.66558837890625,35.65266418457031,76.42243957519531,37.8670768737793,133.0759735107422,17.358684539794922,66.36250305175781,86.40509033203125,95.4753646850586,0.1688999980688095
2023-01-19,341.63018798828125,269.93658447265625,186.55665588378906,50.08906936645508,322.6543273925781,34.50225830078125,76.00148010253906,38.166961669921875,133.13502502441406,16.74732780456543,66.22896575927734,86.42228698730469,94.877685546875,0.1679999977350235
2023-01-20,347.9148254394531,277.3238525390625,190.1343536376953,50.586429595947266,331.68701171875,36.19811248779297,76.90480041503906,38.612239837646484,135.69398498535156,17.82019805908203,65.93521118164062,86.43952941894531,93.33961486816406,0.15780000388622284
2023-01-21,347.9148254394531,277.3238525390625,190.1343536376953,50.586429595947266,331.68701171875,36.19811248779297,76.90480041503906,38.612239837646484,135.69398498535156,17.82019805908203,65.93521118164062,86.43952941894531,93.33961486816406,0.15780000388622284
2023-01-22,347.9148254394531,277.3238525390625,190.1343536376953,50.586429595947266,331.68701171875,36.19811248779297,76.90480041503906,38.612239837646484,135.69398498535156,17.82019805908203,65.93521118164062,86.43952941894531,93.33961486816406,0.15780000388622284
2023-01-23,352.1524963378906,283.48486328125,192.54501342773438,50.83059310913086,339.5623779296875,37.76504898071289,77.2555923461914,38.89394760131836,138.88287353515625,19.172765731811523,65.77499389648438,86.43952941894531,92.90016174316406,0.15479999780654907
2023-01-24,351.77935791015625,282.9060363769531,192.22933959960938,50.83963394165039,338.99346923828125,37.17000961303711,77.44854736328125,38.9302978515625,140.28045654296875,19.24468994140625,66.06873321533203,86.46537780761719,94.236083984375,0.15139999985694885
2023-01-25,351.90374755859375,282.2781982421875,192.32498168945312,51.04762268066406,338.2776184082031,37.19975662231445,77.4836196899414,38.93938064575195,139.62103271484375,19.302629470825195,66.14884948730469,86.47398376464844,94.46463012695312,0.1509999930858612
2023-01-26,355.6630859375,287.7819519042969,194.3051300048828,51.22848892211914,343.6618347167969,37.95347595214844,78.35186004638672,39.2392692565918,141.68789672851562,19.7811222076416,66.02424621582031,86.49983978271484,94.025146484375,0.14740000665187836
2023-01-27,356.6770324707031,290.64654541015625,195.08956909179688,51.11091995239258,345.24078369140625,40.055938720703125,79.22886657714844,38.975730895996094,143.6267852783203,20.34353256225586,65.9530258178711,86.5084228515625,93.787841796875,0.14000000059604645
2023-01-28,356.6770324707031,290.64654541015625,195.08956909179688,51.11091995239258,345.24078369140625,40.055938720703125,79.22886657714844,38.975730895996094,143.6267852783203,20.34353256225586,65.9530258178711,86.5084228515625,93.787841796875,0.14000000059604645
2023-01-29,356.6770324707031,290.64654541015625,195.08956909179688,51.11091995239258,345.24078369140625,40.055938720703125,79.22886657714844,38.975730895996094,143.6267852783203,20.34353256225586,65.9530258178711,86.5084228515625,93.787841796875,0.14000000059604645
2023-01-30,352.2193908691406,284.77001953125,192.47804260253906,50.577388763427734,338.49334716796875,38.19148635864258,78.2203140258789,38.276004791259766,140.74302673339844,19.141801834106445,65.76609802246094,86.53429412841797,93.44508361816406,0.1550000011920929
2023-01-31,357.2222900390625,289.03759765625,195.5583038330078,50.83059310913086,343.63238525390625,39.59974670410156,79.86031341552734,38.37596893310547,142.0126953125,19.51641273498535,66.06873321533203,86.53429412841797,94.1921615600586,0.164000004529953
2023-02-01,361.13470458984375,295.2182922363281,197.9402313232422,51.30986785888672,352.0668029785156,41.34518814086914,80.3514404296875,38.766719818115234,143.1346893310547,20.92092514038086,66.49345397949219,86.54637908935547,95.32444763183594,0.1687999963760376
2023-02-02,366.30975341796875,305.8136291503906,200.8961181640625,51.183265686035156,362.56072998046875,44.04269027709961,82.17560577392578,38.494102478027344,148.4396209716797,21.686113357543945,66.53807067871094,86.58963775634766,95.44782257080078,0.1679999977350235
2023-02-03,362.3973693847656,300.378662109375,198.82032775878906,50.577388763427734,358.7162780761719,42.4955940246582,80.632080078125,37.88524627685547,152.06153869628906,21.0777587890625,65.94918060302734,86.5982894897461,94.02031707763672,0.1679999977350235
2023-02-04,362.3973693847656,300.378662109375,198.82032775878906,50.577388763427734,358.7162780761719,42.4955940246582,80.632080078125,37.88524627685547,152.06153869628906,21.0777587890625,65.94918060302734,86.5982894897461,94.02031707763672,0.1679999977350235
2023-02-05,362.3973693847656,300.378662109375,198.82032775878906,50.577388763427734,358.7162780761719,42.4955940246582,80.632080078125,37.88524627685547,152.06153869628906,21.0777587890625,65.94918060302734,86.5982894897461,94.02031707763672,0.1679999977350235
2023-02-06,360.3024597167969,297.83770751953125,197.32801818847656,50.05289077758789,354.0086975097656,41.89064025878906,80.04447937011719,37.49448776245117,149.33526611328125,21.066770553588867,65.5387191772461,86.5982894897461,93.32421875,0.1598999947309494
2023-02-07,364.9513244628906,304.0084533691406,199.81515502929688,50.39652633666992,362.4920959472656,42.62451934814453,79.86907196044922,37.56719207763672,152.2091827392578,22.149627685546875,65.44949340820312,86.61557006835938,92.57523345947266,0.14820000529289246
2023-02-08,360.9528503417969,298.6029052734375,197.68194580078125,50.17046356201172,357.9022216796875,41.394775390625,79.4919662475586,37.49448776245117,149.52223205566406,22.181591033935547,65.56549072265625,86.6242446899414,93.01581573486328,0.13989999890327454
2023-02-09,357.8631896972656,295.9638366699219,195.7592010498047,50.260887145996094,356.3919677734375,40.16503143310547,78.62372589111328,37.63988494873047,148.48883056640625,22.313451766967773,65.29779052734375,86.65879821777344,92.13463592529297,0.14650000631809235
2023-02-10,358.733642578125,294.02142333984375,196.1131134033203,50.02576446533203,354.1264343261719,38.82619857788086,78.89561462402344,37.32183074951172,148.85354614257812,21.242584228515625,65.02119445800781,86.6674575805664,91.10366821289062,0.13989999890327454
2023-02-11,358.733642578125,294.02142333984375,196.1131134033203,50.02576446533203,354.1264343261719,38.82619857788086,78.89561462402344,37.32183074951172,148.85354614257812,21.242584228515625,65.02119445800781,86.6674575805664,91.10366821289062,0.13989999890327454
2023-02-12,358.733642578125,294.02142333984375,196.1131134033203,50.02576446533203,354.1264343261719,38.82619857788086,78.89561462402344,37.32183074951172,148.85354614257812,21.242584228515625,65.02119445800781,86.6674575805664,91.10366821289062,0.13989999890327454
2023-02-13,362.8756408691406,298.73046875,198.44723510742188,50.4507942199707,360.1481628417969,39.49065399169922,79.59721374511719,37.65805435180664,151.6529998779297,21.765029907226562,65.19964599609375,86.68473052978516,91.87028503417969,0.125
2023-02-14,362.74169921875,300.9378356933594,198.52377319335938,50.4598274230957,362.06060791015625,40.482383728027344,78.96575927734375,37.54901885986328,151.01226806640625,22.94678497314453,64.9765625,86.67611694335938,91.65879821777344,0.1468999981880188
2023-02-15,363.95660400390625,303.2432556152344,199.4134063720703,50.206626892089844,364.6105041503906,42.86253356933594,79.28147888183594,37.36726760864258,153.11184692382812,22.74000358581543,64.83381652832031,86.70204162597656,90.80411529541016,0.1469999998807907
2023-02-16,358.8962707519531,297.5531921386719,196.75404357910156,50.0076789855957,357.9610595703125,41.67245864868164,78.50971984863281,37.2945671081543,151.51498413085938,21.978805541992188,64.58396911621094,86.73663330078125,89.51757049560547,0.1469999998807907
2023-02-17,357.9683837890625,295.4537658691406,196.1800994873047,49.96246337890625,353.5771484375,41.5137825012207,78.20276641845703,36.99467849731445,150.37155151367188,21.365455627441406,64.72672271728516,86.74530792236328,90.21369934082031,0.1469999998807907
2023-02-18,357.9683837890625,295.4537658691406,196.1800994873047,49.96246337890625,353.5771484375,41.5137825012207,78.20276641845703,36.99467849731445,150.37155151367188,21.365455627441406,64.72672271728516,86.74530792236328,90.21369934082031,0.1469999998807907
2023-02-19,357.9683837890625,295.4537658691406,196.1800994873047,49.96246337890625,353.5771484375,41.5137825012207,78.20276641845703,36.99467849731445,150.37155151367188,21.365455627441406,64.72672271728516,86.74530792236328,90.21369934082031,0.1469999998807907
2023-02-20,357.9683837890625,295.4537658691406,196.1800994873047,49.96246337890625,353.5771484375,41.5137825012207,78.20276641845703,36.99467849731445,150.37155151367188,21.365455627441406,64.72672271728516,86.74530792236328,90.21369934082031,0.1469999998807907
2023-02-21,350.8610534667969,288.45880126953125,192.11451721191406,49.37467575073242,345.0250549316406,38.9848747253418,76.63290405273438,36.585758209228516,146.3596649169922,20.633224487304688,64.16458892822266,86.76258087158203,88.46016693115234,0.12800000607967377
2023-02-22,350.4210510253906,288.6746520996094,191.95191955566406,49.0943489074707,344.9466247558594,39.93693161010742,75.9400863647461,36.43126678466797,146.78350830078125,20.732120513916016,64.307373046875,86.77986907958984,89.27085876464844,0.1273999959230423
2023-02-23,352.18121337890625,291.1959533691406,192.97547912597656,49.347537994384766,350.2524719238281,39.33197784423828,76.51013946533203,36.55849838256836,147.26651000976562,23.639055252075195,64.53936767578125,86.81446838378906,90.14321899414062,0.12479999661445618
2023-02-24,348.41229248046875,286.32012939453125,190.82310485839844,48.53367614746094,344.1620788574219,38.122066497802734,75.1683120727539,35.85877227783203,144.61495971679688,23.261449813842773,64.18242645263672,86.82312774658203,88.97125244140625,0.12470000237226486
2023-02-25,348.41229248046875,286.32012939453125,190.82310485839844,48.53367614746094,344.1620788574219,38.122066497802734,75.1683120727539,35.85877227783203,144.61495971679688,23.261449813842773,64.18242645263672,86.82312774658203,88.97125244140625,0.12470000237226486
2023-02-26,348.41229248046875,286.32012939453125,190.82310485839844,48.53367614746094,344.1620788574219,38.122066497802734,75.1683120727539,35.85877227783203,144.61495971679688,23.261449813842773,64.18242645263672,86.82312774658203,88.97125244140625,0.12470000237226486
2023-02-27,349.6175842285156,288.3705139160156,191.50230407714844,49.003910064697266,345.7017822265625,38.498924255371094,75.28231811523438,36.0405158996582,145.8076629638672,23.476226806640625,64.2895278930664,86.83177947998047,89.21796417236328,0.12700000405311584
2023-02-28,348.2974548339844,287.9977111816406,190.86135864257812,48.66028594970703,345.3388366699219,39.29230880737305,75.17707824707031,35.822418212890625,145.30494689941406,23.191526412963867,64.307373046875,86.84903717041016,89.62332916259766,0.12700000405311584
2023-03-01,347.02520751953125,285.6824645996094,191.32058715820312,49.15764236450195,342.6712951660156,38.37991714477539,74.22992706298828,36.540321350097656,143.2349395751953,22.674076080322266,63.92639923095703,86.85600280761719,88.66048431396484,0.12700000405311584
2023-03-02,349.6175842285156,288.0467529296875,191.61708068847656,49.26615524291992,346.7413635253906,38.85594940185547,75.09817504882812,36.703887939453125,143.82640075683594,23.2894229888916,63.79222869873047,86.89933776855469,87.87428283691406,0.12250000238418579
2023-03-03,355.1561584472656,294.0018005371094,194.7356414794922,49.89011764526367,354.0185241699219,40.12535858154297,76.23826599121094,36.97650146484375,148.87326049804688,23.86481475830078,64.28411865234375,86.90803527832031,90.00315856933594,0.12250000238418579
2023-03-04,355.1561584472656,294.0018005371094,194.7356414794922,49.89011764526367,354.0185241699219,40.12535858154297,76.23826599121094,36.97650146484375,148.87326049804688,23.86481475830078,64.28411865234375,86.90803527832031,90.00315856933594,0.12250000238418579
2023-03-05,355.1561584472656,294.0018005371094,194.7356414794922,49.89011764526367,354.0185241699219,40.12535858154297,76.23826599121094,36.97650146484375,148.87326049804688,23.86481475830078,64.28411865234375,86.90803527832031,90.00315856933594,0.12250000238418579
2023-03-06,355.5865478515625,294.3352966308594,194.477294921875,49.7816047668457,355.30328369140625,39.29230880737305,75.9400863647461,36.84928512573242,151.63328552246094,23.529170989990234,64.132080078125,86.89933776855469,89.30530548095703,0.11990000307559967
2023-03-07,350.0863037109375,290.72503662109375,191.5788116455078,48.93156814575195,350.9291687011719,38.63776779174805,74.16853332519531,36.304054260253906,149.4351043701172,23.267398834228516,64.06053161621094,86.92536163330078,89.85296630859375,0.11980000138282776
2023-03-08,350.6314697265625,292.177001953125,191.82754516601562,49.15764236450195,353.70465087890625,38.58818054199219,75.01922607421875,36.49488067626953,150.6869659423828,24.15961265563965,64.00688934326172,86.93402862548828,89.94131469726562,0.11980000138282776
2023-03-09,344.212890625,287.1148376464844,188.0394287109375,48.58792495727539,348.1340637207031,36.9815788269043,73.30029296875,35.749717712402344,148.43954467773438,23.415273666381836,64.22149658203125,86.96004486083984,90.16214752197266,0.10989999771118164
2023-03-10,339.2769470214844,283.0826721191406,184.87306213378906,48.17195510864258,341.249267578125,35.722084045410156,70.8709716796875,35.54978942871094,146.37936401367188,22.944692611694336,64.99060821533203,86.97740936279297,93.27149963378906,0.10989999771118164
2023-03-11,339.2769470214844,283.0826721191406,184.87306213378906,48.17195510864258,341.249267578125,35.722084045410156,70.8709716796875,35.54978942871094,146.37936401367188,22.944692611694336,64.99060821533203,86.97740936279297,93.27149963378906,0.10989999771118164
2023-03-12,339.2769470214844,283.0826721191406,184.87306213378906,48.17195510864258,341.249267578125,35.722084045410156,70.8709716796875,35.54978942871094,146.37936401367188,22.944692611694336,64.99060821533203,86.97740936279297,93.27149963378906,0.10989999771118164
2023-03-13,338.7030029296875,285.1821594238281,184.10775756835938,47.945884704589844,342.8380432128906,36.67414474487305,71.80061340332031,35.513450622558594,148.3212432861328,22.94569206237793,65.50933837890625,87.00341796875,93.48348236083984,0.09799999743700027
2023-03-14,344.32763671875,291.73553466796875,187.38890075683594,48.37090301513672,350.57598876953125,37.457611083984375,72.49344635009766,35.5316162109375,150.41098022460938,24.041715621948242,65.09795379638672,87.0207748413086,91.94648742675781,0.0908999964594841
2023-03-15,342.2041015625,293.2659606933594,185.9444122314453,47.11392593383789,350.44854736328125,37.755126953125,72.44082641601562,34.940940856933594,150.80528259277344,24.20656967163086,65.76869201660156,87.0554428100586,93.72200012207031,0.09480000287294388
2023-03-16,348.058349609375,300.9967041015625,189.1586456298828,47.792144775390625,360.0206604003906,38.91545486450195,72.282958984375,35.38622283935547,153.62442016601562,25.518407821655273,65.45568084716797,87.07278442382812,92.98883819580078,0.09480000287294388
2023-03-17,344.25115966796875,299.57415771484375,186.7192840576172,47.32191848754883,359.0398864746094,38.360084533691406,70.64295959472656,35.204471588134766,152.78656005859375,25.702245712280273,65.92967224121094,87.0814437866211,94.38449096679688,0.09799999743700027
2023-03-18,344.25115966796875,299.57415771484375,186.7192840576172,47.32191848754883,359.0398864746094,38.360084533691406,70.64295959472656,35.204471588134766,152.78656005859375,25.702245712280273,65.92967224121094,87.0814437866211,94.38449096679688,0.09799999743700027
2023-03-19,344.25115966796875,299.57415771484375,186.7192840576172,47.32191848754883,359.0398864746094,38.360084533691406,70.64295959472656,35.204471588134766,152.78656005859375,25.702245712280273,65.92967224121094,87.0814437866211,94.38449096679688,0.09799999743700027
2023-03-20,347.3600158691406,300.6372985839844,188.3455047607422,47.90290832519531,360.13836669921875,37.90388870239258,71.44979095458984,35.26631546020508,155.15228271484375,25.877090454101562,65.64349365234375,87.09014129638672,93.55416870117188,0.0949999988079071
2023-03-21,351.90374755859375,304.93115234375,191.0335693359375,48.47394561767578,364.1985778808594,40.00635528564453,71.13407897949219,35.63916015625,157.00543212890625,26.17582893371582,65.46463012695312,87.11614990234375,92.7503433227539,0.09700000286102295
2023-03-22,346.06866455078125,300.7846984863281,187.61849975585938,48.347049713134766,359.7754821777344,38.072479248046875,68.47676086425781,35.748294830322266,155.57611083984375,26.444589614868164,66.04591369628906,87.10746002197266,93.98699951171875,0.09700000286102295
2023-03-23,346.89129638671875,304.35137939453125,187.96038818359375,48.53739547729492,364.855712890625,37.487361907958984,68.04701232910156,36.1848030090332,156.660400390625,27.16695213317871,66.19795989990234,87.14214324951172,93.98699951171875,0.09700000286102295
2023-03-24,349.20330810546875,305.4715881347656,189.1417694091797,48.41049575805664,365.51611328125,37.417938232421875,69.79203796386719,36.1120491027832,157.96160888671875,26.75531578063965,66.33211517333984,87.17684173583984,94.38449096679688,0.09600000083446503
2023-03-25,349.20330810546875,305.4715881347656,189.1417694091797,48.41049575805664,365.51611328125,37.417938232421875,69.79203796386719,36.1120491027832,157.96160888671875,26.75531578063965,66.33211517333984,87.17684173583984,94.38449096679688,0.09600000083446503
2023-03-26,349.20330810546875,305.4715881347656,189.1417694091797,48.41049575805664,365.51611328125,37.417938232421875,69.79203796386719,36.1120491027832,157.96160888671875,26.75531578063965,66.33211517333984,87.17684173583984,94.38449096679688,0.09600000083446503
2023-03-27,349.7795715332031,303.378662109375,189.62197875976562,48.66428756713867,363.22625732421875,37.447689056396484,69.71231079101562,35.93927001953125,156.0197296142578,26.507532119750977,65.64349365234375,87.1595230102539,92.16731262207031,0.09700000286102295
2023-03-28,349.1648254394531,301.7672119140625,189.35304260253906,48.863685607910156,361.6636047363281,36.88240432739258,69.54402160644531,36.3666877746582,155.39871215820312,26.38664436340332,65.52723693847656,87.1855239868164,92.33515167236328,0.09799999743700027
2023-03-29,354.1306457519531,307.2696533203125,192.08074951171875,49.32595443725586,369.0540466308594,38.27082824707031,71.0853042602539,36.49399948120117,158.4741973876953,26.960134506225586,65.59877014160156,87.19419860839844,92.14965057373047,0.09799999743700027
2023-03-30,356.2437744140625,310.1780090332031,193.11801147460938,49.869789123535156,372.7789001464844,38.16173553466797,72.0154037475586,36.848655700683594,160.0414581298828,27.358779907226562,65.68817901611328,87.2115249633789,92.57364654541016,0.09600000083446503
2023-03-31,361.21923828125,315.3365173339844,196.02818298339844,50.04199981689453,378.8327941894531,40.00635528564453,73.55668640136719,36.739532470703125,162.54518127441406,27.752431869506836,66.0280532836914,87.22021484375,93.96048736572266,0.08980000019073486
2023-04-01,361.21923828125,315.3365173339844,196.02818298339844,50.04199981689453,378.8327941894531,40.00635528564453,73.55668640136719,36.739532470703125,162.54518127441406,27.752431869506836,66.0280532836914,87.22021484375,93.96048736572266,0.08980000019073486
2023-04-02,361.21923828125,315.3365173339844,196.02818298339844,50.04199981689453,378.8327941894531,40.00635528564453,73.55668640136719,36.739532470703125,162.54518127441406,27.752431869506836,66.0280532836914,87.22021484375,93.96048736572266,0.08980000019073486
2023-04-03,362.650390625,314.5701599121094,196.54685974121094,50.404563903808594,378.33160400390625,39.25263977050781,72.97206115722656,36.89412307739258,163.7970428466797,27.94026756286621,66.30864715576172,87.23065948486328,94.40240478515625,0.08900000154972076
2023-04-04,360.6044921875,313.50897216796875,195.2310333251953,50.37736892700195,375.93359375,39.044376373291016,72.87460327148438,36.930503845214844,163.26478576660156,27.428720474243164,66.57763671875,87.248046875,94.87177276611328,0.08969999849796295
2023-04-05,359.73046875,310.4139404296875,194.52029418945312,50.02387619018555,371.412841796875,37.65595626831055,72.48486328125,36.603118896484375,161.42147827148438,26.857227325439453,66.75692749023438,87.28285217285156,95.86359405517578,0.08209999650716782
2023-04-06,361.1039733886719,312.50677490234375,195.16380310058594,50.19609069824219,373.3390197753906,38.25099182128906,72.98091888427734,36.82137680053711,162.30862426757812,27.013086318969727,66.73902130126953,87.30897521972656,96.111572265625,0.12240000069141388
2023-04-07,361.1039733886719,312.50677490234375,195.16380310058594,50.19609069824219,373.3390197753906,38.25099182128906,72.98091888427734,36.82137680053711,162.30862426757812,27.013086318969727,66.73902130126953,87.30897521972656,96.111572265625,0.12240000069141388
2023-04-08,361.1039733886719,312.50677490234375,195.16380310058594,50.19609069824219,373.3390197753906,38.25099182128906,72.98091888427734,36.82137680053711,162.30862426757812,27.013086318969727,66.73902130126953,87.30897521972656,96.111572265625,0.12240000069141388
2023-04-09,361.1039733886719,312.50677490234375,195.16380310058594,50.19609069824219,373.3390197753906,38.25099182128906,72.98091888427734,36.82137680053711,162.30862426757812,27.013086318969727,66.73902130126953,87.30897521972656,96.111572265625,0.12240000069141388
2023-04-10,361.49774169921875,312.329833984375,195.6055908203125,50.23234558105469,373.1228332519531,38.21132278442383,73.31752014160156,36.739532470703125,159.71617126464844,27.55460548400879,66.29072570800781,87.31767272949219,94.56179809570312,0.12189999967813492
2023-04-11,361.54583740234375,310.32537841796875,195.8073272705078,50.45893859863281,370.3514099121094,38.4493408203125,73.62755584716797,37.012351989746094,158.5037078857422,27.144969940185547,66.3176040649414,87.31767272949219,94.75666046142578,0.0989999994635582
2023-04-12,360.1050720214844,307.5840759277344,194.98130798339844,50.59490966796875,368.13031005859375,37.33860397338867,73.27322387695312,36.73043441772461,157.81375122070312,26.47156524658203,66.38935089111328,87.33509826660156,94.65919494628906,0.11900000274181366
2023-04-13,364.77313232421875,313.6072692871094,197.5168914794922,51.256568908691406,375.2554626464844,38.83611297607422,73.05177307128906,37.176048278808594,163.19578552246094,26.439590454101562,66.35347747802734,87.38729095458984,93.91534423828125,0.11500000208616257
2023-04-14,364.02392578125,313.0177001953125,196.96945190429688,51.04810333251953,373.82061767578125,38.469173431396484,71.91795349121094,36.97597885131836,162.8507843017578,26.734333038330078,66.05762481689453,87.39601135253906,93.05632781982422,0.11860000342130661
2023-04-15,364.02392578125,313.0177001953125,196.96945190429688,51.04810333251953,373.82061767578125,38.469173431396484,71.91795349121094,36.97597885131836,162.8507843017578,26.734333038330078,66.05762481689453,87.39601135253906,93.05632781982422,0.11860000342130661
2023-04-16,364.02392578125,313.0177001953125,196.96945190429688,51.04810333251953,373.82061767578125,38.469173431396484,71.91795349121094,36.97597885131836,162.8507843017578,26.734333038330078,66.05762481689453,87.39601135253906,93.05632781982422,0.11860000342130661
2023-04-17,365.26300048828125,313.28302001953125,197.75701904296875,51.04810333251953,375.17681884765625,38.64768600463867,73.41494750976562,37.176048278808594,162.87046813964844,26.97811508178711,65.69898986816406,87.39601135253906,91.94935607910156,0.11900000274181366
2023-04-18,365.5127868652344,313.3026123046875,197.85304260253906,51.21125793457031,376.23822021484375,38.56834411621094,73.24665069580078,37.103294372558594,164.0927734375,27.642532348632812,65.79759979248047,87.41339874267578,92.27700805664062,0.11500000208616257
2023-04-19,365.4935607910156,313.1552429199219,197.9490966796875,50.903079986572266,375.4520568847656,38.53859329223633,73.6806869506836,36.72134780883789,165.23619079589844,27.906293869018555,65.70797729492188,87.43949890136719,92.1884536743164,0.12080000340938568
2023-04-20,363.4284362792969,310.76763916015625,196.71975708007812,50.894020080566406,372.7592468261719,37.080753326416016,72.95433044433594,36.67588424682617,164.2701873779297,27.08002471923828,65.99486541748047,87.4743423461914,92.97660827636719,0.12049999833106995
2023-04-21,363.6397705078125,311.0918884277344,196.8926239013672,50.903079986572266,371.6585693359375,37.31876754760742,72.96320343017578,36.3303108215332,162.66348266601562,27.095014572143555,65.87831115722656,87.48301696777344,92.45413970947266,0.09700000286102295
2023-04-22,363.6397705078125,311.0918884277344,196.8926239013672,50.903079986572266,371.6585693359375,37.31876754760742,72.96320343017578,36.3303108215332,162.66348266601562,27.095014572143555,65.87831115722656,87.48301696777344,92.45413970947266,0.09700000286102295
2023-04-23,363.6397705078125,311.0918884277344,196.8926239013672,50.903079986572266,371.6585693359375,37.31876754760742,72.96320343017578,36.3303108215332,162.66348266601562,27.095014572143555,65.87831115722656,87.48301696777344,92.45413970947266,0.09700000286102295
2023-04-24,364.1200256347656,310.443359375,196.96945190429688,50.975589752197266,370.0467224121094,36.812984466552734,72.6885986328125,36.28483581542969,162.96905517578125,27.018083572387695,66.13832092285156,87.49173736572266,93.34857177734375,0.11900000274181366
2023-04-25,358.3665771484375,304.5871887207031,193.6846923828125,50.16889572143555,362.0566711425781,35.61299514770508,71.97110748291016,35.666446685791016,161.43133544921875,26.217790603637695,66.56866455078125,87.49173736572266,94.72119903564453,0.11800000071525574
2023-04-26,356.77203369140625,306.4344177246094,192.8107147216797,50.23234558105469,366.8723449707031,34.92870330810547,71.28018188476562,35.911983489990234,161.42147827148438,26.93215560913086,66.33554077148438,87.49173736572266,93.71163940429688,0.11800000071525574
2023-04-27,363.85107421875,314.7666931152344,196.4315948486328,50.87588882446289,373.82061767578125,35.40473175048828,72.89234161376953,36.37577438354492,166.00506591796875,27.201923370361328,66.04866027832031,87.51783752441406,92.78179931640625,0.10999999940395355
2023-04-28,366.9630432128906,316.9381408691406,198.1411895751953,50.984649658203125,377.7419128417969,35.62290954589844,73.7869873046875,36.59403610229492,167.25692749023438,27.724456787109375,66.41622161865234,87.51783752441406,94.27840423583984,0.10000000149011612
2023-04-29,366.9630432128906,316.9381408691406,198.1411895751953,50.984649658203125,377.7419128417969,35.62290954589844,73.7869873046875,36.59403610229492,167.25692749023438,27.724456787109375,66.41622161865234,87.51783752441406,94.27840423583984,0.10000000149011612
2023-04-30,366.9630432128906,316.9381408691406,198.1411895751953,50.984649658203125,377.7419128417969,35.62290954589844,73.7869873046875,36.59403610229492,167.25692749023438,27.724456787109375,66.41622161865234,87.51783752441406,94.27840423583984,0.10000000149011612
2023-05-01,366.71337890625,316.5746154785156,198.04515075683594,50.88494873046875,378.135009765625,35.444400787353516,73.23779296875,36.47581100463867,167.16819763183594,28.884429931640625,65.73321533203125,87.5283432006836,91.5599365234375,0.10700000077486038
2023-05-02,362.6023864746094,313.8136291503906,195.6248321533203,50.35017395019531,373.8992614746094,34.61134719848633,71.99767303466797,36.0938606262207,166.1331787109375,28.185047149658203,66.3802719116211,87.54580688476562,93.84161376953125,0.10700000077486038
2023-05-03,360.0762634277344,311.7599792480469,194.48187255859375,50.41361999511719,371.2555236816406,34.472503662109375,71.71422576904297,36.08476638793945,165.0587615966797,27.77741050720215,66.6589126586914,87.54580688476562,94.36543273925781,0.10679999738931656
2023-05-04,357.4444580078125,310.6595458984375,193.0315704345703,50.50426483154297,369.7518615722656,35.444400787353516,72.3077163696289,36.39396286010742,163.42247009277344,27.53762435913086,66.56904602050781,87.58948516845703,93.43321228027344,0.10700000077486038
2023-05-05,364.0047607421875,317.26239013671875,196.59487915039062,51.229373931884766,379.5305480957031,37.080753326416016,73.51238250732422,36.784996032714844,171.0913848876953,28.654632568359375,66.32637023925781,87.59823608398438,93.12251281738281,0.09690000116825104
2023-05-06,364.0047607421875,317.26239013671875,196.59487915039062,51.229373931884766,379.5305480957031,37.080753326416016,73.51238250732422,36.784996032714844,171.0913848876953,28.654632568359375,66.32637023925781,87.59823608398438,93.12251281738281,0.09690000116825104
2023-05-07,364.0047607421875,317.26239013671875,196.59487915039062,51.229373931884766,379.5305480957031,37.080753326416016,73.51238250732422,36.784996032714844,171.0913848876953,28.654632568359375,66.32637023925781,87.59823608398438,93.12251281738281,0.09690000116825104
2023-05-08,364.2063903808594,318.0484619140625,196.80618286132812,51.265628814697266,379.93359375,37.50719451904297,73.08721923828125,36.79409408569336,171.02236938476562,29.125213623046875,66.01179504394531,87.60694885253906,91.81739807128906,0.08969999849796295
2023-05-09,362.6312561035156,316.0342102050781,195.99940490722656,51.029972076416016,377.1719055175781,37.93363952636719,72.77719116210938,36.56674575805664,169.3170928955078,28.54572868347168,65.93992614746094,87.6156997680664,91.48894500732422,0.09799999743700027
2023-05-10,364.21600341796875,319.47314453125,196.86378479003906,50.99371337890625,381.2799072265625,38.469173431396484,73.4769515991211,36.575843811035156,171.08154296875,28.859455108642578,66.34435272216797,87.63317108154297,92.37674713134766,0.09799999743700027
2023-05-11,363.70697021484375,320.5147399902344,196.60447692871094,50.776180267333984,379.6681823730469,38.53859329223633,72.67088317871094,36.43034362792969,171.26881408691406,28.55272102355957,66.56002044677734,87.68560791015625,93.35332489013672,0.09880000352859497
2023-05-12,363.21710205078125,319.36517333984375,196.1434326171875,50.549583435058594,378.911376953125,37.36835479736328,72.66201782226562,36.02111053466797,170.3409423828125,28.31493377685547,66.20953369140625,87.70305633544922,92.57205963134766,0.10000000149011612
2023-05-13,363.21710205078125,319.36517333984375,196.1434326171875,50.549583435058594,378.911376953125,37.36835479736328,72.66201782226562,36.02111053466797,170.3409423828125,28.31493377685547,66.20953369140625,87.70305633544922,92.57205963134766,0.10000000149011612
2023-05-14,363.21710205078125,319.36517333984375,196.1434326171875,50.549583435058594,378.911376953125,37.36835479736328,72.66201782226562,36.02111053466797,170.3409423828125,28.31493377685547,66.20953369140625,87.70305633544922,92.57205963134766,0.10000000149011612
2023-05-15,364.475341796875,321.094482421875,196.97906494140625,51.08435821533203,382.10546875,38.25099182128906,72.53801727294922,36.648590087890625,169.847412109375,28.927391052246094,66.03878021240234,87.69435119628906,91.61323547363281,0.10000000149011612
2023-05-16,362.06451416015625,321.4579772949219,195.4519500732422,50.603973388671875,381.84991455078125,37.3088493347168,70.72212219238281,36.39396286010742,169.847412109375,29.187162399291992,65.87700653076172,87.72054290771484,91.3379898071289,0.10000000149011612
2023-05-17,366.38677978515625,325.3489685058594,197.9875030517578,50.866817474365234,387.4420166015625,38.26091384887695,71.67877960205078,36.521278381347656,170.45941162109375,30.151308059692383,65.76017761230469,87.7292709350586,91.0716552734375,0.08900000154972076
2023-05-18,369.9694519042969,331.39178466796875,199.95648193359375,50.703670501708984,395.0487060546875,38.796443939208984,71.33334350585938,36.29392623901367,172.78890991210938,31.649980545043945,65.49054718017578,87.75547790527344,90.39691162109375,0.07970000058412552
2023-05-19,369.3835754394531,330.6450500488281,199.47621154785156,50.87588882446289,394.33123779296875,38.37991714477539,71.21817779541016,36.27573776245117,172.89752197265625,31.236345291137695,65.310791015625,87.76422882080078,89.75768280029297,0.07970000058412552
2023-05-20,369.3835754394531,330.6450500488281,199.47621154785156,50.87588882446289,394.33123779296875,38.37991714477539,71.21817779541016,36.27573776245117,172.89752197265625,31.236345291137695,65.310791015625,87.76422882080078,89.75768280029297,0.07970000058412552
2023-05-21,369.3835754394531,330.6450500488281,199.47621154785156,50.87588882446289,394.33123779296875,38.37991714477539,71.21817779541016,36.27573776245117,172.89752197265625,31.236345291137695,65.310791015625,87.76422882080078,89.75768280029297,0.07970000058412552
2023-05-22,369.5853271484375,331.7553405761719,199.82199096679688,51.029972076416016,395.343505859375,40.24436950683594,71.6522216796875,36.51219177246094,171.9499053955078,31.148426055908203,65.29281616210938,87.77295684814453,89.43806457519531,0.0778999999165535
2023-05-23,365.45513916015625,327.5499267578125,197.70899963378906,50.286739349365234,389.3191223144531,39.371646881103516,70.97900390625,35.96654510498047,169.34397888183594,30.660858154296875,65.33777618408203,87.7904281616211,89.69554901123047,0.07890000194311142
2023-05-24,362.71759033203125,325.8697204589844,196.18186950683594,49.68851089477539,386.9112854003906,39.13363265991211,69.45543670654297,35.711917877197266,169.62039184570312,30.510990142822266,65.15802001953125,87.7904281616211,89.25162506103516,0.07490000128746033
2023-05-25,365.87774658203125,333.7991027832031,197.5168914794922,49.56161880493164,400.6898498535156,38.062564849853516,69.44657897949219,35.64826202392578,170.75552368164062,37.94640350341797,64.9153823852539,87.84286499023438,89.02967834472656,0.07800000160932541
2023-05-26,370.6321716308594,342.3277282714844,200.1197052001953,50.14170837402344,411.3235168457031,38.776607513427734,70.24380493164062,36.23936080932617,173.16400146484375,38.91154861450195,64.9962387084961,87.86905670166016,89.74880981445312,0.07890000194311142
2023-05-27,370.6321716308594,342.3277282714844,200.1197052001953,50.14170837402344,411.3235168457031,38.776607513427734,70.24380493164062,36.23936080932617,173.16400146484375,38.91154861450195,64.9962387084961,87.86905670166016,89.74880981445312,0.07890000194311142
2023-05-28,370.6321716308594,342.3277282714844,200.1197052001953,50.14170837402344,411.3235168457031,38.776607513427734,70.24380493164062,36.23936080932617,173.16400146484375,38.91154861450195,64.9962387084961,87.86905670166016,89.74880981445312,0.07890000194311142
2023-05-29,370.6321716308594,342.3277282714844,200.1197052001953,50.14170837402344,411.3235168457031,38.776607513427734,70.24380493164062,36.23936080932617,173.16400146484375,38.91154861450195,64.9962387084961,87.86905670166016,89.74880981445312,0.07890000194311142
2023-05-30,370.7474670410156,343.8802795410156,200.18695068359375,49.67037582397461,413.4758605957031,39.48073959350586,70.50953674316406,35.766483306884766,175.00985717773438,40.07552719116211,65.42765808105469,87.88654327392578,90.64550018310547,0.0697999969124794
2023-05-31,368.73040771484375,341.9248962402344,198.98638916015625,49.19905471801758,409.7019958496094,40.155113220214844,70.86384582519531,35.5118522644043,174.96047973632812,37.80052947998047,65.64334106445312,87.88654327392578,91.43565368652344,0.0778999999165535
2023-06-01,372.26513671875,345.8748779296875,200.97454833984375,49.96949768066406,413.92791748046875,40.76998519897461,70.87271118164062,36.12114334106445,177.76380920410156,39.73482894897461,65.82083129882812,87.94973754882812,91.79439544677734,0.050999999046325684
2023-06-02,377.7304382324219,348.4688720703125,204.29771423339844,50.703670501708984,416.79766845703125,41.27576446533203,72.60002136230469,36.69406509399414,178.61268615722656,39.292213439941406,65.45140838623047,87.94973754882812,90.78850555419922,0.05999999865889549
2023-06-03,377.7304382324219,348.4688720703125,204.29771423339844,50.703670501708984,416.79766845703125,41.27576446533203,72.60002136230469,36.69406509399414,178.61268615722656,39.292213439941406,65.45140838623047,87.94973754882812,90.78850555419922,0.05999999865889549
2023-06-04,377.7304382324219,348.4688720703125,204.29771423339844,50.703670501708984,416.79766845703125,41.27576446533203,72.60002136230469,36.69406509399414,178.61268615722656,39.292213439941406,65.45140838623047,87.94973754882812,90.78850555419922,0.05999999865889549
2023-06-05,377.0004577636719,348.7145080566406,203.7598114013672,50.477073669433594,414.5667419433594,41.712127685546875,72.09510803222656,36.657691955566406,177.26040649414062,39.1363525390625,65.46040344238281,87.96725463867188,90.6193618774414,0.05999999865889549
2023-06-06,377.7784423828125,348.6556091308594,204.69146728515625,50.903079986572266,415.2546691894531,42.32699966430664,72.7860336303711,36.939598083496094,176.89520263671875,38.61981201171875,65.55052185058594,87.99358367919922,91.15348052978516,0.05999999865889549
2023-06-07,376.5393371582031,342.740478515625,204.28811645507812,50.522396087646484,409.072998046875,41.90055465698242,74.12358093261719,36.857757568359375,175.52316284179688,37.44572448730469,65.18109893798828,88.00235748291016,89.80040740966797,0.04399999976158142
2023-06-08,378.796630859375,346.9949951171875,205.24855041503906,50.96652603149414,413.1907958984375,42.32699966430664,73.66297912597656,37.057823181152344,178.2376251220703,38.479923248291016,65.5054931640625,88.03748321533203,90.8508071899414,0.05990000069141388
2023-06-09,379.4305114746094,348.32147216796875,205.46946716308594,51.00278854370117,414.9106750488281,42.15840530395508,73.23779296875,37.15785598754883,178.62255859375,38.73971176147461,65.3703384399414,88.04623413085938,90.72618103027344,0.05999999865889549
2023-06-10,379.4305114746094,348.32147216796875,205.46946716308594,51.00278854370117,414.9106750488281,42.15840530395508,73.23779296875,37.15785598754883,178.62255859375,38.73971176147461,65.3703384399414,88.04623413085938,90.72618103027344,0.05999999865889549
2023-06-11,379.4305114746094,348.32147216796875,205.46946716308594,51.00278854370117,414.9106750488281,42.15840530395508,73.23779296875,37.15785598754883,178.62255859375,38.73971176147461,65.3703384399414,88.04623413085938,90.72618103027344,0.05999999865889549
2023-06-12,382.91717529296875,354.20709228515625,207.3135223388672,51.18405532836914,423.5690002441406,42.922035217285156,73.25550079345703,37.24879455566406,181.416015625,39.45115661621094,65.5054931640625,88.06380462646484,90.99324035644531,0.05999999865889549
2023-06-13,385.4433288574219,356.9288024902344,208.8406219482422,51.66444778442383,426.6156311035156,43.923683166503906,73.72499084472656,37.5579833984375,180.94223022460938,40.989959716796875,65.2171401977539,88.07257843017578,90.09414672851562,0.05999999865889549
2023-06-14,385.7411193847656,359.52276611328125,208.8406219482422,51.8729248046875,430.1438293457031,43.705501556396484,73.99958801269531,37.91265106201172,181.57394409179688,42.963417053222656,65.27120208740234,88.09011840820312,90.815185546875,0.05779999867081642
2023-06-15,390.6876525878906,363.80682373046875,211.3858184814453,52.353302001953125,435.7554931640625,44.17161560058594,74.38934326171875,38.27640914916992,183.6073455810547,42.619686126708984,65.67666625976562,88.13400268554688,91.68756866455078,0.07779999822378159
2023-06-16,389.24700927734375,361.51739501953125,210.58863830566406,52.22640609741211,431.9914245605469,43.943519592285156,74.336181640625,38.139991760253906,182.5314178466797,42.658653259277344,65.53251647949219,88.13400268554688,91.33150482177734,0.07779999822378159
2023-06-17,389.24700927734375,361.51739501953125,210.58863830566406,52.22640609741211,431.9914245605469,43.943519592285156,74.336181640625,38.139991760253906,182.5314178466797,42.658653259277344,65.53251647949219,88.13400268554688,91.33150482177734,0.07779999822378159
2023-06-18,389.24700927734375,361.51739501953125,210.58863830566406,52.22640609741211,431.9914245605469,43.943519592285156,74.336181640625,38.139991760253906,182.5314178466797,42.658653259277344,65.53251647949219,88.13400268554688,91.33150482177734,0.07779999822378159
2023-06-19,389.24700927734375,361.51739501953125,210.58863830566406,52.22640609741211,431.9914245605469,43.943519592285156,74.336181640625,38.139991760253906,182.5314178466797,42.658653259277344,65.53251647949219,88.13400268554688,91.33150482177734,0.07779999822378159
2023-06-20,387.4507751464844,360.9998779296875,209.55136108398438,51.464111328125,429.47552490234375,43.89392852783203,73.4592514038086,37.46064758300781,182.62022399902344,43.77377700805664,65.62260437011719,88.16032409667969,91.9635238647461,0.0989999994635582
2023-06-21,385.3280334472656,356.0802001953125,208.39881896972656,51.50992965698242,422.8908996582031,42.30716323852539,73.01632690429688,37.39664840698242,181.58387756347656,43.01137924194336,65.73074340820312,88.16910552978516,92.1860580444336,0.09679999947547913
2023-06-22,386.7303771972656,360.2816467285156,208.9558563232422,51.23505783081055,426.3699951171875,42.317081451416016,71.97110748291016,37.232059478759766,184.58456420898438,42.991390228271484,65.41537475585938,88.20418548583984,91.07334899902344,0.08969999849796295
2023-06-23,383.82965087890625,356.7099914550781,207.22723388671875,50.43794631958008,421.41668701171875,41.791465759277344,70.97900390625,36.71088790893555,184.26870727539062,42.176025390625,65.60459899902344,88.22176361083984,91.98131561279297,0.08969999849796295
2023-06-24,383.82965087890625,356.7099914550781,207.22723388671875,50.43794631958008,421.41668701171875,41.791465759277344,70.97900390625,36.71088790893555,184.26870727539062,42.176025390625,65.60459899902344,88.22176361083984,91.98131561279297,0.08969999849796295
2023-06-25,383.82965087890625,356.7099914550781,207.22723388671875,50.43794631958008,421.41668701171875,41.791465759277344,70.97900390625,36.71088790893555,184.26870727539062,42.176025390625,65.60459899902344,88.22176361083984,91.98131561279297,0.08969999849796295
2023-06-26,382.2447814941406,351.9281311035156,206.50413513183594,50.56622314453125,417.9967041015625,41.55345153808594,72.61773681640625,36.82974624633789,182.87689208984375,40.60026550292969,65.6856689453125,88.23052215576172,92.07923126220703,0.06780000030994415
2023-06-27,386.480712890625,357.979248046875,209.02047729492188,50.99684143066406,426.4485778808594,42.96170425415039,73.51238250732422,37.17719268798828,185.630859375,41.84328842163086,65.55953979492188,88.2392807006836,91.83888244628906,0.06989999860525131
2023-06-28,386.653564453125,358.67779541015625,209.1940155029297,50.941871643066406,427.54931640625,43.81459426879883,73.61868286132812,37.03090286254883,186.8054962158203,41.08488845825195,65.76676177978516,88.26564025878906,92.23057556152344,0.07909999787807465
2023-06-29,388.13470458984375,357.9595947265625,210.19667053222656,50.850250244140625,428.4705505371094,43.427818298339844,74.44102478027344,36.87546920776367,187.14109802246094,40.79011154174805,65.27120208740234,88.30072021484375,90.5659408569336,0.07490000128746033
2023-06-30,392.734375,363.4793395996094,212.37557983398438,51.38165283203125,435.22296142578125,43.774925231933594,74.85308837890625,37.19548797607422,191.4645538330078,42.26895523071289,65.49649047851562,88.30072021484375,91.6341552734375,0.07850000262260437
2023-07-01,392.734375,363.4793395996094,212.37557983398438,51.38165283203125,435.22296142578125,43.774925231933594,74.85308837890625,37.19548797607422,191.4645538330078,42.26895523071289,65.49649047851562,88.30072021484375,91.6341552734375,0.07850000262260437
2023-07-02,392.734375,363.4793395996094,212.37557983398438,51.38165283203125,435.22296142578125,43.774925231933594,74.85308837890625,37.19548797607422,191.4645538330078,42.26895523071289,65.49649047851562,88.30072021484375,91.6341552734375,0.07850000262260437
2023-07-03,393.4864807128906,364.33538818359375,213.01193237304688,51.59238815307617,434.4847412109375,44.74681854248047,75.58765411376953,37.56122589111328,189.97406005859375,42.37986755371094,65.31039428710938,88.34213256835938,91.11468505859375,0.07850000262260437
2023-07-04,393.4864807128906,364.33538818359375,213.01193237304688,51.59238815307617,434.4847412109375,44.74681854248047,75.58765411376953,37.56122589111328,189.97406005859375,42.37986755371094,65.31039428710938,88.34213256835938,91.11468505859375,0.07850000262260437
2023-07-05,392.6089782714844,364.3254699707031,212.365966796875,51.09762954711914,431.7877197265625,44.58814239501953,75.75785827636719,37.378353118896484,188.85861206054688,42.28395462036133,65.03936767578125,88.3509292602539,90.24887084960938,0.06800000369548798
2023-07-06,389.4075622558594,361.55084228515625,210.4762725830078,50.18141174316406,430.1144104003906,42.88236999511719,75.17558288574219,36.665164947509766,189.33242797851562,42.07011795043945,64.62385559082031,88.38618469238281,88.97248840332031,0.0778999999165535
2023-07-07,388.5011901855469,360.3504333496094,210.21595764160156,50.6670036315918,428.6477966308594,43.368316650390625,75.0053939819336,37.10405349731445,188.21701049804688,42.46979904174805,64.58772277832031,88.3949966430664,88.43695831298828,0.0778999999165535
2023-07-08,388.5011901855469,360.3504333496094,210.21595764160156,50.6670036315918,428.6477966308594,43.368316650390625,75.0053939819336,37.10405349731445,188.21701049804688,42.46979904174805,64.58772277832031,88.3949966430664,88.43695831298828,0.0778999999165535
2023-07-09,388.5011901855469,360.3504333496094,210.21595764160156,50.6670036315918,428.6477966308594,43.368316650390625,75.0053939819336,37.10405349731445,188.21701049804688,42.46979904174805,64.58772277832031,88.3949966430664,88.43695831298828,0.0778999999165535
2023-07-10,389.5425720214844,360.46856689453125,211.1318817138672,50.74946212768555,430.370361328125,44.9947509765625,75.327880859375,37.11319351196289,186.17379760742188,42.14705276489258,64.8135757446289,88.40380859375,88.5529556274414,0.04100000113248825
2023-07-11,392.0401306152344,362.2494812011719,212.7901611328125,51.244224548339844,431.99444580078125,46.66085433959961,76.40283203125,37.442352294921875,185.65061950683594,42.371883392333984,64.94905090332031,88.4126205444336,89.00819396972656,0.03550000116229057
2023-07-12,395.125732421875,366.8246765136719,214.41949462890625,52.19710159301758,436.5124816894531,47.08729934692383,76.81491088867188,38.155548095703125,187.31875610351562,43.867698669433594,65.46395111083984,88.43025970458984,89.99895477294922,0.04699999839067459
2023-07-13,398.34649658203125,373.0528564453125,216.23207092285156,52.939231872558594,443.01873779296875,49.21951675415039,77.30760192871094,38.57613754272461,188.0788116455078,45.94109344482422,65.86143493652344,88.46549224853516,90.94511413574219,0.03999999910593033
2023-07-14,398.0282897949219,372.97418212890625,215.91387939453125,52.64604568481445,441.4339904785156,48.16828536987305,77.15531158447266,38.338417053222656,188.22691345214844,45.43349075317383,65.55426025390625,88.47428131103516,90.40953063964844,0.042500000447034836
2023-07-15,398.0282897949219,372.97418212890625,215.91387939453125,52.64604568481445,441.4339904785156,48.16828536987305,77.15531158447266,38.338417053222656,188.22691345214844,45.43349075317383,65.55426025390625,88.47428131103516,90.40953063964844,0.042500000447034836
2023-07-16,398.0282897949219,372.97418212890625,215.91387939453125,52.64604568481445,441.4339904785156,48.16828536987305,77.15531158447266,38.338417053222656,188.22691345214844,45.43349075317383,65.55426025390625,88.47428131103516,90.40953063964844,0.042500000447034836
2023-07-17,399.4168395996094,376.4571838378906,216.73341369628906,52.67353057861328,447.3102722167969,49.26910400390625,76.6536636352539,38.38412857055664,191.4842529296875,46.424705505371094,65.62652587890625,88.4919204711914,90.45416259765625,0.042500000447034836
2023-07-18,402.4447937011719,379.5368957519531,218.4591827392578,52.82927703857422,452.36968994140625,49.44761657714844,76.23262023925781,38.10982894897461,191.22764587402344,47.45690155029297,65.70784759521484,88.500732421875,90.86474609375,0.03999999910593033
2023-07-19,403.3125915527344,379.4482727050781,219.02798461914062,52.80180740356445,451.1786804199219,50.231082916259766,77.09260559082031,38.05496597290039,192.57997131347656,47.040225982666016,65.86143493652344,88.5183334350586,91.89122009277344,0.03999999910593033
2023-07-20,400.6800537109375,370.7013244628906,217.44683837890625,52.49943923950195,441.6308898925781,47.36498260498047,76.84178924560547,37.81723403930664,190.63539123535156,45.48445129394531,65.55426025390625,88.5535888671875,90.77550506591797,0.03889999911189079
2023-07-21,400.7283020019531,369.5894775390625,217.4275665283203,52.5818977355957,440.8729248046875,47.53357696533203,77.2000961303711,37.7989501953125,189.46075439453125,44.27439498901367,65.5994644165039,88.56240844726562,90.80229187011719,0.023000000044703484
2023-07-22,400.7283020019531,369.5894775390625,217.4275665283203,52.5818977355957,440.8729248046875,47.53357696533203,77.2000961303711,37.7989501953125,189.46075439453125,44.27439498901367,65.5994644165039,88.56240844726562,90.80229187011719,0.023000000044703484
2023-07-23,400.7283020019531,369.5894775390625,217.4275665283203,52.5818977355957,440.8729248046875,47.53357696533203,77.2000961303711,37.7989501953125,189.46075439453125,44.27439498901367,65.5994644165039,88.56240844726562,90.80229187011719,0.023000000044703484
2023-07-24,402.4254150390625,370.1798095703125,218.19888305664062,52.69184875488281,441.37493896484375,47.017879486083984,77.83611297607422,38.301841735839844,190.26028442382812,44.577152252197266,65.49104309082031,88.58002471923828,90.47201538085938,0.037700001150369644
2023-07-25,403.61151123046875,372.6888427734375,218.74839782714844,52.8934211730957,446.3949890136719,46.87903594970703,77.28070831298828,38.594425201416016,191.11903381347656,45.64331817626953,65.41879272460938,88.58885955810547,90.30243682861328,0.037700001150369644
2023-07-26,403.70794677734375,371.4491271972656,218.91229248046875,53.067501068115234,441.25677490234375,47.880680084228516,77.63008117675781,38.832157135009766,191.9876708984375,45.416500091552734,65.63558197021484,88.60647583007812,90.39167785644531,0.03790000081062317
2023-07-27,400.9693908691406,370.5635986328125,217.22508239746094,52.72850036621094,439.2290954589844,46.48234558105469,75.94598388671875,38.40242004394531,190.72422790527344,45.86414337158203,65.07551574707031,88.64170837402344,88.63331604003906,0.038600001484155655
2023-07-28,404.87469482421875,377.313232421875,219.4907684326172,53.37901306152344,445.4696350097656,49.03108596801758,75.88327026367188,39.33504867553711,193.30052185058594,46.71348190307617,65.30135345458984,88.65933227539062,89.08853912353516,0.05869999900460243
2023-07-29,404.87469482421875,377.313232421875,219.4907684326172,53.37901306152344,445.4696350097656,49.03108596801758,75.88327026367188,39.33504867553711,193.30052185058594,46.71348190307617,65.30135345458984,88.65933227539062,89.08853912353516,0.05869999900460243
2023-07-30,404.87469482421875,377.313232421875,219.4907684326172,53.37901306152344,445.4696350097656,49.03108596801758,75.88327026367188,39.33504867553711,193.30052185058594,46.71348190307617,65.30135345458984,88.65933227539062,89.08853912353516,0.05869999900460243
2023-07-31,405.6557922363281,377.51007080078125,220.15602111816406,53.37901306152344,447.67449951171875,50.032737731933594,76.3759765625,39.38076400756836,193.9124755859375,46.69249725341797,65.41879272460938,88.65933227539062,89.30274200439453,0.05869999900460243
2023-08-01,404.4022216796875,376.63433837890625,219.55825805664062,52.746822357177734,447.9107360839844,49.04100799560547,76.25055694580078,38.832157135009766,193.0833282470703,46.47066879272461,65.01390838623047,88.67881774902344,87.83934783935547,0.05770000070333481
2023-08-02,398.7997131347656,368.3694152832031,216.4441680908203,51.72065734863281,435.99078369140625,46.3038330078125,75.81160736083984,37.99095916748047,190.09246826171875,44.23442459106445,64.80558776855469,88.70536804199219,86.8995361328125,0.05770000070333481
2023-08-03,397.67144775390625,367.77911376953125,215.8175048828125,51.656524658203125,434.2682189941406,45.80796813964844,74.98747253417969,38.155548095703125,188.70068359375,44.48023223876953,64.40707397460938,88.73190307617188,84.8946533203125,0.04690000042319298
2023-08-04,395.7236633300781,366.05718994140625,214.90158081054688,51.79396057128906,428.59857177734375,45.004669189453125,74.37832641601562,38.201263427734375,179.63929748535156,44.645103454589844,64.94143676757812,88.74960327148438,86.39833068847656,0.04129999876022339
2023-08-05,395.7236633300781,366.05718994140625,214.90158081054688,51.79396057128906,428.59857177734375,45.004669189453125,74.37832641601562,38.201263427734375,179.63929748535156,44.645103454589844,64.94143676757812,88.74960327148438,86.39833068847656,0.04129999876022339
2023-08-06,395.7236633300781,366.05718994140625,214.90158081054688,51.79396057128906,428.59857177734375,45.004669189453125,74.37832641601562,38.201263427734375,179.63929748535156,44.645103454589844,64.94143676757812,88.74960327148438,86.39833068847656,0.04129999876022339
2023-08-07,399.2914733886719,369.15655517578125,216.5502166748047,52.07798385620117,429.317138671875,44.776573181152344,75.30994415283203,38.13725280761719,176.5398406982422,45.38152313232422,64.84180450439453,88.75846099853516,85.54804992675781,0.0364999994635582
2023-08-08,397.5654602050781,366.0178527832031,215.5475616455078,51.64735412597656,425.32086181640625,44.53855514526367,74.82622528076172,37.74408721923828,177.47755432128906,44.62911605834961,65.07732391357422,88.76730346679688,86.54154968261719,0.0364999994635582
2023-08-09,394.92327880859375,361.9936828613281,214.00497436523438,51.693172454833984,419.36572265625,42.93195724487305,74.81726837158203,37.8080940246582,175.8883819580078,42.52075958251953,65.09540557861328,88.79386138916016,86.98905944824219,0.03720000013709068
2023-08-10,395.15472412109375,362.66265869140625,214.04348754882812,51.830604553222656,419.7594909667969,42.62451934814453,74.53060913085938,37.88124084472656,175.6711883544922,42.354896545410156,64.7331314086914,88.82040405273438,85.55699157714844,0.06629999727010727
2023-08-11,394.7882995605469,360.3504333496094,213.841064453125,51.427467346191406,417.0033874511719,42.396419525146484,74.64706420898438,37.332637786865234,175.73049926757812,40.823089599609375,64.5248031616211,88.82929229736328,85.36009216308594,0.05790000036358833
2023-08-12,394.7882995605469,360.3504333496094,213.841064453125,51.427467346191406,417.0033874511719,42.396419525146484,74.64706420898438,37.332637786865234,175.73049926757812,40.823089599609375,64.5248031616211,88.82929229736328,85.36009216308594,0.05790000036358833
2023-08-13,394.7882995605469,360.3504333496094,213.841064453125,51.427467346191406,417.0033874511719,42.396419525146484,74.64706420898438,37.332637786865234,175.73049926757812,40.823089599609375,64.5248031616211,88.82929229736328,85.36009216308594,0.05790000036358833
2023-08-14,397.01580810546875,364.3944091796875,214.90158081054688,51.19840621948242,423.1552429199219,42.56501388549805,74.15438079833984,37.15890884399414,177.38119506835938,43.71883010864258,64.44330596923828,88.8558120727539,85.1720962524414,0.058400001376867294
2023-08-15,392.46435546875,360.5275573730469,212.46237182617188,50.56622314453125,418.9720153808594,41.82121658325195,73.32128143310547,36.76573944091797,175.39443969726562,43.90568161010742,64.29837799072266,88.86466979980469,84.65298461914062,0.05790000036358833
2023-08-16,389.5619201660156,356.7099914550781,210.70767211914062,50.1722412109375,415.00518798828125,40.89891052246094,72.41653442382812,36.51886749267578,174.52464294433594,43.4520378112793,64.11724090576172,88.88237762451172,83.99066925048828,0.0575999990105629
2023-08-17,386.4085998535156,352.8136291503906,208.9818878173828,49.952362060546875,410.4675598144531,39.90718078613281,71.83424377441406,36.637733459472656,171.98440551757812,43.310142517089844,64.05384063720703,88.91775512695312,83.63265228271484,0.057999998331069946
2023-08-18,386.76544189453125,352.3708801269531,209.22293090820312,49.8698844909668,411.264892578125,40.046024322509766,72.05819702148438,36.40914535522461,172.46875,43.265174865722656,64.18970489501953,88.92662048339844,83.92801666259766,0.04989999905228615
2023-08-19,386.76544189453125,352.3708801269531,209.22293090820312,49.8698844909668,411.264892578125,40.046024322509766,72.05819702148438,36.40914535522461,172.46875,43.265174865722656,64.18970489501953,88.92662048339844,83.92801666259766,0.04989999905228615
2023-08-20,386.76544189453125,352.3708801269531,209.22293090820312,49.8698844909668,411.264892578125,40.046024322509766,72.05819702148438,36.40914535522461,172.46875,43.265174865722656,64.18970489501953,88.92662048339844,83.92801666259766,0.04989999905228615
2023-08-21,389.3208312988281,358.0481262207031,210.42808532714844,50.0164909362793,418.3420715332031,40.760066986083984,71.39530181884766,36.49143981933594,173.80308532714844,46.93031692504883,63.88176345825195,88.93547821044922,82.80921936035156,0.04859999939799309
2023-08-22,388.23114013671875,357.5364685058594,209.86888122558594,49.92486572265625,418.4995422363281,40.67081069946289,71.60133361816406,36.42743682861328,175.177001953125,45.632328033447266,63.963253021240234,88.94430541992188,83.4447021484375,0.046300001442432404
2023-08-23,392.4161376953125,363.1742248535156,212.16351318359375,50.52040100097656,426.098388671875,41.612953186035156,72.73005676269531,36.96690368652344,179.0219268798828,47.079200744628906,64.54293823242188,88.97086334228516,85.51224517822266,0.0430000014603138
2023-08-24,387.1993713378906,355.4111328125,209.31936645507812,49.96151351928711,416.2060852050781,40.13528060913086,72.45235443115234,36.811458587646484,174.33682250976562,47.126155853271484,64.38896179199219,89.00625610351562,84.94834899902344,0.042899999767541885
2023-08-25,389.7643737792969,358.1661682128906,210.74623107910156,50.22721862792969,420.3894348144531,40.63114547729492,72.506103515625,36.78403091430664,176.54103088378906,45.98206329345703,64.38896179199219,89.01510620117188,85.22583770751953,0.042899999767541885
2023-08-26,389.7643737792969,358.1661682128906,210.74623107910156,50.22721862792969,420.3894348144531,40.63114547729492,72.506103515625,36.78403091430664,176.54103088378906,45.98206329345703,64.38896179199219,89.01510620117188,85.22583770751953,0.042899999767541885
2023-08-27,389.7643737792969,358.1661682128906,210.74623107910156,50.22721862792969,420.3894348144531,40.63114547729492,72.506103515625,36.78403091430664,176.54103088378906,45.98206329345703,64.38896179199219,89.01510620117188,85.22583770751953,0.042899999767541885
2023-08-28,392.3293151855469,360.8620910644531,212.09600830078125,50.69449234008789,423.617919921875,40.740234375,73.18690490722656,37.14977264404297,178.10272216796875,46.79841995239258,64.5066909790039,89.03282165527344,85.3153305053711,0.042899999767541885
2023-08-29,397.9029846191406,368.7432861328125,215.18118286132812,51.34501266479492,432.1519470214844,42.95178985595703,74.0737533569336,37.64350891113281,181.98716735839844,48.74589157104492,64.90522766113281,89.050537109375,86.20140838623047,0.042899999767541885
2023-08-30,399.5615234375,370.79974365234375,216.13565063476562,51.32667922973633,435.7151794433594,43.24930953979492,74.34249114990234,37.5063591003418,185.47628784179688,49.22551727294922,64.87804412841797,89.050537109375,86.11190795898438,0.039000000804662704
2023-08-31,399.0503845214844,371.9115295410156,215.9042510986328,51.03349304199219,437.90032958984375,43.38814926147461,73.79605865478516,37.058326721191406,185.69369506835938,49.31645202636719,64.98675537109375,89.09476470947266,86.49676513671875,0.039000000804662704
2023-09-01,399.89898681640625,371.5179138183594,216.61770629882812,51.244224548339844,439.6622009277344,43.25922393798828,73.92145538330078,37.46064758300781,187.26528930664062,48.47110366821289,64.6742935180664,89.12230682373047,85.14930725097656,0.04190000146627426
2023-09-02,399.89898681640625,371.5179138183594,216.61770629882812,51.244224548339844,439.6622009277344,43.25922393798828,73.92145538330078,37.46064758300781,187.26528930664062,48.47110366821289,64.6742935180664,89.12230682373047,85.14930725097656,0.04190000146627426
2023-09-03,399.89898681640625,371.5179138183594,216.61770629882812,51.244224548339844,439.6622009277344,43.25922393798828,73.92145538330078,37.46064758300781,187.26528930664062,48.47110366821289,64.6742935180664,89.12230682373047,85.14930725097656,0.04190000146627426
2023-09-04,399.89898681640625,371.5179138183594,216.61770629882812,51.244224548339844,439.6622009277344,43.25922393798828,73.92145538330078,37.46064758300781,187.26528930664062,48.47110366821289,64.6742935180664,89.12230682373047,85.14930725097656,0.04190000146627426
2023-09-05,398.1536560058594,371.990234375,215.32579040527344,50.804443359375,440.41033935546875,43.64599609375,73.06149291992188,37.2411994934082,187.50253295898438,48.510074615478516,64.32011413574219,89.13121032714844,83.955322265625,0.03500000014901161
2023-09-06,395.4054260253906,368.7137756347656,213.97604370117188,50.63035583496094,435.3706359863281,43.8046760559082,72.90921020507812,37.067474365234375,180.7911834716797,47.02811050415039,64.24745178222656,89.14897918701172,84.16180419921875,0.032999999821186066
2023-09-07,394.22900390625,366.07684326171875,213.24331665039062,50.34633255004883,428.85455322265625,43.64599609375,73.36608123779297,36.68345642089844,175.50315856933594,46.208683013916016,64.46541595458984,89.19342803955078,84.39521026611328,0.03830000013113022
2023-09-08,394.76904296875,366.5885314941406,213.47467041015625,50.3188362121582,429.40570068359375,43.68000030517578,73.07941436767578,36.756595611572266,176.115966796875,45.540157318115234,64.48359680175781,89.20230102539062,84.71839141845703,0.032999999821186066
2023-09-09,394.76904296875,366.5885314941406,213.47467041015625,50.3188362121582,429.40570068359375,43.68000030517578,73.07941436767578,36.756595611572266,176.115966796875,45.540157318115234,64.48359680175781,89.20230102539062,84.71839141845703,0.032999999821186066
2023-09-10,394.76904296875,366.5885314941406,213.47467041015625,50.3188362121582,429.40570068359375,43.68000030517578,73.07941436767578,36.756595611572266,176.115966796875,45.540157318115234,64.48359680175781,89.20230102539062,84.71839141845703,0.032999999821186066
2023-09-11,397.3629150390625,370.9079284667969,214.81480407714844,50.88690185546875,431.4432067871094,44.599998474121094,73.08837127685547,37.17719268798828,177.28231811523438,45.14643859863281,64.38367462158203,89.21122741699219,84.10794067382812,0.037700001150369644
2023-09-12,395.2318420410156,366.7951965332031,213.77354431152344,50.67616653442383,423.88372802734375,44.0099983215332,73.05253601074219,37.07661819458008,174.2577667236328,44.83863830566406,64.42908477783203,89.2200698852539,84.59272003173828,0.03799999877810478
2023-09-13,395.6947021484375,368.1922912597656,213.802490234375,50.56622314453125,424.4545593261719,43.43000030517578,72.25527954101562,37.040042877197266,172.19198608398438,45.453216552734375,64.52899932861328,89.24677276611328,84.57476806640625,0.02710000053048134
2023-09-14,399.117919921875,371.2030944824219,215.63433837890625,51.125118255615234,427.42724609375,43.61000061035156,73.56315612792969,37.259490966796875,173.70425415039062,45.549156188964844,64.42002868652344,89.27342987060547,83.96431732177734,0.03500000014901161
2023-09-15,394.14227294921875,364.8469543457031,213.09866333007812,51.00600051879883,419.65118408203125,43.060001373291016,73.28543853759766,37.067474365234375,172.9827117919922,43.869319915771484,64.29286193847656,89.29120635986328,83.45259857177734,0.03779999911785126
2023-09-16,394.14227294921875,364.8469543457031,213.09866333007812,51.00600051879883,419.65118408203125,43.060001373291016,73.28543853759766,37.067474365234375,172.9827117919922,43.869319915771484,64.29286193847656,89.29120635986328,83.45259857177734,0.03779999911785126
2023-09-17,394.14227294921875,364.8469543457031,213.09866333007812,51.00600051879883,419.65118408203125,43.060001373291016,73.28543853759766,37.067474365234375,172.9827117919922,43.869319915771484,64.29286193847656,89.29120635986328,83.45259857177734,0.03779999911785126
2023-09-18,394.5761413574219,365.227294921875,213.1179656982422,50.826393127441406,421.35400390625,42.0099983215332,72.63150787353516,37.01032638549805,175.9084014892578,43.93527603149414,64.3564453125,89.3000717163086,83.92839050292969,0.035999998450279236
2023-09-19,393.7854309082031,364.4488830566406,212.57806396484375,50.78954315185547,420.60595703125,41.5099983215332,72.30005645751953,36.82596969604492,176.9956817626953,43.489593505859375,64.22018432617188,89.30897521972656,83.30897521972656,0.03500000014901161
2023-09-20,390.10186767578125,359.1969909667969,210.69802856445312,50.632965087890625,414.4146728515625,40.779998779296875,72.36277770996094,36.71535110473633,173.45713806152344,42.2094841003418,64.13845825195312,89.33563995361328,83.56930541992188,0.029999999329447746
2023-09-21,383.7086486816406,352.61492919921875,207.16416931152344,49.794761657714844,407.54412841796875,39.540000915527344,69.8993148803711,36.125389099121094,171.9152069091797,40.988338470458984,63.73883819580078,89.36231231689453,81.42374420166016,0.029999999329447746
2023-09-22,382.7829284667969,352.6642761230469,206.72874450683594,49.988189697265625,408.67608642578125,38.81999969482422,69.37080383300781,36.5494270324707,172.7652587890625,41.580928802490234,64.0022201538086,89.38008117675781,82.07907104492188,0.03700000047683716
2023-09-23,382.7829284667969,352.6642761230469,206.72874450683594,49.988189697265625,408.67608642578125,38.81999969482422,69.37080383300781,36.5494270324707,172.7652587890625,41.580928802490234,64.0022201538086,89.38008117675781,82.07907104492188,0.03700000047683716
2023-09-24,382.7829284667969,352.6642761230469,206.72874450683594,49.988189697265625,408.67608642578125,38.81999969482422,69.37080383300781,36.5494270324707,172.7652587890625,41.580928802490234,64.0022201538086,89.38008117675781,82.07907104492188,0.03700000047683716
2023-09-25,384.3739318847656,354.3392333984375,207.5609130859375,49.81318283081055,410.3002014160156,38.79999923706055,69.30809020996094,36.41115951538086,174.0403289794922,42.19249725341797,63.52994918823242,89.39786529541016,80.05918884277344,0.032999999821186066
2023-09-26,378.73291015625,349.0184020996094,204.57089233398438,49.11314010620117,402.97698974609375,38.43000030517578,68.04500579833984,35.987125396728516,169.96804809570312,41.881717681884766,63.466400146484375,89.39786529541016,79.7808837890625,0.035999998450279236
2023-09-27,378.8197021484375,349.83624267578125,204.7837677001953,49.094722747802734,404.2171325683594,38.68000030517578,67.5881576538086,36.0332145690918,168.4557647705078,42.43832015991211,63.23933029174805,89.42453002929688,79.36796569824219,0.03700000047683716
2023-09-28,381.02960205078125,352.76275634765625,206.13845825195312,49.398681640625,407.6607971191406,39.119998931884766,68.2366943359375,36.106956481933594,168.71275329589844,43.05888748168945,63.40279006958008,89.45117950439453,79.6103286743164,0.03700000047683716
2023-09-29,380.11968994140625,353.0188903808594,205.53854370117188,49.29736328125,409.2686767578125,39.66999816894531,68.4356918334961,36.14383316040039,169.2267608642578,43.46860122680664,63.37555694580078,89.47783660888672,79.61931610107422,0.03700000047683716
2023-09-30,380.11968994140625,353.0188903808594,205.53854370117188,49.29736328125,409.2686767578125,39.66999816894531,68.4356918334961,36.14383316040039,169.2267608642578,43.46860122680664,63.37555694580078,89.47783660888672,79.61931610107422,0.03700000047683716
2023-10-01,380.11968994140625,353.0188903808594,205.53854370117188,49.29736328125,409.2686767578125,39.66999816894531,68.4356918334961,36.14383316040039,169.2267608642578,43.46860122680664,63.37555694580078,89.47783660888672,79.61931610107422,0.03700000047683716
2023-10-02,380.0906066894531,355.96514892578125,205.26760864257812,48.66179656982422,413.0368347167969,39.040000915527344,67.17841339111328,36.01477813720703,171.7373046875,44.750701904296875,62.94026184082031,89.48856353759766,78.28648376464844,0.030899999663233757
2023-10-03,374.9798583984375,349.718017578125,202.28721618652344,48.06309127807617,405.1849365234375,37.970001220703125,65.86686706542969,35.55387878417969,170.40289306640625,43.48659133911133,62.43024444580078,89.49748229980469,76.60240173339844,0.030899999663233757
2023-10-04,377.7384948730469,354.47723388671875,203.7483673095703,48.03545379638672,409.8605041503906,38.529998779296875,66.67189025878906,35.40639114379883,171.6483612060547,44.01021957397461,62.840049743652344,89.51533508300781,77.68309783935547,0.029999999329447746
2023-10-05,377.4190673828125,353.43280029296875,203.64193725585938,48.36705017089844,410.2156066894531,38.540000915527344,67.04273986816406,35.55387878417969,172.88389587402344,44.656776428222656,62.885589599609375,89.56890106201172,77.29585266113281,0.029999999329447746
2023-10-06,381.9201354980469,359.3547058105469,206.0707244873047,48.96576690673828,418.4424743652344,39.209999084472656,67.22364044189453,36.04243469238281,175.43399047851562,45.730018615722656,62.63971710205078,89.57779693603516,76.3592529296875,0.029999999329447746
2023-10-07,381.9201354980469,359.3547058105469,206.0707244873047,48.96576690673828,418.4424743652344,39.209999084472656,67.22364044189453,36.04243469238281,175.43399047851562,45.730018615722656,62.63971710205078,89.57779693603516,76.3592529296875,0.029999999329447746
2023-10-08,381.9201354980469,359.3547058105469,206.0707244873047,48.96576690673828,418.4424743652344,39.209999084472656,67.22364044189453,36.04243469238281,175.43399047851562,45.730018615722656,62.63971710205078,89.57779693603516,76.3592529296875,0.029999999329447746
2023-10-09,384.4659118652344,361.1873779296875,207.36737060546875,48.864444732666016,420.3659973144531,39.36000061035156,67.95629119873047,35.821197509765625,176.91659545898438,45.24135971069336,63.2772102355957,89.58672332763672,78.15138244628906,0.026900000870227814
2023-10-10,386.4501647949219,363.18768310546875,208.65435791015625,49.527645111083984,421.7568664550781,40.189998626708984,68.28191375732422,36.39271545410156,176.32354736328125,45.7660026550293,63.213462829589844,89.58672332763672,78.0433349609375,0.026900000870227814
2023-10-11,388.08599853515625,365.7791748046875,209.47686767578125,49.73027801513672,425.1008605957031,39.900001525878906,69.46684265136719,36.503334045410156,177.71722412109375,46.773292541503906,63.50490188598633,89.60458374023438,79.67333984375,0.027499999850988388
2023-10-12,385.753173828125,364.508056640625,207.79315185546875,49.251304626464844,424.09466552734375,38.47999954223633,68.45377349853516,36.11617660522461,178.61669921875,46.912193298339844,62.958438873291016,89.6491928100586,77.51194763183594,0.027499999850988388
2023-10-13,383.7205505371094,359.9261779785156,206.6222686767578,48.90129089355469,417.2982177734375,37.77000045776367,68.28191375732422,35.9779052734375,176.77822875976562,45.429229736328125,63.249881744384766,89.6491928100586,78.89886474609375,0.027499999850988388
2023-10-14,383.7205505371094,359.9261779785156,206.6222686767578,48.90129089355469,417.2982177734375,37.77000045776367,68.28191375732422,35.9779052734375,176.77822875976562,45.429229736328125,63.249881744384766,89.6491928100586,78.89886474609375,0.027499999850988388
2023-10-15,383.7205505371094,359.9261779785156,206.6222686767578,48.90129089355469,417.2982177734375,37.77000045776367,68.28191375732422,35.9779052734375,176.77822875976562,45.429229736328125,63.249881744384766,89.6491928100586,78.89886474609375,0.027499999850988388
2023-10-16,387.737548828125,363.9956970214844,209.02206420898438,49.26972579956055,422.09222412109375,38.529998779296875,69.0959701538086,36.23601150512695,176.6497344970703,46.06279373168945,62.9220085144043,89.67597198486328,77.62904357910156,0.027499999850988388
2023-10-17,387.7471923828125,362.80340576171875,209.29298400878906,49.23289108276367,420.2870788574219,39.18000030517578,68.99649810791016,36.07930374145508,175.09791564941406,43.90729904174805,62.51219940185547,89.68489074707031,76.77349090576172,0.029400000348687172
2023-10-18,382.5589904785156,358.044189453125,206.196533203125,48.394683837890625,414.5263366699219,37.43000030517578,67.53116607666016,35.48935317993164,173.80308532714844,42.1665153503418,62.23896408081055,89.70276641845703,76.09805297851562,0.029400000348687172
2023-10-19,379.3162536621094,354.6940612792969,204.2515411376953,48.06309127807617,411.576904296875,36.61000061035156,65.93017578125,35.36030197143555,173.427490234375,42.07158660888672,61.96575164794922,89.73843383789062,74.54008483886719,0.02800000086426735
2023-10-20,374.5926208496094,349.4027404785156,201.72598266601562,47.55648422241211,404.31683349609375,36.029998779296875,65.48697662353516,34.93627166748047,170.8773956298828,41.35808181762695,62.19342803955078,89.75630187988281,74.96337127685547,0.02800000086426735
2023-10-21,374.5926208496094,349.4027404785156,201.72598266601562,47.55648422241211,404.31683349609375,36.029998779296875,65.48697662353516,34.93627166748047,170.8773956298828,41.35808181762695,62.19342803955078,89.75630187988281,74.96337127685547,0.02800000086426735
2023-10-22,374.5926208496094,349.4027404785156,201.72598266601562,47.55648422241211,404.31683349609375,36.029998779296875,65.48697662353516,34.93627166748047,170.8773956298828,41.35808181762695,62.19342803955078,89.75630187988281,74.96337127685547,0.02800000086426735
2023-10-23,373.9344177246094,350.45709228515625,201.17442321777344,47.538055419921875,404.3858947753906,36.11000061035156,64.84477233886719,34.862525939941406,170.9959716796875,42.94497299194336,62.43024444580078,89.7741470336914,75.86394500732422,0.02800000086426735
2023-10-24,376.7318420410156,353.8663024902344,202.69363403320312,47.87886047363281,407.9764709472656,37.16999816894531,65.67691040039062,35.295772552490234,171.43089294433594,43.63248825073242,62.63971710205078,89.78308868408203,76.86357116699219,0.02800000086426735
2023-10-25,371.4176940917969,345.20513916015625,199.68426513671875,47.427520751953125,401.2392272949219,35.220001220703125,64.265869140625,34.91783905029297,169.1179962158203,41.74980545043945,62.16612243652344,89.78308868408203,75.15248107910156,0.02800000086426735
2023-10-26,366.8586120605469,338.62310791015625,197.61346435546875,47.16040802001953,394.1368713378906,34.7599983215332,65.49600982666016,34.78879165649414,164.95675659179688,40.297821044921875,62.58506393432617,89.83663940429688,76.30520629882812,0.02800000086426735
2023-10-27,365.2323913574219,340.2489013671875,196.54905700683594,47.031455993652344,395.77435302734375,34.099998474121094,64.44677734375,34.82565689086914,166.2713623046875,40.47170639038086,62.58506393432617,89.83663940429688,75.98101806640625,0.02800000086426735
2023-10-28,365.2323913574219,340.2489013671875,196.54905700683594,47.031455993652344,395.77435302734375,34.099998474121094,64.44677734375,34.82565689086914,166.2713623046875,40.47170639038086,62.58506393432617,89.83663940429688,75.98101806640625,0.02800000086426735
2023-10-29,365.2323913574219,340.2489013671875,196.54905700683594,47.031455993652344,395.77435302734375,34.099998474121094,64.44677734375,34.82565689086914,166.2713623046875,40.47170639038086,62.58506393432617,89.83663940429688,75.98101806640625,0.02800000086426735
2023-10-30,369.626953125,344.08184814453125,198.8133544921875,47.61174774169922,399.2564697265625,34.290000915527344,64.85379791259766,35.13906478881836,168.3173828125,41.13223648071289,62.43024444580078,89.8544921875,75.6387939453125,0.02800000086426735
2023-10-31,371.8629150390625,345.72735595703125,200.100341796875,47.63937759399414,402.2650451660156,35.08000183105469,65.95730590820312,34.97314453125,168.79180908203125,40.75150680541992,62.41200637817383,89.872314453125,75.2695541381836,0.02800000086426735
2023-11-01,375.9574279785156,351.7281188964844,202.10336303710938,48.1091423034668,408.8642578125,35.310001373291016,66.36434936523438,35.22202682495117,171.95474243164062,42.295433044433594,63.017616271972656,89.88755798339844,76.90157318115234,0.02800000086426735
2023-11-02,383.1010437011719,358.1131286621094,206.11911010742188,49.085506439208984,416.1539306640625,38.279998779296875,68.54421997070312,35.765892028808594,175.51303100585938,43.47559356689453,63.38297653198242,89.92340087890625,78.65467071533203,0.017999999225139618
2023-11-03,386.6437683105469,362.320556640625,208.4414825439453,49.74870681762695,422.072509765625,40.439998626708984,70.181396484375,36.420372009277344,174.60366821289062,44.97355270385742,63.757511138916016,89.932373046875,79.18783569335938,0.02800000086426735
2023-11-04,386.6437683105469,362.320556640625,208.4414825439453,49.74870681762695,422.072509765625,40.439998626708984,70.181396484375,36.420372009277344,174.60366821289062,44.97355270385742,63.757511138916016,89.932373046875,79.18783569335938,0.02800000086426735
2023-11-05,386.6437683105469,362.320556640625,208.4414825439453,49.74870681762695,422.072509765625,40.439998626708984,70.181396484375,36.420372009277344,174.60366821289062,44.97355270385742,63.757511138916016,89.932373046875,79.18783569335938,0.02800000086426735
2023-11-06,387.3891296386719,363.798583984375,208.52854919433594,49.69343185424805,423.9862365722656,39.77000045776367,69.1683578491211,36.53098678588867,177.15380859375,45.71903610229492,63.483482360839844,89.95032501220703,78.41972351074219,0.02800000086426735
2023-11-07,388.48291015625,367.2374572753906,209.14785766601562,49.38947296142578,429.12548828125,40.90999984741211,68.5984878540039,36.54020690917969,179.7138214111328,45.922889709472656,63.80316162109375,89.95032501220703,79.5763931274414,0.02800000086426735
2023-11-08,388.8023986816406,367.4739074707031,209.11883544921875,49.242095947265625,430.910888671875,40.34000015258789,68.82463836669922,36.3742790222168,180.7714080810547,46.54145431518555,64.0041275024414,89.96821594238281,80.93190002441406,0.027699999511241913
2023-11-09,385.869384765625,364.6460266113281,207.33837890625,49.140777587890625,428.3264465332031,39.09000015258789,67.73921203613281,36.05165100097656,180.29696655273438,46.91719436645508,63.52912521362305,90.01304626464844,79.07036590576172,0.027699999511241913
2023-11-10,391.89013671875,372.8440246582031,210.4251708984375,49.398681640625,439.64080810546875,39.72999954223633,68.37236785888672,36.300537109375,184.4834747314453,48.30122375488281,63.64789581298828,90.01304626464844,79.51315307617188,0.019200000911951065
2023-11-11,391.89013671875,372.8440246582031,210.4251708984375,49.398681640625,439.64080810546875,39.72999954223633,68.37236785888672,36.300537109375,184.4834747314453,48.30122375488281,63.64789581298828,90.01304626464844,79.51315307617188,0.019200000911951065
2023-11-12,391.89013671875,372.8440246582031,210.4251708984375,49.398681640625,439.64080810546875,39.72999954223633,68.37236785888672,36.300537109375,184.4834747314453,48.30122375488281,63.64789581298828,90.01304626464844,79.51315307617188,0.019200000911951065
2023-11-13,391.4932861328125,371.6813049316406,210.2993621826172,49.50001525878906,437.4410400390625,39.90999984741211,67.80252838134766,36.36506271362305,182.89996337890625,48.58602523803711,63.629634857177734,90.02200317382812,79.33240509033203,0.013000000268220901
2023-11-14,399.014404296875,379.68231201171875,214.9634246826172,50.7526969909668,448.0254211425781,41.95000076293945,71.5653076171875,37.2131233215332,185.5128173828125,49.621299743652344,64.40602111816406,90.05786895751953,81.13070678710938,0.02199999988079071
2023-11-15,399.885498046875,379.96807861328125,215.4956512451172,50.83560562133789,448.607421875,43.0099983215332,71.77334594726562,37.47122573852539,186.07693481445312,48.85383605957031,64.0498046875,90.05786895751953,79.99208068847656,0.014000000432133675
2023-11-16,400.44696044921875,380.293212890625,215.3505096435547,50.614540100097656,449.60369873046875,42.209999084472656,71.61958312988281,37.084068298339844,187.7594757080078,49.44542694091797,64.43344116210938,90.1026611328125,80.98612213134766,0.014000000432133675
2023-11-17,401.03741455078125,380.3819274902344,215.89236450195312,51.139564514160156,449.80096435546875,43.70000076293945,71.5653076171875,37.2315559387207,187.7396697998047,49.263553619384766,64.52478790283203,90.12060546875,81.36566162109375,0.013000000268220901
2023-11-18,401.03741455078125,380.3819274902344,215.89236450195312,51.139564514160156,449.80096435546875,43.70000076293945,71.5653076171875,37.2315559387207,187.7396697998047,49.263553619384766,64.52478790283203,90.12060546875,81.36566162109375,0.013000000268220901
2023-11-19,401.03741455078125,380.3819274902344,215.89236450195312,51.139564514160156,449.80096435546875,43.70000076293945,71.5653076171875,37.2315559387207,187.7396697998047,49.263553619384766,64.52478790283203,90.12060546875,81.36566162109375,0.013000000268220901
2023-11-20,404.05743408203125,385.0130310058594,217.5180206298828,51.43431854248047,456.1436767578125,44.880001068115234,72.08993530273438,37.627933502197266,189.48158264160156,50.373775482177734,64.61611938476562,90.12957000732422,81.86266326904297,0.023000000044703484
2023-11-21,403.0024108886719,382.7762451171875,216.9277801513672,51.204044342041016,452.3558654785156,43.869998931884766,71.5833969116211,37.40670394897461,188.67991638183594,49.90909957885742,64.70747375488281,90.15644073486328,81.82653045654297,0.023000000044703484
2023-11-22,404.7447204589844,384.343017578125,217.85671997070312,51.25009536743164,454.0130920410156,44.31999969482422,71.9361572265625,37.305301666259766,189.343017578125,48.681949615478516,64.76226806640625,90.19229125976562,82.11568450927734,0.010999999940395355
2023-11-23,404.7447204589844,384.343017578125,217.85671997070312,51.25009536743164,454.0130920410156,44.31999969482422,71.9361572265625,37.305301666259766,189.343017578125,48.681949615478516,64.76226806640625,90.19229125976562,82.11568450927734,0.010999999940395355
2023-11-24,404.96734619140625,383.8009948730469,218.0889434814453,51.52642822265625,453.5198059082031,44.880001068115234,72.14421081542969,37.42513656616211,188.01678466796875,47.74261474609375,64.45171356201172,90.21919250488281,81.14878845214844,0.022700000554323196
2023-11-25,404.96734619140625,383.8009948730469,218.0889434814453,51.52642822265625,453.5198059082031,44.880001068115234,72.14421081542969,37.42513656616211,188.01678466796875,47.74261474609375,64.45171356201172,90.21919250488281,81.14878845214844,0.022700000554323196
2023-11-26,404.96734619140625,383.8009948730469,218.0889434814453,51.52642822265625,453.5198059082031,44.880001068115234,72.14421081542969,37.42513656616211,188.01678466796875,47.74261474609375,64.45171356201172,90.21919250488281,81.14878845214844,0.022700000554323196
2023-11-27,404.2607727050781,383.466064453125,217.808349609375,51.369842529296875,453.2831115722656,45.45000076293945,72.40650939941406,37.24999237060547,187.83863830566406,48.208290100097656,64.84447479248047,90.21919250488281,82.5042724609375,0.022700000554323196
2023-11-28,404.6575622558594,384.4710693359375,217.9438018798828,51.54484939575195,454.12152099609375,46.70000076293945,72.88590240478516,37.5541877746582,188.44236755371094,47.78758239746094,65.11851501464844,90.22813415527344,82.66692352294922,0.022700000554323196
2023-11-29,404.3962097167969,384.0966491699219,218.04054260253906,51.52642822265625,455.8872375488281,46.900001525878906,73.3924331665039,37.34217071533203,187.42295837402344,48.106361389160156,65.45648193359375,90.25501251220703,83.7061538696289,0.022700000554323196
2023-11-30,405.9643859863281,383.1310119628906,218.9404754638672,51.563270568847656,455.759033203125,46.11000061035156,73.92610168457031,37.45279312133789,187.99696350097656,46.73732376098633,65.24639129638672,90.28191375732422,82.73921966552734,0.022700000554323196
2023-12-01,408.34552001953125,384.2247619628906,220.78868103027344,52.03303527832031,458.34344482421875,48.43000030517578,75.74417114257812,37.609493255615234,189.2737579345703,46.73232650756836,65.7785873413086,90.31163024902344,84.29752349853516,0.022700000554323196
2023-12-02,408.34552001953125,384.2247619628906,220.78868103027344,52.03303527832031,458.34344482421875,48.43000030517578,75.74417114257812,37.609493255615234,189.2737579345703,46.73232650756836,65.7785873413086,90.31163024902344,84.29752349853516,0.022700000554323196
2023-12-03,408.34552001953125,384.2247619628906,220.78868103027344,52.03303527832031,458.34344482421875,48.43000030517578,75.74417114257812,37.609493255615234,189.2737579345703,46.73232650756836,65.7785873413086,90.31163024902344,84.29752349853516,0.022700000554323196
2023-12-04,406.29339599609375,380.65777587890625,219.99522399902344,51.572479248046875,453.67767333984375,48.689998626708984,76.29592895507812,37.27764892578125,187.4823455810547,45.47819900512695,65.51295471191406,90.32061767578125,83.96210479736328,0.022700000554323196
2023-12-05,406.16754150390625,381.6136169433594,219.5694580078125,51.40668487548828,456.1338806152344,48.2599983215332,75.7894058227539,37.148597717285156,191.43130493164062,46.53755187988281,65.93433380126953,90.33863830566406,85.76609802246094,0.014000000432133675
2023-12-06,404.47369384765625,379.40643310546875,218.64051818847656,51.461952209472656,452.1684265136719,48.040000915527344,75.56327819824219,37.10250473022461,190.34262084960938,45.47520446777344,66.12669372558594,90.33863830566406,86.90834045410156,0.013000000268220901
2023-12-07,407.63897705078125,384.70758056640625,220.3919219970703,51.71986389160156,457.0511779785156,48.290000915527344,75.78035736083984,37.24999237060547,192.2725830078125,46.56753921508789,66.10836029052734,90.38365936279297,86.40974426269531,0.022600000724196434
2023-12-08,409.3716125488281,386.4220886230469,221.44668579101562,51.71064758300781,461.13507080078125,49.18000030517578,75.65371704101562,37.06562805175781,193.69776916503906,47.47697830200195,65.7877426147461,90.39265441894531,85.7026596069336,0.022600000724196434
2023-12-09,409.3716125488281,386.4220886230469,221.44668579101562,51.71064758300781,461.13507080078125,49.18000030517578,75.65371704101562,37.06562805175781,193.69776916503906,47.47697830200195,65.7877426147461,90.39265441894531,85.7026596069336,0.022600000724196434
2023-12-10,409.3716125488281,386.4220886230469,221.44668579101562,51.71064758300781,461.13507080078125,49.18000030517578,75.65371704101562,37.06562805175781,193.69776916503906,47.47697830200195,65.7877426147461,90.39265441894531,85.7026596069336,0.022600000724196434
2023-12-11,410.9590148925781,389.722900390625,222.3562774658203,51.82118225097656,464.31134033203125,48.529998779296875,75.86176300048828,37.2315559387207,191.1937713623047,46.59851837158203,65.7968978881836,90.4106674194336,85.5213394165039,0.022600000724196434
2023-12-12,413.00146484375,392.8268127441406,223.1981201171875,51.87644577026367,467.08319091796875,48.380001068115234,75.81653594970703,37.2315559387207,192.7080535888672,47.62788772583008,65.98927307128906,90.4196548461914,85.77515411376953,0.016499999910593033
2023-12-13,418.62530517578125,397.8224792480469,226.66233825683594,52.631752014160156,472.4789733886719,50.16999816894531,78.72003936767578,37.58184814453125,195.9246368408203,48.058624267578125,66.8320083618164,90.42865753173828,87.78763580322266,0.014750000089406967
2023-12-14,419.85467529296875,397.4776611328125,228.0073699951172,53.16599655151367,473.3963623046875,52.02000045776367,80.99036407470703,38.07961654663086,196.07308959960938,48.320465087890625,67.3358154296875,90.47840881347656,90.0712661743164,0.016499999910593033
2023-12-15,419.21575927734375,399.3990478515625,227.69769287109375,52.687015533447266,475.67498779296875,51.11000061035156,79.85067749023438,37.85838317871094,195.5386505126953,48.86013412475586,67.23504638671875,90.48743438720703,90.17129516601562,0.027000000700354576
2023-12-16,419.21575927734375,399.3990478515625,227.69769287109375,52.687015533447266,475.67498779296875,51.11000061035156,79.85067749023438,37.85838317871094,195.5386505126953,48.86013412475586,67.23504638671875,90.48743438720703,90.17129516601562,0.027000000700354576
2023-12-17,419.21575927734375,399.3990478515625,227.69769287109375,52.687015533447266,475.67498779296875,51.11000061035156,79.85067749023438,37.85838317871094,195.5386505126953,48.86013412475586,67.23504638671875,90.48743438720703,90.17129516601562,0.027000000700354576
2023-12-18,421.5873107910156,401.9146423339844,228.68470764160156,52.78705978393555,476.7698974609375,51.06999969482422,79.66976928710938,37.853675842285156,193.87591552734375,50.046409606933594,67.09765625,90.4964828491211,89.45284271240234,0.01600000075995922
2023-12-19,424.1524353027344,403.9683532714844,230.3587188720703,53.263885498046875,479.2054748535156,53.18000030517578,80.27581024169922,38.117340087890625,194.91514587402344,49.573692321777344,67.22588348388672,90.52362060546875,89.93486022949219,0.022600000724196434
2023-12-20,418.0299987792969,397.9654235839844,226.923583984375,52.59071731567383,471.5184020996094,51.0099983215332,79.2989273071289,37.31694030761719,192.8268280029297,48.081607818603516,67.44571685791016,90.53265380859375,90.5441665649414,0.02449999935925007
2023-12-21,422.1025390625,402.5959167480469,229.4327850341797,53.516319274902344,477.3677062988281,52.310001373291016,80.00215911865234,38.0420036315918,192.6783447265625,48.9600715637207,67.43657684326172,90.58692169189453,89.97122955322266,0.022600000724196434
2023-12-22,423.0842590332031,403.1982116699219,229.95755004882812,53.53500747680664,477.8320007324219,53.0099983215332,80.31349182128906,37.91017150878906,191.60948181152344,48.800174713134766,67.39155578613281,90.59595489501953,89.56195831298828,0.02449999935925007
2023-12-23,423.0842590332031,403.1982116699219,229.95755004882812,53.53500747680664,477.8320007324219,53.0099983215332,80.31349182128906,37.91017150878906,191.60948181152344,48.800174713134766,67.39155578613281,90.59595489501953,89.56195831298828,0.02449999935925007
2023-12-24,423.0842590332031,403.1982116699219,229.95755004882812,53.53500747680664,477.8320007324219,53.0099983215332,80.31349182128906,37.91017150878906,191.60948181152344,48.800174713134766,67.39155578613281,90.59595489501953,89.56195831298828,0.02449999935925007
2023-12-25,423.0842590332031,403.1982116699219,229.95755004882812,53.53500747680664,477.8320007324219,53.0099983215332,80.31349182128906,37.91017150878906,191.60948181152344,48.800174713134766,67.39155578613281,90.59595489501953,89.56195831298828,0.02449999935925007
2023-12-26,424.84344482421875,405.66650390625,231.09457397460938,53.79680633544922,480.1935119628906,53.790000915527344,80.90869140625,38.154991149902344,191.0651397705078,49.248897552490234,67.45586395263672,90.60499572753906,89.81660461425781,0.022600000724196434
2023-12-27,425.6210021972656,406.4923400878906,231.53189086914062,54.124027252197266,480.65789794921875,54.2599983215332,81.30241394042969,38.36215591430664,191.16409301757812,49.38681411743164,67.88760375976562,90.61405181884766,91.40814971923828,0.024000000208616257
2023-12-28,425.68902587890625,406.29473876953125,231.41526794433594,54.152076721191406,480.9740905761719,54.13999938964844,81.87928771972656,38.597564697265625,191.5896759033203,49.49174499511719,67.7222671508789,90.66831970214844,90.74424743652344,0.02199999988079071
2023-12-29,424.5518493652344,404.53643798828125,230.5309295654297,54.18947219848633,478.2174377441406,52.369998931884766,80.90869140625,38.701141357421875,190.55047607421875,49.49174499511719,67.56611633300781,90.67733001708984,89.92573547363281,0.014000000432133675
2023-12-30,424.5518493652344,404.53643798828125,230.5309295654297,54.18947219848633,478.2174377441406,52.369998931884766,80.90869140625,38.701141357421875,190.55047607421875,49.49174499511719,67.56611633300781,90.67733001708984,89.92573547363281,0.014000000432133675
2023-12-31,424.5518493652344,404.53643798828125,230.5309295654297,54.18947219848633,478.2174377441406,52.369998931884766,80.90869140625,38.701141357421875,190.55047607421875,49.49174499511719,67.56611633300781,90.67733001708984,89.92573547363281,0.014000000432133675
2024-01-01,424.5518493652344,404.53643798828125,230.5309295654297,54.18947219848633,478.2174377441406,52.369998931884766,80.90869140625,38.701141357421875,190.55047607421875,49.49174499511719,67.56611633300781,90.67733001708984,89.92573547363281,0.014000000432133675
2024-01-02,421.8401794433594,397.6907653808594,228.98573303222656,53.57240676879883,465.6592712402344,50.5,81.60458374023438,38.2491569519043,183.73130798339844,48.13856887817383,67.28131103515625,90.69542694091797,89.40737915039062,0.029999999329447746
2024-01-03,418.71038818359375,393.4825744628906,226.78945922851562,53.2358283996582,459.42462158203125,48.52000045776367,79.6541976928711,38.13615798950195,182.35560607910156,47.53993606567383,67.33642578125,90.70447540283203,89.78024291992188,0.054999999701976776
2024-01-04,417.3885192871094,391.4575500488281,226.2064208984375,53.263885498046875,456.6580810546875,48.90999984741211,79.50769805908203,38.070247650146484,180.0396728515625,47.96867752075195,67.03328704833984,90.74969482421875,88.41606140136719,0.04899999871850014
2024-01-05,417.92315673828125,391.92181396484375,226.54652404785156,53.3012809753418,456.7668151855469,48.900001525878906,79.30624389648438,38.12674331665039,179.317138671875,49.0670051574707,66.8311996459961,90.75875091552734,87.57029724121094,0.05400000140070915
2024-01-06,417.92315673828125,391.92181396484375,226.54652404785156,53.3012809753418,456.7668151855469,48.900001525878906,79.30624389648438,38.12674331665039,179.317138671875,49.0670051574707,66.8311996459961,90.75875091552734,87.57029724121094,0.05400000140070915
2024-01-07,417.92315673828125,391.92181396484375,226.54652404785156,53.3012809753418,456.7668151855469,48.900001525878906,79.30624389648438,38.12674331665039,179.317138671875,49.0670051574707,66.8311996459961,90.75875091552734,87.57029724121094,0.05400000140070915
2024-01-08,423.9007263183594,400.0220642089844,229.7826385498047,53.740699768066406,468.3961486816406,50.279998779296875,80.44168853759766,38.192665100097656,183.6521453857422,52.2210807800293,67.12513732910156,90.78585815429688,88.43424987792969,0.05400000140070915
2024-01-09,422.87042236328125,400.8122863769531,229.35501098632812,53.217132568359375,469.22613525390625,49.5,79.90143585205078,37.750091552734375,183.2364501953125,53.10753631591797,67.115966796875,90.79490661621094,87.87042236328125,0.04899999871850014
2024-01-10,425.6599426269531,403.52886962890625,230.54063415527344,53.45086669921875,473.2079772949219,49.349998474121094,79.99301147460938,37.712425231933594,184.275634765625,54.31679916381836,66.99655151367188,90.81299591064453,87.4611587524414,0.04800000041723251
2024-01-11,425.51409912109375,404.3684997558594,230.3851318359375,53.47891616821289,474.8678283691406,48.18000030517578,79.25131225585938,37.872501373291016,183.6818084716797,54.78850173950195,67.34561920166016,90.86727142333984,87.9522476196289,0.04800000041723251
2024-01-12,425.7084655761719,404.575927734375,230.42401123046875,53.6659049987793,475.9251403808594,47.380001068115234,79.72747039794922,38.05141830444336,184.0084228515625,54.676578521728516,67.48341369628906,90.87627410888672,87.77948760986328,0.04800000041723251
2024-01-13,425.7084655761719,404.575927734375,230.42401123046875,53.6659049987793,475.9251403808594,47.380001068115234,79.72747039794922,38.05141830444336,184.0084228515625,54.676578521728516,67.48341369628906,90.87627410888672,87.77948760986328,0.04800000041723251
2024-01-14,425.7084655761719,404.575927734375,230.42401123046875,53.6659049987793,475.9251403808594,47.380001068115234,79.72747039794922,38.05141830444336,184.0084228515625,54.676578521728516,67.48341369628906,90.87627410888672,87.77948760986328,0.04800000041723251
2024-01-15,425.7084655761719,404.575927734375,230.42401123046875,53.6659049987793,475.9251403808594,47.380001068115234,79.72747039794922,38.05141830444336,184.0084228515625,54.676578521728516,67.48341369628906,90.87627410888672,87.77948760986328,0.04800000041723251
2024-01-16,424.2602844238281,404.53643798828125,229.35501098632812,52.69356155395508,476.6266784667969,46.7599983215332,79.14144134521484,37.26044845581055,181.74197387695312,56.347557067871094,67.00572204589844,90.88534545898438,86.23340606689453,0.04479999840259552
2024-01-17,421.89849853515625,402.2545166015625,227.97506713867188,52.11389923095703,474.0181884765625,45.91999816894531,77.69467163085938,36.761383056640625,180.80174255371094,56.01876449584961,66.84955596923828,90.8943862915039,86.09699249267578,0.04800000041723251
2024-01-18,425.65020751953125,407.9642028808594,229.98670959472656,52.50657272338867,483.2366943359375,45.65999984741211,77.2734603881836,36.97795486450195,186.69056701660156,57.072113037109375,66.75769805908203,90.93054962158203,85.29669189453125,0.04800000041723251
2024-01-19,430.85992431640625,416.05450439453125,232.78549194335938,52.76835632324219,493.7298583984375,46.279998779296875,78.19828796386719,37.31694030761719,189.59042358398438,59.45466232299805,66.75769805908203,90.95770263671875,85.56949615478516,0.035999998450279236
2024-01-20,430.85992431640625,416.05450439453125,232.78549194335938,52.76835632324219,493.7298583984375,46.279998779296875,78.19828796386719,37.31694030761719,189.59042358398438,59.45466232299805,66.75769805908203,90.95770263671875,85.56949615478516,0.035999998450279236
2024-01-21,430.85992431640625,416.05450439453125,232.78549194335938,52.76835632324219,493.7298583984375,46.279998779296875,78.19828796386719,37.31694030761719,189.59042358398438,59.45466232299805,66.75769805908203,90.95770263671875,85.56949615478516,0.035999998450279236
2024-01-22,431.841552734375,416.5978088378906,233.79617309570312,52.74031448364258,496.9508972167969,47.33000183105469,78.665283203125,37.02503204345703,191.896484375,59.61756134033203,66.86793518066406,90.96671295166016,86.07881164550781,0.041999999433755875
2024-01-23,433.12457275390625,418.3265686035156,234.22378540039062,52.777706146240234,499.0158996582031,47.380001068115234,78.1250228881836,37.23219680786133,193.17323303222656,59.836421966552734,66.71177673339844,90.98480987548828,85.39674377441406,0.05000000074505806
2024-01-24,433.4842224121094,420.64794921875,234.18490600585938,53.15168380737305,501.40704345703125,46.279998779296875,77.0079116821289,37.712425231933594,192.50021362304688,61.32451629638672,66.57396697998047,90.9938735961914,84.89651489257812,0.04800000041723251
2024-01-25,435.9237976074219,421.1615905761719,235.48712158203125,53.291927337646484,502.6025390625,45.81999969482422,77.99684143066406,37.80659103393555,192.173583984375,61.5793571472168,66.88630676269531,91.03907012939453,85.4512710571289,0.04800000041723251
2024-01-26,435.66143798828125,418.6524963378906,235.29275512695312,53.4602165222168,497.3856506347656,45.91999816894531,77.77708435058594,37.81601333618164,190.44158935546875,60.993717193603516,66.78524017333984,91.03907012939453,85.28758239746094,0.05000000074505806
2024-01-27,435.66143798828125,418.6524963378906,235.29275512695312,53.4602165222168,497.3856506347656,45.91999816894531,77.77708435058594,37.81601333618164,190.44158935546875,60.993717193603516,66.78524017333984,91.03907012939453,85.28758239746094,0.05000000074505806
2024-01-28,435.66143798828125,418.6524963378906,235.29275512695312,53.4602165222168,497.3856506347656,45.91999816894531,77.77708435058594,37.81601333618164,190.44158935546875,60.993717193603516,66.78524017333984,91.03907012939453,85.28758239746094,0.05000000074505806
2024-01-29,438.8299560546875,422.9396667480469,237.43072509765625,53.7126579284668,503.1954040527344,48.11000061035156,78.28985595703125,37.82542419433594,189.7587127685547,62.426841735839844,67.05166625976562,91.04814147949219,86.26979064941406,0.04899999871850014
2024-01-30,438.5190124511719,420.1243896484375,237.1002655029297,53.54436111450195,498.3539733886719,46.86000061035156,77.55730438232422,37.46760559082031,186.10662841796875,62.73564910888672,67.17106628417969,91.07524871826172,87.05191040039062,0.04899999871850014
2024-01-31,431.3750305175781,411.8957824707031,233.10618591308594,53.263885498046875,488.009033203125,45.40999984741211,76.81562042236328,37.326358795166016,182.50405883789062,61.489410400390625,67.45586395263672,91.07524871826172,87.90676879882812,0.05000000074505806
2024-02-01,437.05133056640625,416.7460632324219,236.24513244628906,53.7593994140625,494.30291748046875,46.029998779296875,78.20745086669922,37.58060073852539,184.9387664794922,62.988494873046875,67.86310577392578,91.12794494628906,89.63118743896484,0.05000000074505806
2024-02-02,441.5417175292969,423.7892150878906,238.26646423339844,53.38542556762695,499.12457275390625,46.65999984741211,77.23683166503906,37.31694030761719,183.9391632080078,66.11958312988281,67.25502014160156,91.13703155517578,87.65135192871094,0.05000000074505806
2024-02-03,441.5417175292969,423.7892150878906,238.26646423339844,53.38542556762695,499.12457275390625,46.65999984741211,77.23683166503906,37.31694030761719,183.9391632080078,66.11958312988281,67.25502014160156,91.13703155517578,87.65135192871094,0.05000000074505806
2024-02-04,441.5417175292969,423.7892150878906,238.26646423339844,53.38542556762695,499.12457275390625,46.65999984741211,77.23683166503906,37.31694030761719,183.9391632080078,66.11958312988281,67.25502014160156,91.13703155517578,87.65135192871094,0.05000000074505806
2024-02-05,439.92828369140625,423.236083984375,237.13917541503906,53.15168380737305,499.3617248535156,45.20000076293945,75.61609649658203,37.41110610961914,185.75030517578125,69.28964233398438,66.72065734863281,91.15522003173828,85.88134765625,0.05000000074505806
2024-02-06,441.29876708984375,422.3865661621094,237.94580078125,53.7126579284668,498.51202392578125,46.70000076293945,76.63249206542969,38.333900451660156,187.3536834716797,68.18132019042969,67.03390502929688,91.16429138183594,86.720703125,0.05000000074505806
2024-02-07,444.92413330078125,426.73297119140625,239.8213653564453,53.72200393676758,504.9541320800781,47.16999816894531,76.5226058959961,38.305660247802734,187.46253967285156,70.0561752319336,66.90496063232422,91.18246459960938,86.30103302001953,0.05000000074505806
2024-02-08,445.2254638671875,427.5233154296875,240.41412353515625,53.581764221191406,507.51318359375,48.439998626708984,77.14527130126953,38.10791778564453,186.38375854492188,69.59845733642578,66.72986602783203,91.20970153808594,85.79920959472656,0.05000000074505806
2024-02-09,447.7525329589844,431.7314147949219,241.88156127929688,53.80614471435547,515.2100219726562,49.59000015258789,77.26431274414062,38.25857925415039,187.1468048095703,72.08894348144531,66.67461395263672,91.23696899414062,85.62586975097656,0.04800000041723251
2024-02-10,447.7525329589844,431.7314147949219,241.88156127929688,53.80614471435547,515.2100219726562,49.59000015258789,77.26431274414062,38.25857925415039,187.1468048095703,72.08894348144531,66.67461395263672,91.23696899414062,85.62586975097656,0.04800000041723251
2024-02-11,447.7525329589844,431.7314147949219,241.88156127929688,53.80614471435547,515.2100219726562,49.59000015258789,77.26431274414062,38.25857925415039,187.1468048095703,72.08894348144531,66.67461395263672,91.23696899414062,85.62586975097656,0.04800000041723251
2024-02-12,447.54840087890625,430.0422058105469,242.1148223876953,53.965091705322266,511.99884033203125,50.720001220703125,77.28262329101562,38.42806625366211,185.46212768554688,72.20387268066406,66.6930160522461,91.23696899414062,85.7262191772461,0.05000000074505806
2024-02-13,441.240478515625,423.3348388671875,238.2373046875,53.01144027709961,501.98992919921875,47.880001068115234,75.6893539428711,37.72184753417969,183.3711395263672,72.08394622802734,66.11259460449219,91.25514221191406,84.25730895996094,0.05000000074505806
2024-02-14,445.4393005371094,427.947998046875,240.87091064453125,53.6659049987793,508.69879150390625,50.5,76.28453826904297,38.26799011230469,182.48919677734375,73.8548583984375,66.36135864257812,91.27330780029297,84.68611907958984,0.05000000074505806
2024-02-15,448.452392578125,429.2223205566406,242.72703552246094,54.18947219848633,508.3035888671875,51.63999938964844,78.0609359741211,38.50340270996094,182.20181274414062,72.61360931396484,66.54562377929688,91.31869506835938,85.1240463256836,0.05000000074505806
2024-02-16,446.1585388183594,425.33026123046875,241.45394897460938,54.301666259765625,502.9187316894531,50.33000183105469,77.25515747070312,38.69172286987305,180.665771484375,72.56864166259766,66.33370208740234,91.32781219482422,84.63137817382812,0.035100001841783524
2024-02-17,446.1585388183594,425.33026123046875,241.45394897460938,54.301666259765625,502.9187316894531,50.33000183105469,77.25515747070312,38.69172286987305,180.665771484375,72.56864166259766,66.33370208740234,91.32781219482422,84.63137817382812,0.035100001841783524
2024-02-18,446.1585388183594,425.33026123046875,241.45394897460938,54.301666259765625,502.9187316894531,50.33000183105469,77.25515747070312,38.69172286987305,180.665771484375,72.56864166259766,66.33370208740234,91.32781219482422,84.63137817382812,0.035100001841783524
2024-02-19,446.1585388183594,425.33026123046875,241.45394897460938,54.301666259765625,502.9187316894531,50.33000183105469,77.25515747070312,38.69172286987305,180.665771484375,72.56864166259766,66.33370208740234,91.32781219482422,84.63137817382812,0.035100001841783524
2024-02-20,443.709228515625,422.1197814941406,239.93795776367188,54.46995544433594,496.9805603027344,48.689998626708984,77.1177978515625,38.76705551147461,179.9225616455078,69.40957641601562,66.41661834716797,91.34598541259766,84.70436096191406,0.03240000084042549
2024-02-21,444.1562805175781,420.4306335449219,239.98655700683594,54.526058197021484,492.7417907714844,47.310001373291016,77.54817199707031,38.804725646972656,180.6757049560547,67.4307861328125,66.23238372802734,91.35507202148438,84.10220336914062,0.05000000074505806
2024-02-22,453.48712158203125,432.7389831542969,244.7289581298828,55.08701705932617,508.76788330078125,48.47999954223633,77.69467163085938,39.143707275390625,182.7071990966797,78.49002075195312,66.260009765625,91.39139556884766,84.51276397705078,0.04439999908208847
2024-02-23,453.69122314453125,431.4647216796875,244.89413452148438,55.11507034301758,507.04876708984375,48.40999984741211,77.65803527832031,39.15312194824219,180.8739013671875,78.76885223388672,66.49954223632812,91.41864013671875,85.64411926269531,0.06800000369548798
2024-02-24,453.69122314453125,431.4647216796875,244.89413452148438,55.11507034301758,507.04876708984375,48.40999984741211,77.65803527832031,39.15312194824219,180.8739013671875,78.76885223388672,66.49954223632812,91.41864013671875,85.64411926269531,0.06800000369548798
2024-02-25,453.69122314453125,431.4647216796875,244.89413452148438,55.11507034301758,507.04876708984375,48.40999984741211,77.65803527832031,39.15312194824219,180.8739013671875,78.76885223388672,66.49954223632812,91.41864013671875,85.64411926269531,0.06800000369548798
2024-02-26,452.0291442871094,431.23748779296875,244.15557861328125,54.9935302734375,508.372802734375,50.08000183105469,76.80647277832031,39.021297454833984,179.5261688232422,79.04369354248047,66.37981414794922,91.42774200439453,85.3886489868164,0.04439999908208847
2024-02-27,452.8650817871094,432.27471923828125,244.8358612060547,55.09636688232422,509.1139221191406,51.540000915527344,76.89803314208984,39.143707275390625,180.98289489746094,78.65291595458984,66.27843475341797,91.44591522216797,84.78649139404297,0.05000000074505806
2024-02-28,452.165283203125,429.9730529785156,244.42771911621094,54.69435119628906,506.7523193359375,51.15999984741211,77.67636108398438,38.541072845458984,179.7838134765625,77.61555480957031,66.42583465576172,91.4549789428711,85.32477569580078,0.05000000074505806
2024-02-29,453.8370361328125,433.65771484375,245.45782470703125,54.81589126586914,511.6036682128906,51.25,78.33564758300781,38.62581253051758,179.11984252929688,79.06367492675781,66.53638458251953,91.48223876953125,85.92695617675781,0.05000000074505806
2024-03-01,458.21087646484375,440.1872253417969,247.71238708496094,55.442298889160156,521.0889282226562,51.13999938964844,79.26962280273438,39.143707275390625,178.03970336914062,82.22872924804688,66.81541442871094,91.50959777832031,86.46235656738281,0.06800000369548798
2024-03-02,458.21087646484375,440.1872253417969,247.71238708496094,55.442298889160156,521.0889282226562,51.13999938964844,79.26962280273438,39.143707275390625,178.03970336914062,82.22872924804688,66.81541442871094,91.50959777832031,86.46235656738281,0.06800000369548798
2024-03-03,458.21087646484375,440.1872253417969,247.71238708496094,55.442298889160156,521.0889282226562,51.13999938964844,79.26962280273438,39.143707275390625,178.03970336914062,82.22872924804688,66.81541442871094,91.50959777832031,86.46235656738281,0.06800000369548798
2024-03-04,457.66656494140625,438.6166076660156,247.46945190429688,55.27401351928711,522.057373046875,50.68000030517578,80.01130676269531,38.98363494873047,173.52081298828125,85.18492126464844,66.6583480834961,91.51872253417969,86.11455535888672,0.04899999871850014
2024-03-05,453.0788879394531,430.74359130859375,244.84555053710938,55.06832504272461,509.51885986328125,48.900001525878906,79.04069519042969,38.719970703125,168.58572387695312,85.91551971435547,67.0186767578125,91.5278549194336,87.34098815917969,0.04899999871850014
2024-03-06,455.4796142578125,433.4502258300781,246.29356384277344,55.77888488769531,515.1705932617188,49.68000030517578,79.43444061279297,39.20021438598633,167.59474182128906,88.64997863769531,67.1387939453125,91.54610443115234,87.85352325439453,0.04879999905824661
2024-03-07,459.98956298828125,440.0291748046875,248.69390869140625,56.311798095703125,523.8258056640625,50.25,79.41613006591797,39.38854217529297,167.47581481933594,92.61673736572266,67.24961853027344,91.59172058105469,87.7711410522461,0.03500000014901161
2024-03-08,457.2000427246094,433.67742919921875,247.255615234375,56.15286636352539,515.2594604492188,50.75,80.33180236816406,39.3226203918457,169.1902313232422,87.47862243652344,67.31433868408203,91.60083770751953,87.61557006835938,0.039900001138448715
2024-03-09,457.2000427246094,433.67742919921875,247.255615234375,56.15286636352539,515.2594604492188,50.75,80.33180236816406,39.3226203918457,169.1902313232422,87.47862243652344,67.31433868408203,91.60083770751953,87.61557006835938,0.039900001138448715
2024-03-10,457.2000427246094,433.67742919921875,247.255615234375,56.15286636352539,515.2594604492188,50.75,80.33180236816406,39.3226203918457,169.1902313232422,87.47862243652344,67.31433868408203,91.60083770751953,87.61557006835938,0.039900001138448715
2024-03-11,456.8209533691406,432.0672912597656,246.857177734375,55.965877532958984,513.0562133789062,50.650001525878906,79.94722747802734,39.42619705200195,171.1920166015625,85.72562408447266,67.28661346435547,91.61907196044922,87.56977081298828,0.05000000074505806
2024-03-12,461.70989990234375,438.2609558105469,249.2964324951172,56.42399597167969,523.667724609375,50.25,79.77323913574219,39.76519012451172,171.6676788330078,91.86116027832031,67.08334350585938,91.6281967163086,86.83760070800781,0.05000000074505806
2024-03-13,461.01007080078125,434.8924560546875,248.9854278564453,56.339847564697266,518.1248779296875,50.36000061035156,79.37034606933594,39.5391960144043,169.58665466308594,90.83673095703125,66.97245788574219,91.6373291015625,86.4166030883789,0.05000000074505806
2024-03-14,459.999267578125,433.7959899902344,248.0233612060547,55.98456954956055,516.1783447265625,48.7400016784668,78.17996978759766,39.3226203918457,171.4397430419922,87.89439392089844,66.57522583007812,91.6738052368164,85.0895004272461,0.04989999905228615
2024-03-15,456.8307189941406,428.63946533203125,246.5559539794922,55.92263412475586,509.400390625,48.65999984741211,78.0060043334961,39.20857238769531,171.06317138671875,87.78746032714844,66.53826141357422,91.69202423095703,85.06204986572266,0.05000000074505806
2024-03-16,456.8307189941406,428.63946533203125,246.5559539794922,55.92263412475586,509.400390625,48.65999984741211,78.0060043334961,39.20857238769531,171.06317138671875,87.78746032714844,66.53826141357422,91.69202423095703,85.06204986572266,0.05000000074505806
2024-03-17,456.8307189941406,428.63946533203125,246.5559539794922,55.92263412475586,509.400390625,48.65999984741211,78.0060043334961,39.20857238769531,171.06317138671875,87.78746032714844,66.53826141357422,91.69202423095703,85.06204986572266,0.05000000074505806
2024-03-18,459.6882629394531,432.72760009765625,247.80955505371094,55.93201446533203,511.79150390625,48.790000915527344,78.04264068603516,39.29340744018555,172.1532745361328,88.40511322021484,66.45509338378906,91.70116424560547,84.8057861328125,0.05000000074505806
2024-03-19,462.263916015625,433.8057556152344,249.2381134033203,55.950782775878906,513.955322265625,48.5099983215332,78.0151596069336,39.1331787109375,174.49195861816406,89.34757995605469,66.63063049316406,91.71941375732422,85.04373168945312,0.05000000074505806
2024-03-20,466.29754638671875,438.9492492675781,251.76480102539062,56.551395416259766,520.9210205078125,50.209999084472656,78.52793884277344,39.44420623779297,177.0586395263672,90.32103729248047,66.75074005126953,91.7285385131836,85.01627349853516,0.05000000074505806
2024-03-21,467.8526306152344,441.0264587402344,252.80465698242188,56.5607795715332,522.3833618164062,50.529998779296875,79.09563446044922,39.47248077392578,169.82443237304688,91.3834228515625,66.80619812011719,91.76502227783203,85.19932556152344,0.0494999997317791
2024-03-22,467.24127197265625,441.53094482421875,252.0936737060547,56.344940185546875,523.21435546875,49.40999984741211,78.10011291503906,39.21800231933594,170.7262420654297,94.23580932617188,67.02790069580078,91.78326416015625,86.01390838623047,0.04699999839067459
2024-03-23,467.24127197265625,441.53094482421875,252.0936737060547,56.344940185546875,523.21435546875,49.40999984741211,78.10011291503906,39.21800231933594,170.7262420654297,94.23580932617188,67.02790069580078,91.78326416015625,86.01390838623047,0.04699999839067459
2024-03-24,467.24127197265625,441.53094482421875,252.0936737060547,56.344940185546875,523.21435546875,49.40999984741211,78.10011291503906,39.21800231933594,170.7262420654297,94.23580932617188,67.02790069580078,91.78326416015625,86.01390838623047,0.04699999839067459
2024-03-25,466.0322265625,439.92852783203125,251.528076171875,56.298011779785156,521.1047973632812,50.25,77.6198959350586,39.21800231933594,169.30914306640625,94.94841003417969,66.89859008789062,91.80150604248047,85.58372497558594,0.04699999839067459
2024-03-26,464.7256164550781,438.50421142578125,251.0794677734375,56.298011779785156,518.8170166015625,50.029998779296875,77.305908203125,39.1331787109375,168.179443359375,92.50879669189453,66.9540023803711,91.81061553955078,85.82167053222656,0.0494999997317791
2024-03-27,468.781982421875,439.99774169921875,253.2932586669922,56.607704162597656,520.0450439453125,50.11000061035156,79.30066680908203,39.236854553222656,171.7469482421875,90.19910430908203,67.18496704101562,91.85624694824219,86.67285919189453,0.05000000074505806
2024-03-28,468.72344970703125,439.1866760253906,253.458984375,56.58893585205078,519.3121948242188,50.08000183105469,79.86399841308594,39.368804931640625,169.93345642089844,90.30503845214844,67.1018295288086,91.8653335571289,86.59964752197266,0.05000000074505806
2024-03-29,468.72344970703125,439.1866760253906,253.458984375,56.58893585205078,519.3121948242188,50.08000183105469,79.86399841308594,39.368804931640625,169.93345642089844,90.30503845214844,67.1018295288086,91.8653335571289,86.59964752197266,0.05000000074505806
2024-03-30,468.72344970703125,439.1866760253906,253.458984375,56.58893585205078,519.3121948242188,50.08000183105469,79.86399841308594,39.368804931640625,169.93345642089844,90.30503845214844,67.1018295288086,91.8653335571289,86.59964752197266,0.05000000074505806
2024-03-31,468.72344970703125,439.1866760253906,253.458984375,56.58893585205078,519.3121948242188,50.08000183105469,79.86399841308594,39.368804931640625,169.93345642089844,90.30503845214844,67.1018295288086,91.8653335571289,86.59964752197266,0.05000000074505806
2024-04-01,468.1091003417969,440.116455078125,253.2639617919922,56.4857063293457,520.3817138671875,49.2400016784668,78.5249252319336,39.529029846191406,168.4965362548828,90.3120346069336,66.6440658569336,91.89283752441406,84.98533630371094,0.05000000074505806
2024-04-02,465.0473327636719,436.31817626953125,250.92343139648438,56.25109100341797,514.5086059570312,47.779998779296875,77.53678131103516,39.66098403930664,167.3172607421875,89.40155029296875,66.56993103027344,91.91117095947266,84.51700592041016,0.046799998730421066
2024-04-03,465.4666748046875,437.2974548339844,251.31353759765625,56.495094299316406,515.5682373046875,47.91999816894531,77.6198959350586,39.7175407409668,168.1199493408203,88.91382598876953,66.61624145507812,91.92032623291016,84.49864196777344,0.046799998730421066
2024-04-04,459.7331237792969,430.6108093261719,248.3000946044922,56.110321044921875,507.239013671875,47.27000045776367,77.12120056152344,39.57615661621094,167.29747009277344,85.85653686523438,66.75524139404297,91.96615600585938,85.10469055175781,0.04699999839067459
2024-04-05,464.61834716796875,435.6851806640625,250.80638122558594,56.31678009033203,513.4092407226562,47.119998931884766,77.518310546875,39.69868850708008,168.0506134033203,87.95836639404297,66.42164611816406,91.97530364990234,83.9201431274414,0.04699999839067459
2024-04-06,464.61834716796875,435.6851806640625,250.80638122558594,56.31678009033203,513.4092407226562,47.119998931884766,77.518310546875,39.69868850708008,168.0506134033203,87.95836639404297,66.42164611816406,91.97530364990234,83.9201431274414,0.04699999839067459
2024-04-07,464.61834716796875,435.6851806640625,250.80638122558594,56.31678009033203,513.4092407226562,47.119998931884766,77.518310546875,39.69868850708008,168.0506134033203,87.95836639404297,66.42164611816406,91.97530364990234,83.9201431274414,0.04699999839067459
2024-04-08,464.8035583496094,435.8136901855469,251.09898376464844,56.598323822021484,512.6664428710938,48.099998474121094,78.34945678710938,39.94374084472656,166.9307861328125,87.08385467529297,66.36608123779297,91.99362182617188,83.91095733642578,0.04699999839067459
2024-04-09,465.3788757324219,437.426025390625,251.4597625732422,56.748477935791016,513.8251953125,48.619998931884766,79.39301300048828,40.29246520996094,168.13978576660156,85.30584716796875,66.60698699951172,92.00281524658203,84.69149780273438,0.04699999839067459
2024-04-10,460.8739929199219,433.60797119140625,248.65118408203125,55.950782775878906,509.1505126953125,47.4900016784668,76.1053695678711,39.8494873046875,166.26681518554688,86.98991394042969,65.82861328125,92.02113342285156,82.84578704833984,0.04699999839067459
2024-04-11,464.1990051269531,440.5318908691406,250.33831787109375,56.14786911010742,518.975341796875,48.20000076293945,76.36393737792969,39.981441497802734,173.4613494873047,90.56489562988281,65.82861328125,92.05777740478516,82.46927642822266,0.04699999839067459
2024-04-12,457.8707580566406,433.5090026855469,246.72999572753906,55.171871185302734,509.7447509765625,46.5099983215332,75.45891571044922,39.20857238769531,174.95774841308594,88.13626098632812,65.97687530517578,92.06693267822266,82.91004180908203,0.03999999910593033
2024-04-13,457.8707580566406,433.5090026855469,246.72999572753906,55.171871185302734,509.7447509765625,46.5099983215332,75.45891571044922,39.20857238769531,174.95774841308594,88.13626098632812,65.97687530517578,92.06693267822266,82.91004180908203,0.03999999910593033
2024-04-14,457.8707580566406,433.5090026855469,246.72999572753906,55.171871185302734,509.7447509765625,46.5099983215332,75.45891571044922,39.20857238769531,174.95774841308594,88.13626098632812,65.97687530517578,92.06693267822266,82.91004180908203,0.03999999910593033
2024-04-15,452.0592041015625,426.3773193359375,243.69708251953125,54.91848373413086,500.0486145019531,44.380001068115234,74.1752700805664,38.963523864746094,171.132568359375,85.95249938964844,65.54134368896484,92.08525848388672,81.62449645996094,0.03999999910593033
2024-04-16,451.24993896484375,426.4169616699219,242.96566772460938,54.299102783203125,500.3457336425781,43.650001525878906,73.13170623779297,38.48284149169922,167.85240173339844,87.36568450927734,65.37455749511719,92.08525848388672,81.08271789550781,0.035999998450279236
2024-04-17,448.5293884277344,421.21405029296875,241.54185485839844,54.336639404296875,492.91766357421875,43.02000045776367,72.59607696533203,38.54882049560547,166.48484802246094,83.98760223388672,65.68962097167969,92.11273193359375,81.98261260986328,0.035999998450279236
2024-04-18,447.5055847167969,418.8104248046875,241.0444793701172,54.34602355957031,488.2429504394531,42.90999984741211,72.60531616210938,38.65249252319336,165.5334930419922,84.62322998046875,65.51355743408203,92.1402587890625,81.56938934326172,0.06800000369548798
2024-04-19,443.7612609863281,410.14556884765625,239.1525421142578,54.32725524902344,475.2982177734375,42.0,72.95623779296875,38.539390563964844,163.5118865966797,76.15702056884766,65.59695434570312,92.16771697998047,81.86325073242188,0.06800000369548798
2024-04-20,443.7612609863281,410.14556884765625,239.1525421142578,54.32725524902344,475.2982177734375,42.0,72.95623779296875,38.539390563964844,163.5118865966797,76.15702056884766,65.59695434570312,92.16771697998047,81.86325073242188,0.06800000369548798
2024-04-21,443.7612609863281,410.14556884765625,239.1525421142578,54.32725524902344,475.2982177734375,42.0,72.95623779296875,38.539390563964844,163.5118865966797,76.15702056884766,65.59695434570312,92.16771697998047,81.86325073242188,0.06800000369548798
2024-04-22,447.61279296875,414.2703552246094,241.5028533935547,54.89033126831055,481.7953796386719,42.599998474121094,73.6026840209961,38.8692741394043,164.34432983398438,79.47314453125,65.624755859375,92.17688751220703,81.72550964355469,0.01759999990463257
2024-04-23,453.258544921875,420.452392578125,244.37973022460938,55.415870666503906,489.7087707519531,43.869998931884766,74.27684783935547,39.18972396850586,165.39476013183594,82.37650299072266,65.74522399902344,92.1860580444336,81.7530288696289,0.03799999877810478
2024-04-24,452.9270324707031,421.8768005371094,244.43824768066406,55.34079360961914,490.49114990234375,43.900001525878906,74.41535186767578,39.312252044677734,167.4956512451172,79.63207244873047,65.57842254638672,92.19520568847656,81.17452239990234,0.03799999877810478
2024-04-25,451.05487060546875,419.8391418457031,243.2777099609375,55.2375602722168,490.689208984375,43.61000061035156,73.99056243896484,39.434783935546875,168.35780334472656,82.58540344238281,65.39308166503906,92.24102020263672,80.60521697998047,0.06800000369548798
2024-04-26,455.56951904296875,426.3179931640625,245.54022216796875,55.688018798828125,499.1076965332031,44.06999969482422,74.02750396728516,39.88718795776367,167.7731170654297,87.6855239868164,65.54134368896484,92.25936126708984,81.02760314941406,0.03999999910593033
2024-04-27,455.56951904296875,426.3179931640625,245.54022216796875,55.688018798828125,499.1076965332031,44.06999969482422,74.02750396728516,39.88718795776367,167.7731170654297,87.6855239868164,65.54134368896484,92.25936126708984,81.02760314941406,0.03999999910593033
2024-04-28,455.56951904296875,426.3179931640625,245.54022216796875,55.688018798828125,499.1076965332031,44.06999969482422,74.02750396728516,39.88718795776367,167.7731170654297,87.6855239868164,65.54134368896484,92.25936126708984,81.02760314941406,0.03999999910593033
2024-04-29,457.158935546875,428.0489501953125,246.50570678710938,56.03524398803711,501.0885314941406,45.130001068115234,74.7847671508789,40.28304672241211,171.93524169921875,87.70751953125,65.73595428466797,92.25936126708984,81.70711517333984,0.039000000804662704
2024-04-30,449.93353271484375,419.9776306152344,242.4488067626953,55.27509689331055,489.9860534667969,43.459999084472656,73.51957702636719,39.74580764770508,168.79383850097656,86.353271484375,65.48574829101562,92.26851654052734,81.00923919677734,0.039000000804662704
2024-05-01,448.47088623046875,416.94097900390625,241.84414672851562,55.228172302246094,484.6773986816406,43.81999969482422,73.54727172851562,39.79294204711914,167.7731170654297,82.99414825439453,65.72183990478516,92.30348205566406,81.60636138916016,0.039000000804662704
2024-05-02,452.65399169921875,422.26251220703125,244.3504638671875,56.17601776123047,491.3032531738281,44.93000030517578,74.58159637451172,40.763729095458984,171.469482421875,85.76860046386719,65.98209381103516,92.34030151367188,81.95655059814453,0.039000000804662704
2024-05-03,458.2705078125,430.74932861328125,247.24685668945312,56.673397064208984,504.57476806640625,45.470001220703125,75.08028411865234,41.121883392333984,181.72613525390625,88.73892211914062,66.31668853759766,92.35870361328125,82.78587341308594,0.039000000804662704
2024-05-04,458.2705078125,430.74932861328125,247.24685668945312,56.673397064208984,504.57476806640625,45.470001220703125,75.08028411865234,41.121883392333984,181.72613525390625,88.73892211914062,66.31668853759766,92.35870361328125,82.78587341308594,0.039000000804662704
2024-05-05,458.2705078125,430.74932861328125,247.24685668945312,56.673397064208984,504.57476806640625,45.470001220703125,75.08028411865234,41.121883392333984,181.72613525390625,88.73892211914062,66.31668853759766,92.35870361328125,82.78587341308594,0.039000000804662704
2024-05-06,462.89239501953125,435.4674987792969,249.89942932128906,56.98309326171875,511.8741455078125,46.5,75.14492797851562,41.046478271484375,180.07118225097656,92.08802795410156,66.38174438476562,92.36788177490234,83.1083755493164,0.039000000804662704
2024-05-07,463.5554504394531,435.5367736816406,250.12374877929688,56.945552825927734,509.7348327636719,45.54999923706055,75.85603332519531,40.754295349121094,180.75497436523438,90.50292205810547,66.51187896728516,92.36788177490234,83.61519622802734,0.09799999743700027
2024-05-08,463.574951171875,435.2795715332031,249.94821166992188,56.8704719543457,510.4776306152344,44.43000030517578,75.21881103515625,40.71660232543945,181.09190368652344,90.36100769042969,66.3538818359375,92.39551544189453,83.1083755493164,0.039000000804662704
2024-05-09,466.2369384765625,436.2290954589844,251.4207763671875,57.21770095825195,509.9725341796875,44.15999984741211,76.76105499267578,40.87682342529297,182.90541076660156,88.69694519042969,66.53047180175781,92.423095703125,83.51384735107422,0.039000000804662704
2024-05-10,466.8122863769531,437.2579040527344,251.65481567382812,57.29277801513672,511.3094787597656,42.91999816894531,76.54863739013672,40.9616584777832,181.6451416015625,89.82731628417969,66.3445816040039,92.4507064819336,83.04386138916016,0.039000000804662704
2024-05-11,466.8122863769531,437.2579040527344,251.65481567382812,57.29277801513672,511.3094787597656,42.91999816894531,76.54863739013672,40.9616584777832,181.6451416015625,89.82731628417969,66.3445816040039,92.4507064819336,83.04386138916016,0.039000000804662704
2024-05-12,466.8122863769531,437.2579040527344,251.65481567382812,57.29277801513672,511.3094787597656,42.91999816894531,76.54863739013672,40.9616584777832,181.6451416015625,89.82731628417969,66.3445816040039,92.4507064819336,83.04386138916016,0.039000000804662704
2024-05-13,466.84149169921875,438.2667541503906,251.79139709472656,57.38663101196289,513.805419921875,44.16999816894531,76.79798889160156,41.2821044921875,184.85035705566406,90.34800720214844,66.40033721923828,92.45991516113281,83.25581359863281,0.039000000804662704
2024-05-14,469.0549621582031,441.0857849121094,253.02015686035156,57.74323272705078,519.0942993164062,45.119998931884766,77.38902282714844,41.489463806152344,185.9915313720703,91.30447387695312,66.59553527832031,92.45991516113281,83.72577667236328,0.020099999383091927
2024-05-15,474.7689514160156,447.9800720214844,256.131103515625,58.32508087158203,530.9791259765625,45.77000045776367,78.46028900146484,41.84761428833008,188.26394653320312,94.5766372680664,67.02307891845703,92.47831726074219,84.86841583251953,0.039000000804662704
2024-05-16,473.8621520996094,447.070068359375,255.43870544433594,58.12799835205078,528.7308959960938,44.959999084472656,78.40487670898438,42.007843017578125,188.38304138183594,94.30579376220703,66.91153717041016,92.52433013916016,84.78547668457031,0.008299999870359898
2024-05-17,474.5641784667969,446.85247802734375,255.79953002929688,58.38138961791992,527.443359375,45.45000076293945,78.39563751220703,42.3094482421875,188.41282653808594,92.42683410644531,66.74422454833984,92.53352355957031,84.21417236328125,0.032999999821186066
2024-05-18,474.5641784667969,446.85247802734375,255.79953002929688,58.38138961791992,527.443359375,45.45000076293945,78.39563751220703,42.3094482421875,188.41282653808594,92.42683410644531,66.74422454833984,92.53352355957031,84.21417236328125,0.032999999821186066
2024-05-19,474.5641784667969,446.85247802734375,255.79953002929688,58.38138961791992,527.443359375,45.45000076293945,78.39563751220703,42.3094482421875,188.41282653808594,92.42683410644531,66.74422454833984,92.53352355957031,84.21417236328125,0.032999999821186066
2024-05-20,475.0322570800781,449.96826171875,256.06280517578125,58.38138961791992,534.128662109375,45.599998474121094,77.93389129638672,42.2151985168457,189.57383728027344,94.7265396118164,66.67919921875,92.542724609375,83.96537780761719,0.02500000037252903
2024-05-21,476.30963134765625,450.8485412597656,256.58941650390625,58.21247100830078,534.6338500976562,45.20000076293945,77.90618896484375,41.97013854980469,190.873779296875,95.33220672607422,66.818603515625,92.56112670898438,84.39846801757812,0.039000000804662704
2024-05-22,474.9249572753906,450.75958251953125,255.72149658203125,57.77138900756836,534.762451171875,44.9900016784668,77.20431518554688,41.84761428833008,189.43492126464844,94.89643859863281,66.73493957519531,92.57034301757812,84.49983215332031,0.039000000804662704
2024-05-23,471.3951721191406,448.7318420410156,253.54678344726562,57.38663101196289,534.8021240234375,43.61000061035156,75.54204559326172,41.52716827392578,185.44578552246094,103.74046325683594,66.53975677490234,92.63473510742188,83.95616149902344,0.017999999225139618
2024-05-24,474.60321044921875,452.9752502441406,255.38015747070312,57.846473693847656,540.0018310546875,44.380001068115234,75.5974349975586,41.659114837646484,188.52197265625,106.40895080566406,66.61409759521484,92.64395904541016,84.20494079589844,0.012000000104308128
2024-05-25,474.60321044921875,452.9752502441406,255.38015747070312,57.846473693847656,540.0018310546875,44.380001068115234,75.5974349975586,41.659114837646484,188.52197265625,106.40895080566406,66.61409759521484,92.64395904541016,84.20494079589844,0.012000000104308128
2024-05-26,474.60321044921875,452.9752502441406,255.38015747070312,57.846473693847656,540.0018310546875,44.380001068115234,75.5974349975586,41.659114837646484,188.52197265625,106.40895080566406,66.61409759521484,92.64395904541016,84.20494079589844,0.012000000104308128
2024-05-27,474.60321044921875,452.9752502441406,255.38015747070312,57.846473693847656,540.0018310546875,44.380001068115234,75.5974349975586,41.659114837646484,188.52197265625,106.40895080566406,66.61409759521484,92.64395904541016,84.20494079589844,0.012000000104308128
2024-05-28,474.9834899902344,454.6864318847656,255.38015747070312,57.82769775390625,544.6467895507812,44.029998779296875,75.09874725341797,41.54600524902344,188.53187561035156,113.83675384521484,66.29811096191406,92.65314483642578,82.997802734375,0.021800000220537186
2024-05-29,471.6389465332031,451.48162841796875,253.28346252441406,56.861087799072266,542.7453002929688,43.47999954223633,74.36918640136719,41.027626037597656,188.82958984375,114.7602310180664,66.05644226074219,92.65314483642578,81.99340057373047,0.028999999165534973
2024-05-30,468.4698791503906,446.644775390625,252.04493713378906,57.21770095825195,529.9492797851562,42.790000915527344,75.45891571044922,40.95222854614258,189.8218994140625,110.43767547607422,66.3445816040039,92.6715316772461,82.78587341308594,0.028999999165534973
2024-05-31,472.5457763671875,445.8138732910156,253.98558044433594,57.499244689941406,529.483642578125,42.45000076293945,76.87185668945312,40.60350036621094,190.77455139160156,109.57115173339844,66.58623504638672,92.70836639404297,83.34796142578125,0.02889999933540821
2024-06-01,472.5457763671875,445.8138732910156,253.98558044433594,57.499244689941406,529.483642578125,42.45000076293945,76.87185668945312,40.60350036621094,190.77455139160156,109.57115173339844,66.58623504638672,92.70836639404297,83.34796142578125,0.02889999933540821
2024-06-02,472.5457763671875,445.8138732910156,253.98558044433594,57.499244689941406,529.483642578125,42.45000076293945,76.87185668945312,40.60350036621094,190.77455139160156,109.57115173339844,66.58623504638672,92.70836639404297,83.34796142578125,0.02889999933540821
2024-06-03,473.0625915527344,448.2076110839844,254.06361389160156,57.74323272705078,532.2666625976562,42.97999954223633,76.6964111328125,41.00877380371094,192.54090881347656,114.93513488769531,66.9582290649414,92.7268295288086,84.69608306884766,0.029999999329447746
2024-06-04,473.6378479003906,449.43414306640625,254.03433227539062,57.36785888671875,532.5935668945312,43.22999954223633,77.28743743896484,40.36787033081055,192.85842895507812,116.37132263183594,67.20993041992188,92.7453384399414,85.68544006347656,0.02889999933540821
2024-06-05,479.3030700683594,458.4946594238281,257.1453552246094,57.88400650024414,546.162109375,44.150001525878906,77.1950912475586,40.88624954223633,194.36676025390625,122.3709487915039,67.39640045166016,92.76382446289062,86.3141860961914,0.06800000369548798
2024-06-06,479.1958312988281,458.3363037109375,256.9210510253906,58.071693420410156,544.6171875,44.7599983215332,77.34284973144531,41.07475662231445,192.9874267578125,120.92975616455078,67.4057388305664,92.76382446289062,86.18473815917969,0.06800000369548798
2024-06-07,478.57177734375,457.9307861328125,256.4334411621094,57.41477966308594,544.577392578125,43.79999923706055,76.61328125,40.73545455932617,195.37893676757812,120.81982421875,66.86499786376953,92.80079650878906,84.60363006591797,0.06800000369548798
2024-06-08,478.57177734375,457.9307861328125,256.4334411621094,57.41477966308594,544.577392578125,43.79999923706055,76.61328125,40.73545455932617,195.37893676757812,120.81982421875,66.86499786376953,92.80079650878906,84.60363006591797,0.06800000369548798
2024-06-09,478.57177734375,457.9307861328125,256.4334411621094,57.41477966308594,544.577392578125,43.79999923706055,76.61328125,40.73545455932617,195.37893676757812,120.81982421875,66.86499786376953,92.80079650878906,84.60363006591797,0.06800000369548798
2024-06-10,480.14166259765625,459.7804870605469,257.2915954589844,57.5649299621582,546.4591674804688,44.150001525878906,76.87185668945312,40.95222854614258,191.6378631591797,121.72129821777344,66.762451171875,92.81927490234375,84.03958892822266,0.01720000058412552
2024-06-11,481.2337646484375,462.9358215332031,257.73040771484375,57.04878234863281,554.125,44.15999984741211,76.59481048583984,40.857975006103516,205.56021118164062,120.85173034667969,67.03279876708984,92.83776092529297,84.90874481201172,0.02889999933540821
2024-06-12,485.2413635253906,468.999267578125,260.15875244140625,57.64939498901367,566.039794921875,45.08000183105469,77.2781982421875,41.178428649902344,211.43475341796875,125.1396713256836,67.3404769897461,92.85623168945312,85.54674530029297,0.03880000114440918
2024-06-13,486.157958984375,471.54132080078125,260.2757873535156,57.04878234863281,571.635498046875,44.380001068115234,77.59220123291016,41.13130569458008,212.5957794189453,129.5475311279297,67.63880157470703,92.865478515625,86.80423736572266,0.03799999877810478
2024-06-14,486.54803466796875,473.9844970703125,260.08074951171875,56.72970962524414,573.85400390625,43.869998931884766,77.57372283935547,41.244407653808594,210.85923767089844,131.8164520263672,67.74134826660156,92.91168975830078,87.53469848632812,0.03799999877810478
2024-06-15,486.54803466796875,473.9844970703125,260.08074951171875,56.72970962524414,573.85400390625,43.869998931884766,77.57372283935547,41.244407653808594,210.85923767089844,131.8164520263672,67.74134826660156,92.91168975830078,87.53469848632812,0.03799999877810478
2024-06-16,486.54803466796875,473.9844970703125,260.08074951171875,56.72970962524414,573.85400390625,43.869998931884766,77.57372283935547,41.244407653808594,210.85923767089844,131.8164520263672,67.74134826660156,92.91168975830078,87.53469848632812,0.03799999877810478
2024-06-17,490.4093322753906,479.7907409667969,262.0604553222656,56.92678451538086,580.8463134765625,44.130001068115234,77.26897430419922,41.47060775756836,215.00711059570312,130.91688537597656,67.48963928222656,92.92094421386719,86.66553497314453,0.03790000081062317
2024-06-18,491.71588134765625,479.9391174316406,262.7235412597656,57.18954849243164,583.1737670898438,43.68000030517578,77.57372283935547,41.80049133300781,212.6453857421875,135.5146484375,67.72270965576172,92.94865417480469,87.46072387695312,0.06800000369548798
2024-06-19,491.71588134765625,479.9391174316406,262.7235412597656,57.18954849243164,583.1737670898438,43.68000030517578,77.57372283935547,41.80049133300781,212.6453857421875,135.5146484375,67.72270965576172,92.94865417480469,87.46072387695312,0.06800000369548798
2024-06-20,490.3507995605469,476.23968505859375,262.0604553222656,57.15201950073242,575.18115234375,43.369998931884766,77.35208129882812,41.7250862121582,208.07078552246094,130.71697998046875,67.59219360351562,92.95790100097656,86.87821197509766,0.03500000014901161
2024-06-21,489.2781982421875,474.9637145996094,261.66058349609375,56.815242767333984,572.199951171875,43.31999969482422,77.5460205078125,41.58316421508789,205.89759826660156,126.50900268554688,67.6108169555664,92.99485778808594,86.87821197509766,0.03790000081062317
2024-06-22,489.2781982421875,474.9637145996094,261.66058349609375,56.815242767333984,572.199951171875,43.31999969482422,77.5460205078125,41.58316421508789,205.89759826660156,126.50900268554688,67.6108169555664,92.99485778808594,86.87821197509766,0.03790000081062317
2024-06-23,489.2781982421875,474.9637145996094,261.66058349609375,56.815242767333984,572.199951171875,43.31999969482422,77.5460205078125,41.58316421508789,205.89759826660156,126.50900268554688,67.6108169555664,92.99485778808594,86.87821197509766,0.03790000081062317
2024-06-24,487.96185302734375,469.5564270019531,261.2216796875,57.23147201538086,561.70166015625,43.2400016784668,78.14628601074219,41.554779052734375,206.54261779785156,118.05307006835938,67.64811706542969,93.00411224365234,87.22956085205078,0.037300001829862595
2024-06-25,489.9900207519531,474.92608642578125,262.0799255371094,57.23147201538086,569.7438354492188,43.33000183105469,77.18585205078125,41.431785583496094,207.46546936035156,126.02922821044922,67.68540954589844,93.02259063720703,87.37751007080078,0.037300001829862595
2024-06-26,490.5361022949219,475.9068908691406,262.0701904296875,56.89091873168945,570.8828125,43.58000183105469,76.94574737548828,41.3182487487793,211.61337280273438,126.3390884399414,67.36842346191406,93.0318374633789,86.1292495727539,0.028999999165534973
2024-06-27,491.2966613769531,477.1353454589844,262.70404052734375,56.99497604370117,572.021728515625,44.0099983215332,77.69378662109375,41.29932403564453,212.45684814453125,123.93025207519531,67.48963928222656,93.04106903076172,86.47138214111328,0.03700000047683716
2024-06-28,489.40216064453125,474.6585998535156,261.8056640625,57.04227828979492,571.8154296875,43.95000076293945,78.31366729736328,41.40340042114258,209.0035400390625,123.48047637939453,67.17266845703125,93.0780258178711,84.86251068115234,0.03680000081658363
2024-06-29,489.40216064453125,474.6585998535156,261.8056640625,57.04227828979492,571.8154296875,43.95000076293945,78.31366729736328,41.40340042114258,209.0035400390625,123.48047637939453,67.17266845703125,93.0780258178711,84.86251068115234,0.03680000081658363
2024-06-30,489.40216064453125,474.6585998535156,261.8056640625,57.04227828979492,571.8154296875,43.95000076293945,78.31366729736328,41.40340042114258,209.0035400390625,123.48047637939453,67.17266845703125,93.0780258178711,84.86251068115234,0.03680000081658363
2024-07-01,490.5274658203125,477.4425048828125,262.3341064453125,57.108497619628906,577.4286499023438,44.45000076293945,77.57504272460938,41.49802017211914,215.08651733398438,124.24010467529297,66.81822204589844,93.11425018310547,83.39789581298828,0.03680000081658363
2024-07-02,493.707763671875,482.45550537109375,263.85107421875,57.32606887817383,581.2666625976562,44.81999969482422,77.9396743774414,41.64939880371094,218.5795135498047,122.61087799072266,67.01461029052734,93.12353515625,84.04717254638672,0.03660000115633011
2024-07-03,495.93890380859375,486.477783203125,264.93731689453125,58.00716781616211,587.9805297851562,45.61000061035156,77.8648681640625,42.2643928527832,219.8496856689453,128.21817016601562,67.39801788330078,93.15138244628906,85.15099334716797,0.020099999383091927
2024-07-04,495.93890380859375,486.477783203125,264.93731689453125,58.00716781616211,587.9805297851562,45.61000061035156,77.8648681640625,42.2643928527832,219.8496856689453,128.21817016601562,67.39801788330078,93.15138244628906,85.15099334716797,0.020099999383091927
2024-07-05,498.90386962890625,491.5501708984375,266.31732177734375,58.3004264831543,590.9755249023438,45.95000076293945,78.07992553710938,42.25493240356445,224.6029052734375,125.76936340332031,67.7066421508789,93.18851470947266,85.85594177246094,0.03999999910593033
2024-07-06,498.90386962890625,491.5501708984375,266.31732177734375,58.3004264831543,590.9755249023438,45.95000076293945,78.07992553710938,42.25493240356445,224.6029052734375,125.76936340332031,67.7066421508789,93.18851470947266,85.85594177246094,0.03999999910593033
2024-07-07,498.90386962890625,491.5501708984375,266.31732177734375,58.3004264831543,590.9755249023438,45.95000076293945,78.07992553710938,42.25493240356445,224.6029052734375,125.76936340332031,67.7066421508789,93.18851470947266,85.85594177246094,0.03999999910593033
2024-07-08,499.3833312988281,492.71923828125,266.6794128417969,58.13014602661133,594.9423828125,45.88999938964844,78.33236694335938,42.25493240356445,226.07156372070312,128.13819885253906,67.7066421508789,93.20709228515625,86.04144287109375,0.03500000014901161
2024-07-09,499.9313659667969,493.1452331542969,266.6109313964844,58.02608871459961,593.6729736328125,46.04999923706055,78.31366729736328,42.43470001220703,226.92495727539062,131.3166961669922,67.67858123779297,93.20709228515625,85.66114807128906,0.03500000014901161
2024-07-10,504.745849609375,498.2870178222656,269.19464111328125,58.70719909667969,601.8248901367188,45.95000076293945,78.89335632324219,42.605003356933594,231.1919403076172,134.84500122070312,67.73468780517578,93.22565460205078,85.93014526367188,0.03999999910593033
2024-07-11,500.4206848144531,487.3594665527344,267.9908447265625,58.98152542114258,590.231689453125,45.709999084472656,81.15599822998047,42.936161041259766,225.82351684570312,127.33860778808594,68.07136535644531,93.24422454833984,86.76495361328125,0.039000000804662704
2024-07-12,503.5128479003906,490.2226257324219,269.76226806640625,59.49235153198242,595.7258911132812,46.790000915527344,81.77307891845703,43.134857177734375,228.7706756591797,129.17774963378906,68.24905395507812,93.29061126708984,87.13600158691406,0.03999999910593033
2024-07-13,503.5128479003906,490.2226257324219,269.76226806640625,59.49235153198242,595.7258911132812,46.790000915527344,81.77307891845703,43.134857177734375,228.7706756591797,129.17774963378906,68.24905395507812,93.29061126708984,87.13600158691406,0.03999999910593033
2024-07-14,503.5128479003906,490.2226257324219,269.76226806640625,59.49235153198242,595.7258911132812,46.790000915527344,81.77307891845703,43.134857177734375,228.7706756591797,129.17774963378906,68.24905395507812,93.29061126708984,87.13600158691406,0.03999999910593033
2024-07-15,505.0393371582031,491.5403137207031,270.9171142578125,59.00044631958008,598.7803344726562,47.70000076293945,82.32471466064453,42.690162658691406,232.6010284423828,128.37811279296875,68.03394317626953,93.29061126708984,86.13422393798828,0.039000000804662704
2024-07-16,507.9065856933594,491.72857666015625,273.1484680175781,59.33153533935547,599.5043334960938,49.400001525878906,83.33448791503906,42.964542388916016,233.01785278320312,126.29910278320312,68.29579162597656,93.3091812133789,87.3493423461914,0.03290000185370445
2024-07-17,500.81207275390625,477.2939147949219,269.2925109863281,58.87746810913086,577.904541015625,48.43000030517578,83.90483093261719,42.340087890625,227.12344360351562,117.93313598632812,68.36125183105469,93.3184585571289,87.36787414550781,0.039000000804662704
2024-07-18,497.0446472167969,475.0351257324219,266.9436340332031,58.30988693237305,574.8997802734375,46.56999969482422,83.16619873046875,41.971092224121094,222.45948791503906,121.0316390991211,68.18357849121094,93.33704376220703,86.70004272460938,0.039000000804662704
2024-07-19,493.72735595703125,470.8245544433594,265.2799377441406,57.922035217285156,568.07666015625,46.630001068115234,83.01660919189453,41.564247131347656,222.58851623535156,117.8731689453125,68.0058822631836,93.3741683959961,86.18984985351562,0.03700000047683716
2024-07-20,493.72735595703125,470.8245544433594,265.2799377441406,57.922035217285156,568.07666015625,46.630001068115234,83.01660919189453,41.564247131347656,222.58851623535156,117.8731689453125,68.0058822631836,93.3741683959961,86.18984985351562,0.03700000047683716
2024-07-21,493.72735595703125,470.8245544433594,265.2799377441406,57.922035217285156,568.07666015625,46.630001068115234,83.01660919189453,41.564247131347656,222.58851623535156,117.8731689453125,68.0058822631836,93.3741683959961,86.18984985351562,0.03700000047683716
2024-07-22,498.85498046875,477.8387145996094,268.04962158203125,58.451778411865234,579.3922119140625,47.65999984741211,83.87678527832031,41.88593673706055,222.24118041992188,123.48047637939453,67.97783660888672,93.39273071289062,85.9394302368164,0.039000000804662704
2024-07-23,498.0231628417969,476.15460205078125,267.85382080078125,58.10176467895508,578.3211669921875,47.7599983215332,83.81133270263672,41.450706481933594,223.28314208984375,122.53091430664062,67.9872055053711,93.40203094482422,85.81881713867188,0.03880000114440918
2024-07-24,486.62310791015625,459.07476806640625,261.8252258300781,57.373374938964844,555.6206665039062,44.709999084472656,82.57715606689453,41.01547622680664,216.86277770996094,114.19493865966797,67.79080200195312,93.41128540039062,84.89125061035156,0.03880000114440918
2024-07-25,484.16693115234375,454.0122375488281,260.8171691894531,57.08957290649414,550.3943481445312,45.189998626708984,82.30602264404297,40.91140365600586,215.82081604003906,112.22588348388672,67.9404296875,93.42986297607422,85.58695220947266,0.03880000114440918
2024-07-26,489.597900390625,458.6685485839844,263.9391784667969,57.80852127075195,556.909912109375,45.779998779296875,83.74588775634766,41.36555480957031,216.28726196289062,113.00550842285156,68.21163177490234,93.45769500732422,86.25479888916016,0.03880000114440918
2024-07-27,489.597900390625,458.6685485839844,263.9391784667969,57.80852127075195,556.909912109375,45.779998779296875,83.74588775634766,41.36555480957031,216.28726196289062,113.00550842285156,68.21163177490234,93.45769500732422,86.25479888916016,0.03880000114440918
2024-07-28,489.597900390625,458.6685485839844,263.9391784667969,57.80852127075195,556.909912109375,45.779998779296875,83.74588775634766,41.36555480957031,216.28726196289062,113.00550842285156,68.21163177490234,93.45769500732422,86.25479888916016,0.03880000114440918
2024-07-29,489.9599609375,459.58990478515625,263.9587097167969,57.56256103515625,554.8571166992188,45.93000030517578,84.17597198486328,41.223636627197266,216.56509399414062,111.53621673583984,68.29579162597656,93.48554229736328,86.7186050415039,0.039000000804662704
2024-07-30,487.3961486816406,453.2790832519531,262.8625793457031,57.5909423828125,544.265625,44.959999084472656,84.83045196533203,41.1100959777832,217.1207733154297,103.68001556396484,68.37995910644531,93.48554229736328,87.0525131225586,0.019099999219179153
2024-07-31,495.0777587890625,466.6933288574219,266.7577209472656,58.53691482543945,563.306640625,45.529998779296875,84.53126525878906,41.90486145019531,220.37562561035156,116.96359252929688,68.7540283203125,93.4948501586914,87.9429702758789,0.039000000804662704
2024-08-01,488.3258056640625,455.3893127441406,262.5787658691406,57.21255111694336,542.9464721679688,43.209999084472656,85.38209533691406,41.21417236328125,216.6841583251953,109.15736389160156,69.01107788085938,93.52561950683594,88.70145416259766,0.03700000047683716
2024-08-02,479.4013977050781,444.5806579589844,257.2939453125,56.23820114135742,529.627685546875,41.209999084472656,85.3353500366211,40.76948165893555,218.1726531982422,107.21829223632812,69.79899597167969,93.57222747802734,91.46552276611328,0.03449999913573265
2024-08-03,479.4013977050781,444.5806579589844,257.2939453125,56.23820114135742,529.627685546875,41.209999084472656,85.3353500366211,40.76948165893555,218.1726531982422,107.21829223632812,69.79899597167969,93.57222747802734,91.46552276611328,0.03449999913573265
2024-08-04,479.4013977050781,444.5806579589844,257.2939453125,56.23820114135742,529.627685546875,41.209999084472656,85.3353500366211,40.76948165893555,218.1726531982422,107.21829223632812,69.79899597167969,93.57222747802734,91.46552276611328,0.03449999913573265
2024-08-05,465.0069580078125,431.3249816894531,249.738525390625,54.89491271972656,511.0925598144531,39.59000015258789,82.89505767822266,39.6435661315918,207.66392517089844,100.4015884399414,69.73334503173828,93.58155059814453,91.94949340820312,0.039000000804662704
2024-08-06,469.645263671875,435.4463195800781,252.2733154296875,55.065189361572266,516.1701049804688,40.20000076293945,84.53126525878906,39.91794967651367,205.63958740234375,104.19976043701172,69.3018569946289,93.60018157958984,89.89271545410156,0.019999999552965164
2024-08-07,466.38665771484375,430.73052978515625,250.34532165527344,55.37736511230469,510.17022705078125,39.470001220703125,83.95157623291016,40.23017501831055,208.209716796875,98.86234283447266,69.13299560546875,93.60018157958984,89.2598876953125,0.03440000116825104
2024-08-08,477.2681884765625,443.9070129394531,256.2076110839844,56.40847396850586,527.8425903320312,41.290000915527344,84.77435302734375,41.10062789916992,211.6729278564453,104.91941833496094,69.02981567382812,93.6281967163086,88.71076965332031,0.03869999945163727
2024-08-09,479.31329345703125,446.2252502441406,257.3135070800781,56.59767532348633,531.20458984375,41.459999084472656,85.16703796386719,41.20470428466797,214.58042907714844,104.69951629638672,69.2737045288086,93.6561508178711,89.58557891845703,0.03869999945163727
2024-08-10,479.31329345703125,446.2252502441406,257.3135070800781,56.59767532348633,531.20458984375,41.459999084472656,85.16703796386719,41.20470428466797,214.58042907714844,104.69951629638672,69.2737045288086,93.6561508178711,89.58557891845703,0.03869999945163727
2024-08-11,479.31329345703125,446.2252502441406,257.3135070800781,56.59767532348633,531.20458984375,41.459999084472656,85.16703796386719,41.20470428466797,214.58042907714844,104.69951629638672,69.2737045288086,93.6561508178711,89.58557891845703,0.03869999945163727
2024-08-12,479.5579528808594,447.1862487792969,257.1471252441406,56.64496612548828,533.9615478515625,40.91999816894531,84.54060363769531,41.38447570800781,216.1103973388672,108.96746826171875,69.39567565917969,93.67481231689453,89.91132354736328,0.03400000184774399
2024-08-13,487.52337646484375,458.2821960449219,261.4239501953125,57.47742462158203,549.3927001953125,42.59000015258789,85.27924346923828,41.69670486450195,219.82598876953125,116.08402252197266,69.6583023071289,93.69345092773438,90.53487396240234,0.03440000116825104
2024-08-14,489.0792541503906,458.4307861328125,262.1677551269531,57.49634552001953,551.8125,41.90999984741211,85.5036392211914,41.431785583496094,220.27304077148438,118.02310943603516,69.78961944580078,93.71208953857422,91.10257720947266,0.03440000116825104
2024-08-15,497.4751892089844,470.0121765136719,266.7087707519531,58.2058219909668,566.6586303710938,43.91999816894531,85.43818664550781,41.88593673706055,223.2534637451172,122.80079650878906,69.49884033203125,93.72144317626953,90.36735534667969,0.03189999982714653
2024-08-16,498.52227783203125,470.61651611328125,267.344970703125,58.58422088623047,567.9676513671875,44.09000015258789,85.39144134521484,42.321163177490234,224.57479858398438,124.51995849609375,69.64891052246094,93.75872802734375,90.68376922607422,0.039000000804662704
2024-08-17,498.52227783203125,470.61651611328125,267.344970703125,58.58422088623047,567.9676513671875,44.09000015258789,85.39144134521484,42.321163177490234,224.57479858398438,124.51995849609375,69.64891052246094,93.75872802734375,90.68376922607422,0.039000000804662704
2024-08-18,498.52227783203125,470.61651611328125,267.344970703125,58.58422088623047,567.9676513671875,44.09000015258789,85.39144134521484,42.321163177490234,224.57479858398438,124.51995849609375,69.64891052246094,93.75872802734375,90.68376922607422,0.039000000804662704
2024-08-19,503.3171081542969,476.79852294921875,269.8699035644531,59.24639892578125,575.8815307617188,45.09000015258789,86.10200500488281,42.75638961791992,224.4158477783203,129.93734741210938,69.73334503173828,93.76803588867188,91.10257720947266,0.039000000804662704
2024-08-20,502.4853515625,475.79791259765625,269.2142028808594,58.962608337402344,573.9576416015625,44.540000915527344,85.99918365478516,42.340087890625,225.03179931640625,127.18868255615234,69.93970489501953,93.77738189697266,91.82848358154297,0.039000000804662704
2024-08-21,504.2467956542969,478.0171203613281,270.5647888183594,59.44505310058594,577.2203979492188,45.61000061035156,86.45731353759766,42.53877639770508,224.92250061035156,128.43804931640625,70.08979034423828,93.80535888671875,91.88433074951172,0.04899999871850014
2024-08-22,500.1662292480469,470.4382629394531,268.2746887207031,58.97206497192383,565.1411743164062,44.25,86.70975494384766,42.03731918334961,223.064697265625,123.68035888671875,69.80838775634766,93.80535888671875,90.97227478027344,0.04899999871850014
2024-08-23,505.5776062011719,475.54034423828125,271.670654296875,60.012638092041016,575.2072143554688,46.2400016784668,88.61711120605469,42.642860412597656,225.359619140625,129.30763244628906,70.11793518066406,93.8426513671875,91.56792449951172,0.06800000369548798
2024-08-24,505.5776062011719,475.54034423828125,271.670654296875,60.012638092041016,575.2072143554688,46.2400016784668,88.61711120605469,42.642860412597656,225.359619140625,129.30763244628906,70.11793518066406,93.8426513671875,91.56792449951172,0.06800000369548798
2024-08-25,505.5776062011719,475.54034423828125,271.670654296875,60.012638092041016,575.2072143554688,46.2400016784668,88.61711120605469,42.642860412597656,225.359619140625,129.30763244628906,70.11793518066406,93.8426513671875,91.56792449951172,0.06800000369548798
2024-08-26,504.3348693847656,470.92364501953125,270.9856262207031,59.72884750366211,569.7626953125,45.72999954223633,88.57971954345703,42.36846923828125,225.69740295410156,126.39905548095703,70.04290008544922,93.86129760742188,91.33524322509766,0.04879999905824661
2024-08-27,505.01007080078125,472.3304748535156,271.2302551269531,59.93696212768555,572.4204711914062,45.41999816894531,88.71060943603516,42.415775299072266,226.54188537597656,128.23817443847656,70.04290008544922,93.87061309814453,91.1770248413086,0.04879999905824661
2024-08-28,502.1233215332031,466.970703125,269.57635498046875,59.624786376953125,564.8734741210938,44.27000045776367,88.36466979980469,42.141395568847656,225.0119171142578,125.54946899414062,69.9959945678711,93.87992858886719,91.06535339355469,0.04830000177025795
2024-08-29,502.2016296386719,466.28717041015625,269.8405456542969,59.776145935058594,563.3661499023438,44.68000030517578,88.0935287475586,42.19816589355469,228.29037475585938,117.53331756591797,69.892822265625,93.88927459716797,90.76753234863281,0.03680000081658363
2024-08-30,506.927978515625,471.8450012207031,272.4438171386719,59.9464225769043,569.2171630859375,44.81999969482422,88.94435119628906,42.31169891357422,227.5055389404297,119.31246948242188,69.75211334228516,93.93588256835938,89.79963684082031,0.045899998396635056
2024-08-31,506.927978515625,471.8450012207031,272.4438171386719,59.9464225769043,569.2171630859375,44.81999969482422,88.94435119628906,42.31169891357422,227.5055389404297,119.31246948242188,69.75211334228516,93.93588256835938,89.79963684082031,0.045899998396635056
2024-09-01,506.927978515625,471.8450012207031,272.4438171386719,59.9464225769043,569.2171630859375,44.81999969482422,88.94435119628906,42.31169891357422,227.5055389404297,119.31246948242188,69.75211334228516,93.93588256835938,89.79963684082031,0.045899998396635056
2024-09-02,506.927978515625,471.8450012207031,272.4438171386719,59.9464225769043,569.2171630859375,44.81999969482422,88.94435119628906,42.31169891357422,227.5055389404297,119.31246948242188,69.75211334228516,93.93588256835938,89.79963684082031,0.045899998396635056
2024-09-03,496.6728210449219,457.5193176269531,266.5815734863281,58.93422317504883,544.1465454101562,42.97999954223633,88.89761352539062,41.6683235168457,221.3162078857422,107.94795227050781,70.04942321777344,93.97709655761719,91.26835632324219,0.03620000183582306
2024-09-04,495.4398193359375,456.33050537109375,265.98455810546875,58.81124496459961,542.976318359375,42.869998931884766,89.15005493164062,41.64939880371094,219.4087371826172,106.1588134765625,70.35992431640625,93.98646545410156,92.4448013305664,0.05000000074505806
2024-09-05,494.21661376953125,456.7565002441406,265.1624755859375,58.905845642089844,541.766357421875,43.599998474121094,88.86021423339844,41.762935638427734,220.92874145507812,107.15834045410156,70.529296875,94.01453399658203,92.96764373779297,0.03009999915957451
2024-09-06,485.987060546875,444.521240234375,260.7584228515625,57.81797409057617,528.7550048828125,41.59000015258789,88.77606201171875,41.15740203857422,219.37892150878906,102.78044891357422,70.61397552490234,94.05201721191406,92.95832061767578,0.06800000369548798
2024-09-07,485.987060546875,444.521240234375,260.7584228515625,57.81797409057617,528.7550048828125,41.59000015258789,88.77606201171875,41.15740203857422,219.37892150878906,102.78044891357422,70.61397552490234,94.05201721191406,92.95832061767578,0.06800000369548798
2024-09-08,485.987060546875,444.521240234375,260.7584228515625,57.81797409057617,528.7550048828125,41.59000015258789,88.77606201171875,41.15740203857422,219.37892150878906,102.78044891357422,70.61397552490234,94.05201721191406,92.95832061767578,0.06800000369548798
2024-09-09,491.4571533203125,450.2375793457031,263.5476989746094,58.413944244384766,535.8954467773438,42.63999938964844,89.76713562011719,41.441246032714844,219.46835327148438,106.41869354248047,70.70805358886719,94.0614013671875,93.35981750488281,0.04899999871850014
2024-09-10,493.4827575683594,454.3986511230469,264.57525634765625,58.17744827270508,541.3300170898438,43.290000915527344,91.06674194335938,41.34663391113281,218.67355346679688,108.04789733886719,70.9432601928711,94.08013916015625,94.0134048461914,0.04899999871850014
2024-09-11,498.53204345703125,464.2660827636719,267.20794677734375,58.5085334777832,556.9298095703125,44.22999954223633,90.88911437988281,41.60209655761719,221.20692443847656,116.8536605834961,70.9056167602539,94.08013916015625,93.93870544433594,0.04899999871850014
2024-09-12,502.818115234375,468.82330322265625,269.42950439453125,59.03828430175781,561.2140502929688,44.97999954223633,91.27245330810547,41.8764762878418,221.3162078857422,119.0927734375,70.83035278320312,94.08949279785156,93.49987030029297,0.04989999905228615
2024-09-13,505.4895324707031,470.92364501953125,271.30853271484375,59.19910430908203,564.5263671875,45.7599983215332,92.22612762451172,42.065704345703125,221.0479278564453,119.05278015136719,70.98091125488281,94.14567565917969,93.75196075439453,0.04989999905228615
2024-09-14,505.4895324707031,470.92364501953125,271.30853271484375,59.19910430908203,564.5263671875,45.7599983215332,92.22612762451172,42.065704345703125,221.0479278564453,119.05278015136719,70.98091125488281,94.14567565917969,93.75196075439453,0.04989999905228615
2024-09-15,505.4895324707031,470.92364501953125,271.30853271484375,59.19910430908203,564.5263671875,45.7599983215332,92.22612762451172,42.065704345703125,221.0479278564453,119.05278015136719,70.98091125488281,94.14567565917969,93.75196075439453,0.04989999905228615
2024-09-16,506.25274658203125,468.8431396484375,271.8468017578125,59.58695983886719,561.2140502929688,45.689998626708984,92.53466796875,42.2265510559082,214.90830993652344,116.73370361328125,71.16908264160156,94.16442108154297,94.61096954345703,0.04989999905228615
2024-09-17,506.4876403808594,469.0908203125,272.1208801269531,59.39775848388672,560.9263305664062,46.060001373291016,91.8895263671875,42.273860931396484,215.37522888183594,115.54417419433594,71.07498931884766,94.16442108154297,94.15345001220703,0.04989999905228615
2024-09-18,504.8437194824219,467.0598449707031,271.4357604980469,59.19910430908203,558.3380126953125,46.18000030517578,91.77733612060547,42.12247085571289,219.249755859375,113.3250503540039,70.85858154296875,94.1925277709961,92.98633575439453,0.04989999905228615
2024-09-19,513.650634765625,478.869140625,276.03558349609375,60.35318374633789,574.8502807617188,47.41999816894531,91.7960433959961,43.00238800048828,227.37635803222656,117.82327270507812,70.85858154296875,94.21124267578125,92.67821502685547,0.04989999905228615
2024-09-20,512.642822265625,477.9576721191406,275.4581604003906,59.927581787109375,572.8369140625,46.900001525878906,91.431396484375,42.977718353271484,226.71075439453125,115.95401763916016,70.84917449951172,94.24870300292969,92.32342529296875,0.04899999871850014
2024-09-21,512.642822265625,477.9576721191406,275.4581604003906,59.927581787109375,572.8369140625,46.900001525878906,91.431396484375,42.977718353271484,226.71075439453125,115.95401763916016,70.84917449951172,94.24870300292969,92.32342529296875,0.04899999871850014
2024-09-22,512.642822265625,477.9576721191406,275.4581604003906,59.927581787109375,572.8369140625,46.900001525878906,91.431396484375,42.977718353271484,226.71075439453125,115.95401763916016,70.84917449951172,94.24870300292969,92.32342529296875,0.04899999871850014
2024-09-23,513.905029296875,479.224609375,276.1432189941406,60.241085052490234,572.638671875,46.939998626708984,92.33832550048828,43.32882308959961,224.99205017089844,116.21391296386719,70.80213165283203,94.27680969238281,92.1273422241211,0.04899999871850014
2024-09-24,515.3826904296875,481.5361633300781,276.83807373046875,61.077110290527344,577.805419921875,47.45000076293945,92.46922302246094,44.837646484375,225.8861541748047,120.82209014892578,70.88681030273438,94.28617095947266,92.10865783691406,0.04899999871850014
2024-09-25,514.3355712890625,481.9826354980469,275.9279479980469,60.611595153808594,578.1923217773438,46.86000061035156,91.85213470458984,44.38215637207031,224.8927001953125,123.4610366821289,70.62338256835938,94.28617095947266,91.34305572509766,0.04899999871850014
2024-09-26,516.380859375,485.6037902832031,277.1610412597656,62.10313415527344,585.3623657226562,47.27000045776367,91.02001190185547,45.79608154296875,226.0352020263672,123.99082946777344,70.62338256835938,94.29552459716797,91.55775451660156,0.04899999871850014
2024-09-27,515.7122802734375,482.9052429199219,276.88714599609375,61.82763671875,581.0188598632812,47.880001068115234,91.13597106933594,45.78659439086914,226.3034210205078,121.35187530517578,70.83035278320312,94.3330078125,92.03396606445312,0.04899999871850014
2024-09-28,515.7122802734375,482.9052429199219,276.88714599609375,61.82763671875,581.0188598632812,47.880001068115234,91.13597106933594,45.78659439086914,226.3034210205078,121.35187530517578,70.83035278320312,94.3330078125,92.03396606445312,0.04899999871850014
2024-09-29,515.7122802734375,482.9052429199219,276.88714599609375,61.82763671875,581.0188598632812,47.880001068115234,91.13597106933594,45.78659439086914,226.3034210205078,121.35187530517578,70.83035278320312,94.3330078125,92.03396606445312,0.04899999871850014
2024-09-30,517.9601440429688,484.2148742675781,277.976806640625,61.5046272277832,582.5684204101562,47.529998779296875,91.85255432128906,45.40701675415039,231.4794464111328,121.3918685913086,70.67041015625,94.3330078125,91.59513854980469,0.04899999871850014
2024-10-01,513.1209716796875,477.46856689453125,275.4440612792969,61.34311294555664,567.9276123046875,46.18000030517578,91.258544921875,45.748634338378906,224.73374938964844,116.95362091064453,70.87895202636719,94.37061309814453,92.25645446777344,0.029899999499320984
2024-10-02,513.209228515625,478.1432189941406,275.5029602050781,61.561622619628906,571.50341796875,45.869998931884766,90.93797302246094,46.69758605957031,225.30003356933594,118.8028793334961,70.7468490600586,94.37061309814453,91.47899627685547,0.039900001138448715
2024-10-03,512.237548828125,477.7860107421875,274.91400146484375,60.91560745239258,573.7482299804688,45.38999938964844,90.10826873779297,45.995365142822266,224.197265625,122.80130004882812,70.4354248046875,94.38003540039062,90.6172103881836,0.047600001096725464
2024-10-04,516.9590454101562,483.4707946777344,277.5743408203125,61.38112258911133,581.0983276367188,46.54999923706055,89.67455291748047,46.555240631103516,225.31988525390625,124.87047576904297,69.97303771972656,94.41765594482422,89.50253295898438,0.047600001096725464
2024-10-05,516.9590454101562,483.4707946777344,277.5743408203125,61.38112258911133,581.0983276367188,46.54999923706055,89.67455291748047,46.555240631103516,225.31988525390625,124.87047576904297,69.97303771972656,94.41765594482422,89.50253295898438,0.047600001096725464
2024-10-06,516.9590454101562,483.4707946777344,277.5743408203125,61.38112258911133,581.0983276367188,46.54999923706055,89.67455291748047,46.555240631103516,225.31988525390625,124.87047576904297,69.97303771972656,94.41765594482422,89.50253295898438,0.047600001096725464
2024-10-07,512.30615234375,478.2920227050781,275.04156494140625,61.25761032104492,576.9266967773438,45.90999984741211,88.88256072998047,46.96328353881836,220.2432403564453,127.66936492919922,69.76544189453125,94.42709350585938,88.8281021118164,0.04859999939799309
2024-10-08,517.1552124023438,485.43511962890625,277.3583984375,60.678096771240234,587.4452514648438,46.63999938964844,89.06170654296875,45.58731460571289,224.29661560058594,132.83731079101562,69.8692398071289,94.43647003173828,88.97798156738281,0.04859999939799309
2024-10-09,520.6890258789062,489.2547302246094,279.29229736328125,60.611595153808594,594.0205688476562,46.650001525878906,89.1559829711914,45.2741584777832,228.04200744628906,132.59739685058594,69.68048858642578,94.45528411865234,88.47215270996094,0.04859999939799309
2024-10-10,519.8154296875,488.6991271972656,278.713134765625,60.554595947265625,594.5570678710938,46.16999816894531,88.36400604248047,45.369056701660156,227.5452880859375,134.7565460205078,69.65218353271484,94.47409057617188,88.12555694580078,0.04859999939799309
2024-10-11,522.907470703125,489.4630126953125,280.8727722167969,60.906105041503906,596.3946533203125,46.63999938964844,89.36341094970703,45.69169998168945,226.06500244140625,134.74656677246094,69.66162872314453,94.51170349121094,87.76961517333984,0.03700000047683716
2024-10-12,522.907470703125,489.4630126953125,280.8727722167969,60.906105041503906,596.3946533203125,46.63999938964844,89.36341094970703,45.69169998168945,226.06500244140625,134.74656677246094,69.66162872314453,94.51170349121094,87.76961517333984,0.03700000047683716
2024-10-13,522.907470703125,489.4630126953125,280.8727722167969,60.906105041503906,596.3946533203125,46.63999938964844,89.36341094970703,45.69169998168945,226.06500244140625,134.74656677246094,69.66162872314453,94.51170349121094,87.76961517333984,0.03700000047683716
2024-10-14,527.1871948242188,493.57037353515625,283.06201171875,60.94410705566406,603.784423828125,47.369998931884766,89.90084075927734,45.47343826293945,229.79052734375,138.01527404785156,69.61443328857422,94.51170349121094,87.8351821899414,0.039900001138448715
2024-10-15,523.1724243164062,486.972900390625,281.1182556152344,59.97508239746094,592.8983154296875,47.290000915527344,90.98512268066406,44.56245422363281,232.3238983154297,131.54783630371094,69.88812255859375,94.53053283691406,88.9030532836914,0.039900001138448715
2024-10-16,525.3712158203125,487.03240966796875,282.5515441894531,60.27909469604492,595.0933837890625,47.689998626708984,91.98454284667969,44.9799919128418,230.26739501953125,135.66619873046875,69.98248291015625,94.54930114746094,89.27771759033203,0.039900001138448715
2024-10-17,525.4498291015625,487.3697509765625,282.4926452636719,60.18408203125,597.4375,47.040000915527344,91.258544921875,44.837646484375,230.63497924804688,136.87571716308594,69.64275360107422,94.54930114746094,87.8633041381836,0.04780000075697899
2024-10-18,527.471923828125,490.5643005371094,283.60198974609375,60.668601989746094,599.4935302734375,48.029998779296875,91.93740844726562,45.388038635253906,233.46640014648438,137.94529724121094,69.68048858642578,94.58697509765625,87.92886352539062,0.04780000075697899
2024-10-19,527.471923828125,490.5643005371094,283.60198974609375,60.668601989746094,599.4935302734375,48.029998779296875,91.93740844726562,45.388038635253906,233.46640014648438,137.94529724121094,69.68048858642578,94.58697509765625,87.92886352539062,0.04780000075697899
2024-10-20,527.471923828125,490.5643005371094,283.60198974609375,60.668601989746094,599.4935302734375,48.029998779296875,91.93740844726562,45.388038635253906,233.46640014648438,137.94529724121094,69.68048858642578,94.58697509765625,87.92886352539062,0.04780000075697899
2024-10-21,526.6571044921875,491.50677490234375,282.7086486816406,60.07008361816406,602.8408203125,47.380001068115234,90.13655853271484,45.06539535522461,234.9367218017578,143.6530303955078,69.20866394042969,94.60578918457031,86.39268493652344,0.04780000075697899
2024-10-22,526.2939453125,492.04254150390625,282.3846130371094,59.83257293701172,602.4236450195312,47.150001525878906,90.2685546875,45.00845718383789,234.3207550048828,143.53309631347656,69.23699188232422,94.61520385742188,86.47696685791016,0.04780000075697899
2024-10-23,521.4940185546875,484.5025329589844,279.8322448730469,59.300559997558594,593.067138671875,45.7599983215332,90.92855072021484,44.723777770996094,229.25404357910156,139.50466918945312,69.06713104248047,94.61520385742188,86.24278259277344,0.04780000075697899
2024-10-24,522.6718139648438,488.4313049316406,280.57830810546875,59.424068450927734,595.0834350585938,47.380001068115234,91.12654876708984,44.67633056640625,229.06529235839844,140.35433959960938,69.18035888671875,94.64341735839844,86.79544830322266,0.04780000075697899
2024-10-25,522.4657592773438,491.4075927734375,280.31329345703125,59.2625617980957,597.9043579101562,47.66999816894531,90.2685546875,44.63836669921875,229.89981079101562,141.48388671875,69.03880310058594,94.68102264404297,86.308349609375,0.04780000075697899
2024-10-26,522.4657592773438,491.4075927734375,280.31329345703125,59.2625617980957,597.9043579101562,47.66999816894531,90.2685546875,44.63836669921875,229.89981079101562,141.48388671875,69.03880310058594,94.68102264404297,86.308349609375,0.04780000075697899
2024-10-27,522.4657592773438,491.4075927734375,280.31329345703125,59.2625617980957,597.9043579101562,47.66999816894531,90.2685546875,44.63836669921875,229.89981079101562,141.48388671875,69.03880310058594,94.68102264404297,86.308349609375,0.04780000075697899
2024-10-28,524.09521484375,491.4869384765625,281.4520263671875,59.66156768798828,599.1260375976562,48.400001525878906,90.5514144897461,44.78070831298828,231.87681579589844,140.4643096923828,68.95389556884766,94.68102264404297,86.07417297363281,0.04780000075697899
2024-10-29,524.9296264648438,496.2093505859375,281.8250732421875,59.452571868896484,606.2080078125,48.40999984741211,89.90084075927734,44.60989761352539,232.14505004882812,141.19400024414062,69.010498046875,94.69984436035156,86.20530700683594,0.04780000075697899
2024-10-30,523.34912109375,492.4592590332031,281.1280822753906,59.10105895996094,598.2619018554688,48.22999954223633,90.29683685302734,44.28725814819336,228.59837341308594,139.28475952148438,68.9444351196289,94.69984436035156,86.45823669433594,0.04780000075697899
2024-10-31,513.0521850585938,480.0281982421875,275.8858337402344,58.7590446472168,578.3767700195312,45.88999938964844,88.7694320678711,44.19236373901367,224.43569946289062,132.70738220214844,68.93499755859375,94.7186508178711,86.59871673583984,0.04769999906420708
2024-11-01,515.280517578125,483.5798645019531,277.0638427734375,58.8255500793457,582.5186767578125,46.63999938964844,87.78885650634766,44.20185470581055,221.4552764892578,135.34632873535156,68.66805267333984,94.77059936523438,85.37783813476562,0.04769999906420708
2024-11-02,515.280517578125,483.5798645019531,277.0638427734375,58.8255500793457,582.5186767578125,46.63999938964844,87.78885650634766,44.20185470581055,221.4552764892578,135.34632873535156,68.66805267333984,94.77059936523438,85.37783813476562,0.04769999906420708
2024-11-03,515.280517578125,483.5798645019531,277.0638427734375,58.8255500793457,582.5186767578125,46.63999938964844,87.78885650634766,44.20185470581055,221.4552764892578,135.34632873535156,68.66805267333984,94.77059936523438,85.37783813476562,0.04769999906420708
2024-11-04,514.161376953125,482.1711120605469,276.56317138671875,59.00605773925781,581.9525756835938,46.68000030517578,88.75055694580078,44.34419631958008,220.56114196777344,135.99607849121094,68.94257354736328,94.780029296875,86.70306396484375,0.047200001776218414
2024-11-05,520.3455200195312,488.3221130371094,280.0776062011719,59.65207290649414,590.3853759765625,48.189998626708984,89.92912292480469,44.989479064941406,221.9917449951172,139.8545379638672,69.11297607421875,94.79893493652344,87.16360473632812,0.019200000911951065
2024-11-06,533.3025512695312,501.5865478515625,287.9115905761719,58.9300537109375,608.8798828125,52.13999938964844,88.01512908935547,44.56245422363281,221.26651000976562,145.55227661132812,68.54499816894531,94.79893493652344,84.77632141113281,0.02979999966919422
2024-11-07,537.4547729492188,509.4836120605469,289.924072265625,59.94658279418945,621.355224609375,52.689998626708984,89.07112884521484,45.53037643432617,225.9954376220703,148.8209991455078,69.0561752319336,94.81783294677734,85.83837890625,0.039900001138448715
2024-11-08,539.8302612304688,510.07891845703125,291.2787780761719,58.94905471801758,620.2626342773438,54.06999969482422,90.40054321289062,44.40113067626953,225.72691345214844,147.57147216796875,69.1886978149414,94.86505126953125,86.92862701416016,0.03799999877810478
2024-11-09,539.8302612304688,510.07891845703125,291.2787780761719,58.94905471801758,620.2626342773438,54.06999969482422,90.40054321289062,44.40113067626953,225.72691345214844,147.57147216796875,69.1886978149414,94.86505126953125,86.92862701416016,0.03799999877810478
2024-11-10,539.8302612304688,510.07891845703125,291.2787780761719,58.94905471801758,620.2626342773438,54.06999969482422,90.40054321289062,44.40113067626953,225.72691345214844,147.57147216796875,69.1886978149414,94.86505126953125,86.92862701416016,0.03799999877810478
2024-11-11,540.27197265625,509.7813720703125,292.0936584472656,58.87305450439453,617.729736328125,57.849998474121094,89.94799041748047,44.144920349121094,223.01173400878906,145.202392578125,69.0561752319336,94.8556137084961,86.50566864013672,0.03869999945163727
2024-11-12,538.6522827148438,508.85858154296875,290.9450378417969,57.904029846191406,618.8125,56.810001373291016,88.70342254638672,43.3952522277832,223.01173400878906,148.231201171875,68.6396484375,94.86505126953125,85.20865631103516,0.0333000011742115
2024-11-13,538.9271240234375,508.2038269042969,290.8075866699219,57.609519958496094,616.3193359375,55.84000015258789,89.1937026977539,43.16750717163086,223.89691162109375,146.21200561523438,68.61125183105469,94.89336395263672,84.4003677368164,0.0471000000834465
2024-11-14,535.5012817382812,504.6719970703125,288.65771484375,57.54301452636719,613.8163452148438,53.849998474121094,88.39228057861328,42.901798248291016,226.98008728027344,146.70181274414062,68.59231567382812,94.89336395263672,84.88909912109375,0.020999999716877937
2024-11-15,528.5909423828125,492.6477355957031,284.9959411621094,57.391014099121094,598.8876342773438,53.459999084472656,88.4394302368164,42.8163948059082,223.77755737304688,141.92372131347656,68.61125183105469,94.9405746459961,84.66352844238281,0.037700001150369644
2024-11-16,528.5909423828125,492.6477355957031,284.9959411621094,57.391014099121094,598.8876342773438,53.459999084472656,88.4394302368164,42.8163948059082,223.77755737304688,141.92372131347656,68.61125183105469,94.9405746459961,84.66352844238281,0.037700001150369644
2024-11-17,528.5909423828125,492.6477355957031,284.9959411621094,57.391014099121094,598.8876342773438,53.459999084472656,88.4394302368164,42.8163948059082,223.77755737304688,141.92372131347656,68.61125183105469,94.9405746459961,84.66352844238281,0.037700001150369644
2024-11-18,530.7798461914062,496.0704650878906,286.15435791015625,57.76152038574219,600.6456909179688,55.11000061035156,89.08056640625,43.17699432373047,226.78115844726562,140.09442138671875,68.67752075195312,94.95005798339844,84.81391906738281,0.020999999716877937
2024-11-19,532.713623046875,499.4832763671875,287.4698181152344,57.780517578125,608.0454711914062,55.91999816894531,89.51427459716797,43.24342346191406,227.0397491455078,146.95172119140625,68.80058288574219,94.95948791503906,85.24625396728516,0.028999999165534973
2024-11-20,532.909912109375,499.1955871582031,287.63671875,57.63801574707031,608.6911010742188,55.279998779296875,89.40113067626953,43.23393249511719,227.75584411621094,145.83216857910156,68.72484588623047,94.9783935546875,84.97370147705078,0.028999999165534973
2024-11-21,535.5995483398438,500.9913024902344,289.649169921875,57.66651916503906,615.1076049804688,54.77000045776367,90.06111145019531,43.08210372924805,227.27845764160156,146.6118621826172,68.6869888305664,94.9783935546875,84.90791320800781,0.0333000011742115
2024-11-22,537.395751953125,501.794921875,291.0824890136719,57.866024017333984,617.3921508789062,56.209999084472656,90.7399673461914,43.09158706665039,228.62109375,141.8937225341797,68.71538543701172,95.00672149658203,84.95490264892578,0.0333000011742115
2024-11-23,537.395751953125,501.794921875,291.0824890136719,57.866024017333984,617.3921508789062,56.209999084472656,90.7399673461914,43.09158706665039,228.62109375,141.8937225341797,68.71538543701172,95.00672149658203,84.95490264892578,0.0333000011742115
2024-11-24,537.395751953125,501.794921875,291.0824890136719,57.866024017333984,617.3921508789062,56.209999084472656,90.7399673461914,43.09158706665039,228.62109375,141.8937225341797,68.71538543701172,95.00672149658203,84.95490264892578,0.0333000011742115
2024-11-25,539.1234130859375,502.58856201171875,292.50592041015625,58.0560302734375,617.1040649414062,57.029998779296875,92.0033950805664,43.110565185546875,231.60479736328125,135.96609497070312,69.34961700439453,95.01617431640625,87.15419006347656,0.0333000011742115
2024-11-26,542.146728515625,505.28704833984375,293.5759582519531,57.76152038574219,618.971435546875,56.20000076293945,92.37112426757812,42.88282012939453,233.7829132080078,136.86572265625,69.22657012939453,95.03507232666016,86.81584167480469,0.0333000011742115
2024-11-27,540.419189453125,501.3087158203125,292.74151611328125,58.018028259277344,612.6046142578125,57.150001525878906,92.96510314941406,43.04414367675781,233.65362548828125,135.2863311767578,69.41590118408203,95.05394744873047,87.41736602783203,0.027699999511241913
2024-11-28,540.419189453125,501.3087158203125,292.74151611328125,58.018028259277344,612.6046142578125,57.150001525878906,92.96510314941406,43.04414367675781,233.65362548828125,135.2863311767578,69.41590118408203,95.05394744873047,87.41736602783203,0.027699999511241913
2024-11-29,543.265869140625,505.71368408203125,294.3711242675781,58.626041412353516,618.0576782226562,57.97999954223633,92.55025482177734,43.24342346191406,236.0406036376953,138.19520568847656,69.67147064208984,95.09172058105469,88.31964111328125,0.027699999511241913
2024-11-30,543.265869140625,505.71368408203125,294.3711242675781,58.626041412353516,618.0576782226562,57.97999954223633,92.55025482177734,43.24342346191406,236.0406036376953,138.19520568847656,69.67147064208984,95.09172058105469,88.31964111328125,0.027699999511241913
2024-12-01,543.265869140625,505.71368408203125,294.3711242675781,58.626041412353516,618.0576782226562,57.97999954223633,92.55025482177734,43.24342346191406,236.0406036376953,138.19520568847656,69.67147064208984,95.09172058105469,88.31964111328125,0.027699999511241913
2024-12-02,544.7970581054688,511.21978759765625,294.93072509765625,58.74005126953125,624.1363525390625,59.470001220703125,91.20197296142578,43.461673736572266,238.2882843017578,138.5750274658203,69.71229553222656,95.10877990722656,88.53185272216797,0.028999999165534973
2024-12-03,544.9246826171875,512.787353515625,294.93072509765625,58.987056732177734,627.3744506835938,58.9900016784668,90.7399673461914,43.64198303222656,241.33168029785156,140.20440673828125,69.55088806152344,95.1182632446289,87.76789855957031,0.028999999165534973
2024-12-04,548.3602905273438,519.1268920898438,296.91375732421875,58.99654769897461,640.0881958007812,60.83000183105469,90.4948501586914,43.708404541015625,241.68971252441406,145.0824737548828,69.78826141357422,95.13722229003906,88.7110366821289,0.024399999529123306
2024-12-05,547.4474487304688,517.6883544921875,296.089111328125,59.35755920410156,636.8898315429688,60.380001068115234,90.27799224853516,43.99308395385742,241.71954345703125,145.0124969482422,69.79776000976562,95.14672088623047,88.8902359008789,0.037700001150369644
2024-12-06,548.5370483398438,522.321533203125,296.91375732421875,59.253055572509766,640.1974487304688,62.900001525878906,90.14598083496094,44.01206588745117,241.52066040039062,142.39334106445312,69.98766326904297,95.19412231445312,89.02227783203125,0.037700001150369644
2024-12-07,548.5370483398438,522.321533203125,296.91375732421875,59.253055572509766,640.1974487304688,62.900001525878906,90.14598083496094,44.01206588745117,241.52066040039062,142.39334106445312,69.98766326904297,95.19412231445312,89.02227783203125,0.037700001150369644
2024-12-08,548.5370483398438,522.321533203125,296.91375732421875,59.253055572509766,640.1974487304688,62.900001525878906,90.14598083496094,44.01206588745117,241.52066040039062,142.39334106445312,69.98766326904297,95.19412231445312,89.02227783203125,0.037700001150369644
2024-12-09,545.6805419921875,518.2538452148438,295.01910400390625,59.57606506347656,635.4197998046875,61.310001373291016,90.40054321289062,45.08436965942383,245.40939331054688,138.7645263671875,69.7787857055664,95.20359802246094,88.20173645019531,0.037700001150369644
2024-12-10,544.129638671875,516.4878540039062,293.90972900390625,58.9300537109375,626.3016357421875,60.59000015258789,89.0899887084961,44.24930191040039,246.42385864257812,135.0257568359375,69.70279693603516,95.22256469726562,87.78675842285156,0.027000000700354576
2024-12-11,548.2523193359375,525.7342529296875,296.2756042480469,59.29106140136719,635.8866577148438,61.810001373291016,88.88256072998047,44.325218200683594,245.15081787109375,139.2643585205078,69.55088806152344,95.22256469726562,86.95681762695312,0.02879999950528145
2024-12-12,545.4253540039062,522.3412475585938,294.58709716796875,58.7590446472168,633.1254272460938,60.91999816894531,88.74113464355469,44.059513092041016,246.6128387451172,137.29501342773438,69.27552032470703,95.23204040527344,85.90049743652344,0.02879999950528145
2024-12-13,545.3860473632812,526.3394165039062,294.4398498535156,58.61654281616211,636.1151123046875,61.33000183105469,88.48655700683594,44.078495025634766,246.7819061279297,134.20602416992188,69.00017547607422,95.2794418334961,85.02339172363281,0.02879999950528145
2024-12-14,545.3860473632812,526.3394165039062,294.4398498535156,58.61654281616211,636.1151123046875,61.33000183105469,88.48655700683594,44.078495025634766,246.7819061279297,134.20602416992188,69.00017547607422,95.2794418334961,85.02339172363281,0.02879999950528145
2024-12-15,545.3860473632812,526.3394165039062,294.4398498535156,58.61654281616211,636.1151123046875,61.33000183105469,88.48655700683594,44.078495025634766,246.7819061279297,134.20602416992188,69.00017547607422,95.2794418334961,85.02339172363281,0.02879999950528145
2024-12-16,547.5259399414062,533.9190673828125,295.63751220703125,58.41704177856445,643.604248046875,62.939998626708984,88.17543029785156,43.85074234008789,249.67608642578125,131.9567413330078,69.0761489868164,95.28892517089844,85.27802276611328,0.027000000700354576
2024-12-17,545.22900390625,531.5677490234375,294.1748046875,58.20803451538086,639.6411743164062,62.97999954223633,87.75114440917969,43.74635314941406,252.1028289794922,130.3472900390625,69.08563232421875,95.28892517089844,85.48551177978516,0.027000000700354576
2024-12-18,529.2191162109375,512.3905029296875,285.0744934082031,56.82099914550781,617.8197021484375,58.560001373291016,84.13059997558594,42.730987548828125,246.7023468017578,128.86778259277344,68.54441833496094,95.30987548828125,84.41657257080078,0.027000000700354576
2024-12-19,529.0227661132812,510.108642578125,284.6720275878906,56.82099914550781,618.3467407226562,58.16999816894531,82.82946014404297,42.91128921508789,248.43287658691406,130.63717651367188,68.3545150756836,95.32888793945312,83.13841247558594,0.027000000700354576
2024-12-20,535.0105590820312,514.5631713867188,287.9115905761719,56.893470764160156,628.1124267578125,59.400001525878906,84.22488403320312,43.150367736816406,253.1073760986328,134.65586853027344,68.56339263916016,95.34791564941406,83.61180877685547,0.027000000700354576
2024-12-21,535.0105590820312,514.5631713867188,287.9115905761719,56.893470764160156,628.1124267578125,59.400001525878906,84.22488403320312,43.150367736816406,253.1073760986328,134.65586853027344,68.56339263916016,95.34791564941406,83.61180877685547,0.027000000700354576
2024-12-22,535.0105590820312,514.5631713867188,287.9115905761719,56.893470764160156,628.1124267578125,59.400001525878906,84.22488403320312,43.150367736816406,253.1073760986328,134.65586853027344,68.56339263916016,95.34791564941406,83.61180877685547,0.027000000700354576
2024-12-23,538.8401489257812,519.576416015625,289.54742431640625,57.22199630737305,633.9201049804688,59.2400016784668,84.55426788330078,43.335018157958984,253.88311767578125,139.62425231933594,68.34500885009766,95.36695861816406,82.84490966796875,0.027000000700354576
2024-12-24,544.3843383789062,526.6217651367188,292.62017822265625,57.40559005737305,640.8814086914062,60.959999084472656,85.11592864990234,43.509952545166016,256.7972412109375,140.174072265625,68.44314575195312,95.39550018310547,83.1952133178711,0.027000000700354576
2024-12-25,544.3843383789062,526.6217651367188,292.62017822265625,57.40559005737305,640.8814086914062,60.959999084472656,85.11592864990234,43.509952545166016,256.7972412109375,140.174072265625,68.44314575195312,95.39550018310547,83.1952133178711,0.027000000700354576
2024-12-26,544.3744506835938,526.2640991210938,292.78759765625,57.52153015136719,641.9951782226562,60.959999084472656,85.34440612792969,43.40304946899414,257.6127014160156,139.88417053222656,68.49078369140625,95.40501403808594,83.14787292480469,0.02800000086426735
2024-12-27,538.7319946289062,519.2683715820312,289.61639404296875,57.39592361450195,631.9808349609375,59.27000045776367,84.48762512207031,43.24755096435547,254.2013702392578,136.96511840820312,68.34786987304688,95.43354797363281,82.4661865234375,0.019999999552965164
2024-12-28,538.7319946289062,519.2683715820312,289.61639404296875,57.39592361450195,631.9808349609375,59.27000045776367,84.48762512207031,43.24755096435547,254.2013702392578,136.96511840820312,68.34786987304688,95.43354797363281,82.4661865234375,0.019999999552965164
2024-12-29,538.7319946289062,519.2683715820312,289.61639404296875,57.39592361450195,631.9808349609375,59.27000045776367,84.48762512207031,43.24755096435547,254.2013702392578,136.96511840820312,68.34786987304688,95.43354797363281,82.4661865234375,0.019999999552965164
2024-12-30,532.7348022460938,512.3621826171875,286.4156188964844,57.00941848754883,624.0948486328125,57.61000061035156,84.06875610351562,42.8685302734375,250.8297882080078,137.4449462890625,68.6146011352539,95.43354797363281,83.1289291381836,0.013199999928474426
2024-12-31,530.5880737304688,508.009765625,285.4208679199219,56.941776275634766,618.3566284179688,56.77000045776367,84.80177307128906,42.80049514770508,249.0594482421875,134.2460174560547,68.50029754638672,95.46211242675781,82.68394470214844,0.01899999938905239
2025-01-01,530.5880737304688,508.009765625,285.4208679199219,56.941776275634766,618.3566284179688,56.77000045776367,84.80177307128906,42.80049514770508,249.0594482421875,134.2460174560547,68.50029754638672,95.46211242675781,82.68394470214844,0.01899999938905239
2025-01-02,529.2586669921875,507.01605224609375,284.87921142578125,56.84515380859375,617.8992919921875,56.88999938964844,84.04972076416016,42.683876037597656,242.52516174316406,138.2646942138672,68.52886962890625,95.48113250732422,82.91117858886719,0.02879999950528145
2025-01-03,536.0927734375,515.3134765625,288.62164306640625,57.14469528198242,629.395263671875,59.81999969482422,85.15399932861328,42.89768600463867,242.03781127929688,144.4226837158203,68.44314575195312,95.50969696044922,82.64606475830078,0.02850000001490116
2025-01-04,536.0927734375,515.3134765625,288.62164306640625,57.14469528198242,629.395263671875,59.81999969482422,85.15399932861328,42.89768600463867,242.03781127929688,144.4226837158203,68.44314575195312,95.50969696044922,82.64606475830078,0.02850000001490116
2025-01-05,536.0927734375,515.3134765625,288.62164306640625,57.14469528198242,629.395263671875,59.81999969482422,85.15399932861328,42.89768600463867,242.03781127929688,144.4226837158203,68.44314575195312,95.50969696044922,82.64606475830078,0.02850000001490116
2025-01-06,539.2144165039062,521.2359619140625,290.2368469238281,57.58917236328125,638.0272827148438,61.150001525878906,84.05924224853516,42.88796615600586,243.66891479492188,149.38104248046875,68.37645721435547,95.50969696044922,82.27680206298828,0.01600000075995922
2025-01-07,533.1483764648438,511.93487548828125,286.9966735839844,57.328285217285156,623.9953002929688,58.900001525878906,83.25957489013672,42.615840911865234,240.89405822753906,140.09408569335938,68.13831329345703,95.52873229980469,81.34896087646484,0.02800000086426735
2025-01-08,533.8673095703125,512.0243530273438,287.2625732421875,57.202674865722656,623.3289794921875,58.95000076293945,83.4785385131836,42.343727111816406,241.38140869140625,140.06410217285156,68.21452331542969,95.5477523803711,81.45310974121094,0.027899999171495438
2025-01-09,533.8673095703125,512.0243530273438,287.2625732421875,57.202674865722656,623.3289794921875,58.95000076293945,83.4785385131836,42.343727111816406,241.38140869140625,140.06410217285156,68.21452331542969,95.5477523803711,81.45310974121094,0.027899999171495438
2025-01-10,525.7431640625,503.9952697753906,282.9488830566406,56.26539611816406,610.0430297851562,57.470001220703125,81.4413070678711,41.60511779785156,235.5631866455078,135.86549377441406,67.86205291748047,95.5858383178711,80.91342163085938,0.017999999225139618
2025-01-11,525.7431640625,503.9952697753906,282.9488830566406,56.26539611816406,610.0430297851562,57.470001220703125,81.4413070678711,41.60511779785156,235.5631866455078,135.86549377441406,67.86205291748047,95.5858383178711,80.91342163085938,0.017999999225139618
2025-01-12,525.7431640625,503.9952697753906,282.9488830566406,56.26539611816406,610.0430297851562,57.470001220703125,81.4413070678711,41.60511779785156,235.5631866455078,135.86549377441406,67.86205291748047,95.5858383178711,80.91342163085938,0.017999999225139618
2025-01-13,526.422607421875,502.3754577636719,283.41180419921875,56.052818298339844,605.05078125,56.70000076293945,82.44087982177734,41.30384063720703,233.12648010253906,133.18637084960938,67.79537963867188,95.60484313964844,80.88501739501953,0.02800000086426735
2025-01-14,527.0923461914062,501.8984680175781,284.0519714355469,56.362022399902344,606.4927368164062,56.40999984741211,83.19293212890625,41.79948425292969,232.01258850097656,131.71682739257812,67.84303283691406,95.61436462402344,80.75247192382812,0.02800000086426735
2025-01-15,536.7327880859375,513.4453125,289.2618103027344,57.028743743896484,619.9379272460938,58.66999816894531,83.66893768310547,42.236820220947266,236.57763671875,136.1953887939453,68.385986328125,95.62387084960938,82.14425659179688,0.015599999576807022
2025-01-16,535.9351806640625,509.84814453125,289.0451354980469,57.21232986450195,614.7368774414062,58.7400016784668,85.4015121459961,42.217384338378906,227.01986694335938,133.52626037597656,68.51934051513672,95.62387084960938,82.40937805175781,0.02800000086426735
2025-01-17,541.0755615234375,518.4535522460938,291.7141418457031,57.492549896240234,623.9953002929688,59.61000061035156,85.34440612792969,42.5672492980957,228.73049926757812,137.66490173339844,68.53839874267578,95.67147064208984,82.55139923095703,0.02800000086426735
2025-01-18,541.0755615234375,518.4535522460938,291.7141418457031,57.492549896240234,623.9953002929688,59.61000061035156,85.34440612792969,42.5672492980957,228.73049926757812,137.66490173339844,68.53839874267578,95.67147064208984,82.55139923095703,0.02800000086426735
2025-01-19,541.0755615234375,518.4535522460938,291.7141418457031,57.492549896240234,623.9953002929688,59.61000061035156,85.34440612792969,42.5672492980957,228.73049926757812,137.66490173339844,68.53839874267578,95.67147064208984,82.55139923095703,0.02800000086426735
2025-01-20,541.0755615234375,518.4535522460938,291.7141418457031,57.492549896240234,623.9953002929688,59.61000061035156,85.34440612792969,42.5672492980957,228.73049926757812,137.66490173339844,68.53839874267578,95.67147064208984,82.55139923095703,0.02800000086426735
2025-01-21,545.9993286132812,521.4942626953125,294.609619140625,58.47813415527344,629.096923828125,61.5,86.9437255859375,42.96571350097656,221.43038940429688,140.78387451171875,68.73844146728516,95.68098449707031,83.28990173339844,0.02800000086426735
2025-01-22,549.1011962890625,528.1619873046875,296.0474853515625,58.35251998901367,641.69677734375,62.060001373291016,85.43006896972656,42.92683792114258,222.6139373779297,147.0218505859375,68.59557342529297,95.69999694824219,82.85436248779297,0.024000000208616257
2025-01-23,552.1441040039062,529.284912109375,297.60357666015625,58.72936248779297,642.7608642578125,62.689998626708984,86.05838012695312,43.0920524597168,222.44483947753906,147.17178344726562,68.49078369140625,95.70951843261719,82.21054077148438,0.015799999237060547
2025-01-24,550.4797973632812,526.2938232421875,296.7368469238281,59.01924133300781,636.5852661132812,62.33000183105469,86.3534927368164,43.3253059387207,221.5696258544922,142.57327270507812,68.62413024902344,95.73807525634766,82.57978820800781,0.015799999237060547
2025-01-25,550.4797973632812,526.2938232421875,296.7368469238281,59.01924133300781,636.5852661132812,62.33000183105469,86.3534927368164,43.3253059387207,221.5696258544922,142.57327270507812,68.62413024902344,95.73807525634766,82.57978820800781,0.015799999237060547
2025-01-26,550.4797973632812,526.2938232421875,296.7368469238281,59.01924133300781,636.5852661132812,62.33000183105469,86.3534927368164,43.3253059387207,221.5696258544922,142.57327270507812,68.62413024902344,95.73807525634766,82.57978820800781,0.015799999237060547
2025-01-27,542.8185424804688,510.9710388183594,292.6004638671875,58.671390533447266,603.4199829101562,60.70000076293945,87.50537872314453,42.62556457519531,228.6111602783203,118.3812026977539,68.9861068725586,95.73807525634766,83.55500030517578,0.015799999237060547
2025-01-28,547.3680419921875,518.5231323242188,295.1118469238281,58.7390251159668,622.2451171875,61.93000030517578,86.44868469238281,42.8685302734375,236.9655303955078,128.94775390625,68.94801330566406,95.76661682128906,83.49819946289062,0.015799999237060547
2025-01-29,544.96533203125,517.5493774414062,293.85125732421875,58.748687744140625,616.4076538085938,61.86000061035156,85.30631256103516,42.89768600463867,238.05955505371094,123.65948486328125,68.90989685058594,95.76661682128906,83.32775115966797,0.024000000208616257
2025-01-30,547.8111572265625,519.7553100585938,295.6929016113281,59.45405578613281,616.4673461914062,63.5099983215332,86.39157104492188,43.55854797363281,236.29916381835938,124.60917663574219,69.00518035888672,95.78564453125,83.64020538330078,0.024000000208616257
2025-01-31,544.8865356445312,519.0000610351562,294.0777587890625,58.8646354675293,613.195556640625,62.869998931884766,86.20117950439453,43.150367736816406,234.71778869628906,120.03067016601562,68.90989685058594,95.80467987060547,83.091064453125,0.016899999231100082
2025-02-01,544.8865356445312,519.0000610351562,294.0777587890625,58.8646354675293,613.195556640625,62.869998931884766,86.20117950439453,43.150367736816406,234.71778869628906,120.03067016601562,68.90989685058594,95.80467987060547,83.091064453125,0.016899999231100082
2025-02-02,544.8865356445312,519.0000610351562,294.0777587890625,58.8646354675293,613.195556640625,62.869998931884766,86.20117950439453,43.150367736816406,234.71778869628906,120.03067016601562,68.90989685058594,95.80467987060547,83.091064453125,0.016899999231100082
2025-02-03,541.3119506835938,514.846435546875,291.9307861328125,58.27522277832031,604.4840087890625,61.779998779296875,86.02030944824219,42.89768600463867,226.77120971679688,116.62179565429688,68.9720230102539,95.8266372680664,83.76759338378906,0.024000000208616257
2025-02-04,544.9061889648438,521.1663208007812,294.0482482910156,59.01924133300781,612.5888061523438,63.119998931884766,86.08694458007812,43.58769989013672,231.53518676757812,118.61113739013672,69.06758880615234,95.84574890136719,84.02413940429688,0.024000000208616257
2025-02-05,547.1415405273438,523.5313720703125,295.4073181152344,59.40574264526367,621.2306518554688,63.810001373291016,87.29593658447266,43.39332962036133,231.2069854736328,124.78911590576172,69.42120361328125,95.84574890136719,85.4113998413086,0.024000000208616257
2025-02-06,549.1110229492188,526.2640991210938,296.1360778808594,59.6666374206543,623.5578002929688,62.720001220703125,87.514892578125,43.59741973876953,231.95291137695312,128.63784790039062,69.34474182128906,95.8648452758789,85.3733901977539,0.012600000016391277
2025-02-07,543.7738037109375,519.6260986328125,293.48687744140625,59.28012466430664,617.6109619140625,62.7599983215332,87.22930908203125,43.616859436035156,226.39328002929688,129.79745483398438,69.1344985961914,95.89349365234375,84.8222885131836,0.01600000075995922
2025-02-08,543.7738037109375,519.6260986328125,293.48687744140625,59.28012466430664,617.6109619140625,62.7599983215332,87.22930908203125,43.616859436035156,226.39328002929688,129.79745483398438,69.1344985961914,95.89349365234375,84.8222885131836,0.01600000075995922
2025-02-09,543.7738037109375,519.6260986328125,293.48687744140625,59.28012466430664,617.6109619140625,62.7599983215332,87.22930908203125,43.616859436035156,226.39328002929688,129.79745483398438,69.1344985961914,95.89349365234375,84.8222885131836,0.01600000075995922
2025-02-10,547.6635131835938,525.9161987304688,295.367919921875,59.753597259521484,625.3776245117188,62.720001220703125,87.19123077392578,44.05419158935547,226.662109375,133.52626037597656,69.15361785888672,95.91260528564453,84.56575012207031,0.024000000208616257
2025-02-11,548.1558837890625,524.6642456054688,295.21038818359375,59.85988998413086,624.5621337890625,61.349998474121094,87.572021484375,43.869537353515625,231.61053466796875,132.7565155029297,69.03893280029297,95.91260528564453,84.02413940429688,0.024000000208616257
2025-02-12,546.343994140625,524.97216796875,294.2353515625,60.02415084838867,623.7467041015625,62.68000030517578,86.7628402709961,44.083351135253906,235.84210205078125,131.09706115722656,68.68531799316406,95.9221420288086,82.88394165039062,0.024000000208616257
2025-02-13,552.1144409179688,532.5244140625,297.30810546875,60.671546936035156,633.4229125976562,64.77999877929688,87.62914276123047,44.316593170166016,240.4818878173828,135.24566650390625,69.09626770019531,95.94125366210938,84.26168823242188,0.024000000208616257
2025-02-14,552.1342163085938,534.7601928710938,297.2687072753906,60.787498474121094,636.3267211914062,67.0199966430664,87.22930908203125,44.58871078491211,243.53855895996094,138.8045196533203,69.31610107421875,95.97944641113281,84.7082748413086,0.024000000208616257
2025-02-15,552.1342163085938,534.7601928710938,297.2687072753906,60.787498474121094,636.3267211914062,67.0199966430664,87.22930908203125,44.58871078491211,243.53855895996094,138.8045196533203,69.31610107421875,95.97944641113281,84.7082748413086,0.024000000208616257
2025-02-16,552.1342163085938,534.7601928710938,297.2687072753906,60.787498474121094,636.3267211914062,67.0199966430664,87.22930908203125,44.58871078491211,243.53855895996094,138.8045196533203,69.31610107421875,95.97944641113281,84.7082748413086,0.024000000208616257
2025-02-17,552.1342163085938,534.7601928710938,297.2687072753906,60.787498474121094,636.3267211914062,67.0199966430664,87.22930908203125,44.58871078491211,243.53855895996094,138.8045196533203,69.31610107421875,95.97944641113281,84.7082748413086,0.024000000208616257
2025-02-18,553.7294921875,535.9724731445312,298.1058349609375,61.14501953125,640.533203125,66.4800033569336,87.61962127685547,44.802520751953125,243.4091033935547,139.35433959960938,69.05804443359375,95.99853515625,83.71057891845703,0.024000000208616257
2025-02-19,555.0687255859375,536.1215209960938,298.529296875,60.73918914794922,640.0956420898438,65.70999908447266,87.68624877929688,44.67618179321289,243.807373046875,139.18438720703125,69.15361785888672,95.99853515625,83.81510925292969,0.012600000016391277
2025-02-20,552.73486328125,533.8460083007812,296.9239807128906,61.10636901855469,637.9575805664062,63.97999954223633,88.1051254272461,45.15238952636719,244.76321411132812,140.06410217285156,69.23961639404297,96.01766204833984,84.12866973876953,0.019999999552965164
2025-02-21,543.3306274414062,522.7661743164062,291.4383850097656,60.71019744873047,620.6837768554688,60.20000076293945,87.23883819580078,45.09408187866211,244.48443603515625,134.38595581054688,69.5454330444336,96.05584716796875,85.1453628540039,0.019999999552965164
2025-02-22,543.3306274414062,522.7661743164062,291.4383850097656,60.71019744873047,620.6837768554688,60.20000076293945,87.23883819580078,45.09408187866211,244.48443603515625,134.38595581054688,69.5454330444336,96.05584716796875,85.1453628540039,0.019999999552965164
2025-02-23,543.3306274414062,522.7661743164062,291.4383850097656,60.71019744873047,620.6837768554688,60.20000076293945,87.23883819580078,45.09408187866211,244.48443603515625,134.38595581054688,69.5454330444336,96.05584716796875,85.1453628540039,0.019999999552965164
2025-02-24,540.7604370117188,516.5953369140625,289.9512023925781,60.4106559753418,611.6340942382812,59.08000183105469,87.58153533935547,44.404056549072266,246.0277099609375,130.23733520507812,69.6410140991211,96.06539154052734,85.39239501953125,0.020999999716877937
2025-02-25,538.0721435546875,510.0865783691406,288.5133361816406,60.74884796142578,602.594482421875,56.0,88.65726470947266,44.384620666503906,245.96795654296875,126.5885238647461,70.08061981201172,96.074951171875,86.86516571044922,0.020999999716877937
2025-02-26,538.4069213867188,511.31878662109375,288.6117858886719,60.93244171142578,607.0894165039062,56.459999084472656,88.28599548339844,44.81224060058594,239.31695556640625,131.23699951171875,70.18574523925781,96.074951171875,87.37826538085938,0.020999999716877937
2025-02-27,529.7608642578125,497.1187744140625,284.1405944824219,60.12078094482422,585.70849609375,54.59000015258789,88.63822937011719,44.0250358581543,236.27024841308594,120.11064910888672,70.09973907470703,96.10359954833984,86.7606430053711,0.020999999716877937
2025-02-28,537.9933471679688,504.9690246582031,288.523193359375,59.95651626586914,595.1658325195312,55.63999938964844,89.39028930664062,43.47107696533203,240.79052734375,124.87908172607422,70.39600372314453,96.1227035522461,87.82484436035156,0.02199999988079071
2025-03-01,537.9933471679688,504.9690246582031,288.523193359375,59.95651626586914,595.1658325195312,55.63999938964844,89.39028930664062,43.47107696533203,240.79052734375,124.87908172607422,70.39600372314453,96.1227035522461,87.82484436035156,0.02199999988079071
2025-03-02,537.9933471679688,504.9690246582031,288.523193359375,59.95651626586914,595.1658325195312,55.63999938964844,89.39028930664062,43.47107696533203,240.79052734375,124.87908172607422,70.39600372314453,96.1227035522461,87.82484436035156,0.02199999988079071
2025-03-03,528.7268676757812,493.9190673828125,283.3526916503906,60.159427642822266,575.1572265625,53.09000015258789,89.80915832519531,43.05318069458008,236.9970703125,114.02263641357422,70.55799865722656,96.14472198486328,88.23471069335938,0.024000000208616257
2025-03-04,522.3556518554688,492.42852783203125,279.8170471191406,60.18842315673828,574.9981689453125,53.16999816894531,88.7715072631836,43.4224853515625,234.9061737060547,115.9520034790039,70.35670471191406,96.15432739257812,87.14810180664062,0.024000000208616257
2025-03-05,528.2149047851562,498.84783935546875,282.9981689453125,61.69578170776367,583.6698608398438,54.70000076293945,89.76155853271484,44.715049743652344,234.7169952392578,117.2615737915039,70.10748291015625,96.15432739257812,86.4522933959961,0.024000000208616257
2025-03-06,518.6333618164062,485.12481689453125,277.739013671875,61.20298767089844,565.7098999023438,52.13999938964844,87.4577865600586,44.48180389404297,234.30877685546875,110.53378295898438,70.04998779296875,96.18305969238281,86.16635131835938,0.024000000208616257
2025-03-07,521.4299926757812,488.6922607421875,279.0488586425781,61.72477340698242,572.68115234375,52.45000076293945,87.98136138916016,44.66645812988281,238.03256225585938,112.65309143066406,69.97328186035156,96.21179962158203,85.88992309570312,0.029999999329447746
2025-03-08,521.4299926757812,488.6922607421875,279.0488586425781,61.72477340698242,572.68115234375,52.45000076293945,87.98136138916016,44.66645812988281,238.03256225585938,112.65309143066406,69.97328186035156,96.21179962158203,85.88992309570312,0.029999999329447746
2025-03-09,521.4299926757812,488.6922607421875,279.0488586425781,61.72477340698242,572.68115234375,52.45000076293945,87.98136138916016,44.66645812988281,238.03256225585938,112.65309143066406,69.97328186035156,96.21179962158203,85.88992309570312,0.029999999329447746
2025-03-10,507.6436462402344,469.7522888183594,271.4457702636719,60.32369613647461,547.0239868164062,47.86000061035156,87.13410949707031,43.66545104980469,226.4928436279297,106.94496154785156,70.2991943359375,96.21179962158203,86.78589630126953,0.029999999329447746
2025-03-11,503.4781799316406,468.62939453125,269.5450439453125,60.27538299560547,545.3333740234375,48.189998626708984,86.1155014038086,43.976444244384766,219.88165283203125,108.72438049316406,70.03080749511719,96.23097229003906,86.16635131835938,0.029999999329447746
2025-03-12,505.9203186035156,473.9158935546875,270.87457275390625,60.69087600708008,553.378662109375,49.61000061035156,85.84895324707031,44.13193893432617,216.03842163085938,115.71273803710938,69.88702392578125,96.23097229003906,85.65162658691406,0.029999999329447746
2025-03-13,499.3127136230469,465.38995361328125,267.072998046875,60.32369613647461,543.4140625,47.25,84.15443420410156,43.99588394165039,208.77008056640625,115.55277252197266,70.09789276123047,96.25968933105469,86.40463256835938,0.029999999329447746
2025-03-14,509.56390380859375,476.6386413574219,272.7950439453125,61.39624786376953,559.892333984375,49.189998626708984,85.83943176269531,44.783084869384766,212.5635528564453,121.6413345336914,69.92536926269531,96.2884292602539,85.9471206665039,0.029999999329447746
2025-03-15,509.56390380859375,476.6386413574219,272.7950439453125,61.39624786376953,559.892333984375,49.189998626708984,85.83943176269531,44.783084869384766,212.5635528564453,121.6413345336914,69.92536926269531,96.2884292602539,85.9471206665039,0.029999999329447746
2025-03-16,509.56390380859375,476.6386413574219,272.7950439453125,61.39624786376953,559.892333984375,49.189998626708984,85.83943176269531,44.783084869384766,212.5635528564453,121.6413345336914,69.92536926269531,96.2884292602539,85.9471206665039,0.029999999329447746
2025-03-17,513.4534912109375,479.7290344238281,275.05035400390625,62.1982421875,563.2138061523438,49.97999954223633,87.30547332763672,45.39535140991211,213.07135009765625,119.50183868408203,70.02122497558594,96.29801177978516,86.37602996826172,0.029999999329447746
2025-03-18,508.03753662109375,471.5509033203125,272.0859680175781,62.120941162109375,555.2183227539062,48.2400016784668,86.8485107421875,45.27872848510742,211.76702880859375,115.40280151367188,70.09789276123047,96.3075942993164,86.4618148803711,0.019999999552965164
2025-03-19,513.3749389648438,477.8608703613281,275.1783752441406,62.28520584106445,562.7464599609375,50.04999923706055,86.9532241821289,45.34675598144531,214.30596923828125,117.4923095703125,70.30876922607422,96.3267593383789,86.90982055664062,0.014000000432133675
2025-03-20,512.193115234375,476.24114990234375,274.5185241699219,61.80207443237305,559.593994140625,50.02000045776367,86.8961181640625,44.93858337402344,213.17091369628906,118.50206756591797,70.3375244140625,96.3267593383789,86.96700286865234,0.014000000432133675
2025-03-21,512.3211059570312,477.8111572265625,274.6269226074219,61.50260543823242,561.4833374023438,51.5,85.93461608886719,44.73136520385742,217.3228302001953,117.6722640991211,70.280029296875,96.35549926757812,86.4522933959961,0.014000000432133675
2025-03-22,512.3211059570312,477.8111572265625,274.6269226074219,61.50260543823242,561.4833374023438,51.5,85.93461608886719,44.73136520385742,217.3228302001953,117.6722640991211,70.280029296875,96.35549926757812,86.4522933959961,0.014000000432133675
2025-03-23,512.3211059570312,477.8111572265625,274.6269226074219,61.50260543823242,561.4833374023438,51.5,85.93461608886719,44.73136520385742,217.3228302001953,117.6722640991211,70.280029296875,96.35549926757812,86.4522933959961,0.014000000432133675
2025-03-24,521.3118286132812,488.29644775390625,279.7087097167969,61.59952163696289,572.2037353515625,54.18000030517578,87.25787353515625,44.86756134033203,219.77215576171875,121.38140106201172,69.97328186035156,96.37467193603516,85.56584930419922,0.01600000075995922
2025-03-25,522.5526733398438,491.08294677734375,280.18145751953125,61.80304718017578,574.6123657226562,54.13999938964844,86.27880096435547,44.81891632080078,222.77903747558594,120.66156768798828,70.05955505371094,96.38423156738281,85.55633544921875,0.01600000075995922
2025-03-26,516.4571533203125,482.04669189453125,276.90185546875,61.16340255737305,560.791748046875,51.65999984741211,86.61540985107422,44.54652404785156,220.56866455078125,113.73320007324219,69.90618133544922,96.40339660644531,84.99393463134766,0.02800000086426735
2025-03-27,515.0361328125,479.2999572753906,275.730712890625,61.2990837097168,554.8572998046875,50.779998779296875,86.39421844482422,44.83837890625,222.8786163330078,111.40375518798828,69.87743377685547,96.41297912597656,84.7461166381836,0.027000000700354576
2025-03-28,504.7493591308594,466.6810607910156,270.2356872558594,60.581905364990234,540.9170532226562,48.70000076293945,86.27880096435547,44.079559326171875,216.95440673828125,109.6441650390625,70.280029296875,96.44171142578125,85.91851806640625,0.027000000700354576
2025-03-29,504.7493591308594,466.6810607910156,270.2356872558594,60.581905364990234,540.9170532226562,48.70000076293945,86.27880096435547,44.079559326171875,216.95440673828125,109.6441650390625,70.280029296875,96.44171142578125,85.91851806640625,0.027000000700354576
2025-03-30,504.7493591308594,466.6810607910156,270.2356872558594,60.581905364990234,540.9170532226562,48.70000076293945,86.27880096435547,44.079559326171875,216.95440673828125,109.6441650390625,70.280029296875,96.44171142578125,85.91851806640625,0.027000000700354576
2025-03-31,507.8225402832031,466.6611633300781,271.62921142578125,60.18455123901367,540.0607299804688,47.58000183105469,87.07705688476562,44.030914306640625,221.16607666015625,108.35446166992188,70.40463256835938,96.44171142578125,86.76683807373047,0.027000000700354576
2025-04-01,509.6901550292969,470.4229431152344,272.54833984375,60.35900115966797,544.601318359375,47.79999923706055,87.11552429199219,44.17684555053711,222.22146606445312,110.1240463256836,70.62581634521484,96.46671295166016,87.51871490478516,0.02800000086426735
2025-04-02,512.7633056640625,473.8563232421875,274.702880859375,60.51406478881836,549.08203125,49.150001525878906,87.64448547363281,44.215755462646484,222.9184112548828,110.39398193359375,70.568115234375,96.476318359375,87.4613265991211,0.027699999511241913
2025-04-03,488.3064880371094,448.4891052246094,260.87628173828125,59.3026237487793,509.31280517578125,45.119998931884766,84.6534423828125,43.418025970458984,202.30824279785156,101.77601623535156,70.93354797363281,96.49553680419922,87.86308288574219,0.02800000086426735
2025-04-04,460.0057678222656,420.6339416503906,245.56727600097656,55.677982330322266,476.55352783203125,41.939998626708984,80.97954559326172,40.98591232299805,187.56253051757812,94.28778076171875,70.99126434326172,96.5243911743164,88.8196792602539,0.02800000086426735
2025-04-05,460.0057678222656,420.6339416503906,245.56727600097656,55.677982330322266,476.55352783203125,41.939998626708984,80.97954559326172,40.98591232299805,187.56253051757812,94.28778076171875,70.99126434326172,96.5243911743164,88.8196792602539,0.02800000086426735
2025-04-06,460.0057678222656,420.6339416503906,245.56727600097656,55.677982330322266,476.55352783203125,41.939998626708984,80.97954559326172,40.98591232299805,187.56253051757812,94.28778076171875,70.99126434326172,96.5243911743164,88.8196792602539,0.02800000086426735
2025-04-07,458.0689697265625,421.6490478515625,244.76675415039062,54.166099548339844,477.9076843261719,42.279998779296875,78.85408020019531,39.33208084106445,180.6725616455078,97.61699676513672,70.1353530883789,96.53400421142578,86.14122772216797,0.026000000536441803
2025-04-08,451.3297424316406,414.0557861328125,240.9024200439453,53.826900482177734,468.35870361328125,40.5099983215332,76.73821258544922,38.80674362182617,171.67178344726562,96.27731323242188,69.73145294189453,96.53400421142578,84.51502990722656,0.026000000536441803
2025-04-09,493.18798828125,463.75518798828125,265.343505859375,57.66474914550781,531.49755859375,47.25,81.316162109375,41.33613967895508,197.98709106445312,114.30306243896484,69.89494323730469,96.55322265625,85.01243591308594,0.026000000536441803
2025-04-10,476.349853515625,444.0306701660156,254.42262268066406,56.62775421142578,507.5902099609375,44.529998779296875,79.45997619628906,40.80107498168945,189.5936737060547,107.5446548461914,69.33716583251953,96.55322265625,82.6688003540039,0.026000000536441803
2025-04-11,484.7392272949219,452.21112060546875,258.6822509765625,58.178401947021484,517.9158935546875,45.88999938964844,80.43135070800781,41.929569244384766,197.2901153564453,110.90386199951172,69.26023864746094,96.6012954711914,83.1183853149414,0.026000000536441803
2025-04-12,484.7392272949219,452.21112060546875,258.6822509765625,58.178401947021484,517.9158935546875,45.88999938964844,80.43135070800781,41.929569244384766,197.2901153564453,110.90386199951172,69.26023864746094,96.6012954711914,83.1183853149414,0.026000000536441803
2025-04-13,484.7392272949219,452.21112060546875,258.6822509765625,58.178401947021484,517.9158935546875,45.88999938964844,80.43135070800781,41.929569244384766,197.2901153564453,110.90386199951172,69.26023864746094,96.6012954711914,83.1183853149414,0.026000000536441803
2025-04-14,489.6108703613281,455.2762756347656,261.0640869140625,58.81804656982422,521.5701904296875,46.2599983215332,82.09518432617188,42.31871032714844,201.6411590576172,110.68391418457031,69.65452575683594,96.61090850830078,83.71147155761719,0.026000000536441803
2025-04-15,488.2373352050781,455.7838134765625,260.6094665527344,59.13786697387695,523.541748046875,46.54999923706055,82.3452377319336,42.32844161987305,201.26280212402344,112.1735610961914,69.8276138305664,96.62051391601562,84.00801849365234,0.026000000536441803
2025-04-16,477.5059814453125,442.040283203125,255.1934814453125,58.827735900878906,505.578857421875,45.08000183105469,82.28752899169922,41.79337692260742,193.42697143554688,104.46538543701172,70.01995849609375,96.63973999023438,84.47675323486328,0.026000000536441803
2025-04-17,478.16802978515625,441.9607238769531,255.72720336914062,59.428611755371094,503.3683166503906,45.119998931884766,83.51856994628906,42.1241455078125,196.12521362304688,101.46607971191406,69.8660888671875,96.6781997680664,83.7306137084961,0.026000000536441803
2025-04-18,478.16802978515625,441.9607238769531,255.72720336914062,59.428611755371094,503.3683166503906,45.119998931884766,83.51856994628906,42.1241455078125,196.12521362304688,101.46607971191406,69.8660888671875,96.6781997680664,83.7306137084961,0.026000000536441803
2025-04-19,478.16802978515625,441.9607238769531,255.72720336914062,59.428611755371094,503.3683166503906,45.119998931884766,83.51856994628906,42.1241455078125,196.12521362304688,101.46607971191406,69.8660888671875,96.6781997680664,83.7306137084961,0.026000000536441803
2025-04-20,478.16802978515625,441.9607238769531,255.72720336914062,59.428611755371094,503.3683166503906,45.119998931884766,83.51856994628906,42.1241455078125,196.12521362304688,101.46607971191406,69.8660888671875,96.6781997680664,83.7306137084961,0.026000000536441803
2025-04-21,466.77459716796875,431.02362060546875,249.64903259277344,59.215396881103516,489.64727783203125,44.439998626708984,81.77780151367188,42.17278289794922,192.32179260253906,96.88717651367188,69.48141479492188,96.6781997680664,82.26702117919922,0.026000000536441803
2025-04-22,478.5534362792969,442.3388977050781,256.0038757324219,60.310546875,501.69549560546875,46.119998931884766,83.36470031738281,42.83431625366211,198.8732452392578,98.86669921875,69.60643768310547,96.68781280517578,82.72620391845703,0.027000000700354576
2025-04-23,486.24127197265625,452.37030029296875,260.3623962402344,60.581905364990234,516.6612548828125,47.95000076293945,83.51856994628906,43.25263977050781,203.71214294433594,102.68579864501953,69.75069427490234,96.71664428710938,83.52972412109375,0.029999999329447746
2025-04-24,496.45880126953125,465.0987243652344,265.8475341796875,61.35723876953125,536.0878295898438,49.9900016784668,83.82633972167969,43.79743194580078,207.46575927734375,106.40492248535156,70.14497375488281,96.71664428710938,84.40978240966797,0.019999999552965164
2025-04-25,500.1149597167969,470.2835998535156,267.4783020019531,61.40568923950195,544.2129516601562,51.0,83.68207550048828,43.65150451660156,208.371826171875,110.98385620117188,70.37577819824219,96.75511169433594,85.03157806396484,0.02800000086426735
2025-04-26,500.1149597167969,470.2835998535156,267.4783020019531,61.40568923950195,544.2129516601562,51.0,83.68207550048828,43.65150451660156,208.371826171875,110.98385620117188,70.37577819824219,96.75511169433594,85.03157806396484,0.02800000086426735
2025-04-27,500.1149597167969,470.2835998535156,267.4783020019531,61.40568923950195,544.2129516601562,51.0,83.68207550048828,43.65150451660156,208.371826171875,110.98385620117188,70.37577819824219,96.75511169433594,85.03157806396484,0.02800000086426735
2025-04-28,500.4212951660156,470.13433837890625,267.8637390136719,61.764278411865234,543.1773681640625,51.2400016784668,84.20143127441406,43.76824951171875,209.2281036376953,108.70439147949219,70.54888153076172,96.75511169433594,85.56726837158203,0.02800000086426735
2025-04-29,503.45489501953125,473.23931884765625,269.47467041015625,61.95811080932617,545.8060913085938,51.529998779296875,84.6534423828125,43.92390823364258,210.29344177246094,108.99431610107422,70.73161315917969,96.76470947265625,86.28471374511719,0.029999999329447746
2025-04-30,503.70196533203125,473.1795654296875,269.6328430175781,61.8902702331543,547.1005249023438,50.84000015258789,84.95158386230469,44.02118682861328,211.57785034179688,108.89433288574219,70.68351745605469,96.79354858398438,85.5864028930664,0.02500000037252903
2025-05-01,507.2691650390625,479.35968017578125,271.31292724609375,61.735206604003906,556.7590942382812,50.77000045776367,85.23050689697266,44.001731872558594,212.39431762695312,111.58370208740234,70.48670196533203,96.80801391601562,85.15243530273438,0.029999999329447746
2025-05-02,514.5419921875,486.4752197265625,275.5429382324219,63.0241813659668,565.1132202148438,51.900001525878906,86.27880096435547,45.178871154785156,204.45889282226562,114.47303009033203,70.13939666748047,96.83695983886719,84.2307357788086,0.029999999329447746
2025-05-03,514.5419921875,486.4752197265625,275.5429382324219,63.0241813659668,565.1132202148438,51.900001525878906,86.27880096435547,45.178871154785156,204.45889282226562,114.47303009033203,70.13939666748047,96.83695983886719,84.2307357788086,0.029999999329447746
2025-05-04,514.5419921875,486.4752197265625,275.5429382324219,63.0241813659668,565.1132202148438,51.900001525878906,86.27880096435547,45.178871154785156,204.45889282226562,114.47303009033203,70.13939666748047,96.83695983886719,84.2307357788086,0.029999999329447746
2025-05-05,511.854248046875,483.5892028808594,273.98138427734375,63.256778717041016,561.2896118164062,50.689998626708984,86.08645629882812,45.538822174072266,198.02691650390625,113.7931900024414,70.04290771484375,96.84661865234375,83.76025390625,0.037700001150369644
2025-05-06,507.4964904785156,479.09100341796875,271.7576904296875,63.150177001953125,556.5400390625,48.779998779296875,85.42284393310547,45.3150749206543,197.6485595703125,113.51325988769531,70.19727325439453,96.84661865234375,84.03870391845703,0.029999999329447746
2025-05-07,509.78900146484375,480.9718933105469,272.88433837890625,62.78188705444336,562.0961303710938,49.59000015258789,85.51901245117188,44.75082015991211,195.39837646484375,117.03242492675781,70.33233642578125,96.85623168945312,84.39395904541016,0.029999999329447746
2025-05-08,513.1882934570312,485.9378967285156,275.0290222167969,62.61713790893555,568.7376098632812,51.470001220703125,85.18241119384766,44.67298889160156,196.63299560546875,117.34236145019531,69.95606994628906,96.88517761230469,83.45303344726562,0.03750000149011612
2025-05-09,512.5064086914062,485.6194152832031,274.7226257324219,62.966033935546875,568.7575073242188,51.349998474121094,85.74984741210938,44.9940299987793,197.66847229003906,116.62252044677734,70.01396942138672,96.91412353515625,83.57784271240234,0.03750000149011612
2025-05-10,512.5064086914062,485.6194152832031,274.7226257324219,62.966033935546875,568.7575073242188,51.349998474121094,85.74984741210938,44.9940299987793,197.66847229003906,116.62252044677734,70.01396942138672,96.91412353515625,83.57784271240234,0.03750000149011612
2025-05-11,512.5064086914062,485.6194152832031,274.7226257324219,62.966033935546875,568.7575073242188,51.349998474121094,85.74984741210938,44.9940299987793,197.66847229003906,116.62252044677734,70.01396942138672,96.91412353515625,83.57784271240234,0.03750000149011612
2025-05-12,529.5718383789062,505.40362548828125,283.91400146484375,63.58629608154297,595.6321411132812,54.47999954223633,86.17300415039062,46.00579071044922,210.15049743652344,122.97103118896484,69.77276611328125,96.91412353515625,82.8001480102539,0.037700001150369644
2025-05-13,533.0501098632812,513.1063842773438,285.8412170410156,63.712276458740234,608.875244140625,57.40999984741211,85.07660675048828,46.0836181640625,212.28399658203125,129.89938354492188,69.74383544921875,96.93339538574219,82.46412658691406,0.03750000149011612
2025-05-14,533.712158203125,516.1814575195312,286.0290222167969,63.663822174072266,613.1967163085938,57.560001373291016,84.23987579345703,46.46302795410156,211.68580627441406,135.30810546875,69.50262451171875,96.94306182861328,81.91685485839844,0.03750000149011612
2025-05-15,536.330810546875,516.748779296875,287.1951904296875,64.16777801513672,612.9179077148438,56.72999954223633,85.77869415283203,46.38520050048828,210.80848693847656,134.79823303222656,69.87890625,96.94306182861328,82.63694763183594,0.037700001150369644
2025-05-16,539.7893676757812,518.997802734375,289.16192626953125,64.24530792236328,614.0729370117188,58.369998931884766,86.84623718261719,46.433841705322266,210.6190643310547,135.36810302734375,69.9271240234375,96.98164367675781,82.8577651977539,0.03750000149011612
2025-05-17,539.7893676757812,518.997802734375,289.16192626953125,64.24530792236328,614.0729370117188,58.369998931884766,86.84623718261719,46.433841705322266,210.6190643310547,135.36810302734375,69.9271240234375,96.98164367675781,82.8577651977539,0.03750000149011612
2025-05-18,539.7893676757812,518.997802734375,289.16192626953125,64.24530792236328,614.0729370117188,58.369998931884766,86.84623718261719,46.433841705322266,210.6190643310547,135.36810302734375,69.9271240234375,96.98164367675781,82.8577651977539,0.03750000149011612
2025-05-19,540.3427734375,519.4954833984375,289.3892822265625,64.68143463134766,612.449951171875,57.400001525878906,86.86547088623047,46.62841033935547,208.14659118652344,135.53805541992188,69.9078369140625,96.99128723144531,82.61774444580078,0.032499998807907104
2025-05-20,538.4257202148438,517.7638549804688,288.4404602050781,64.88495635986328,610.2991333007812,57.459999084472656,86.35574340820312,46.5311279296875,206.232421875,134.3483428955078,69.78241729736328,97.01057434082031,82.0224609375,0.037700001150369644
2025-05-21,529.4236450195312,510.5686340332031,283.4198303222656,64.58451843261719,598.609375,55.68000030517578,84.05715942382812,46.41437911987305,201.47689819335938,131.76895141601562,69.34825897216797,97.02021789550781,80.62068939208984,0.03750000149011612
2025-05-22,529.6707153320312,511.5240173339844,283.37042236328125,64.47791290283203,599.6150512695312,56.380001068115234,83.67244720458984,46.307369232177734,200.74911499023438,132.7987060546875,69.54122924804688,97.03952026367188,81.04313659667969,0.03750000149011612
2025-05-23,526.0935668945312,506.78692626953125,281.7100524902344,64.69112396240234,592.54541015625,56.06999969482422,83.75901794433594,46.5019416809082,194.67758178710938,131.25906372070312,69.64735412597656,97.06844329833984,81.17757415771484,0.037700001150369644
2025-05-24,526.0935668945312,506.78692626953125,281.7100524902344,64.69112396240234,592.54541015625,56.06999969482422,83.75901794433594,46.5019416809082,194.67758178710938,131.25906372070312,69.64735412597656,97.06844329833984,81.17757415771484,0.037700001150369644
2025-05-25,526.0935668945312,506.78692626953125,281.7100524902344,64.69112396240234,592.54541015625,56.06999969482422,83.75901794433594,46.5019416809082,194.67758178710938,131.25906372070312,69.64735412597656,97.06844329833984,81.17757415771484,0.037700001150369644
2025-05-26,526.0935668945312,506.78692626953125,281.7100524902344,64.69112396240234,592.54541015625,56.06999969482422,83.75901794433594,46.5019416809082,194.67758178710938,131.25906372070312,69.64735412597656,97.06844329833984,81.17757415771484,0.037700001150369644
2025-05-27,536.9039916992188,518.7091674804688,287.5015869140625,65.32108306884766,607.1029052734375,58.04999923706055,85.22087097167969,46.33655548095703,199.60260009765625,135.4680633544922,69.97537994384766,97.07809448242188,82.31049346923828,0.037700001150369644
2025-05-28,533.8406372070312,516.4103393554688,285.8115539550781,64.75896453857422,604.3546752929688,56.97999954223633,85.13432312011719,46.05443572998047,199.81195068359375,134.7782440185547,69.82100677490234,97.10702514648438,81.95526123046875,0.037700001150369644
2025-05-29,535.8960571289062,517.4254760742188,286.7306823730469,65.04002380371094,606.525390625,56.619998931884766,85.90371704101562,46.258731842041016,199.34336853027344,139.15721130371094,70.07185363769531,97.10702514648438,82.71373748779297,0.03500000014901161
2025-05-30,535.3426513671875,516.609375,286.4934997558594,64.87527465820312,603.777099609375,56.369998931884766,85.90371704101562,45.723663330078125,200.24066162109375,135.09817504882812,70.2069091796875,97.13594818115234,82.83855438232422,0.03500000014901161
2025-05-31,535.3426513671875,516.609375,286.4934997558594,64.87527465820312,603.777099609375,56.369998931884766,85.90371704101562,45.723663330078125,200.24066162109375,135.09817504882812,70.2069091796875,97.13594818115234,82.83855438232422,0.03500000014901161
2025-06-01,535.3426513671875,516.609375,286.4934997558594,64.87527465820312,603.777099609375,56.369998931884766,85.90371704101562,45.723663330078125,200.24066162109375,135.09817504882812,70.2069091796875,97.13594818115234,82.83855438232422,0.03500000014901161
2025-06-02,538.4552612304688,520.6896362304688,287.9562072753906,65.54398345947266,609.2635498046875,57.130001068115234,86.01913452148438,46.04470443725586,201.08807373046875,137.34764099121094,70.05204010009766,97.16305541992188,82.06761169433594,0.03500000014901161
2025-06-03,541.5087890625,524.7598876953125,289.9427490234375,65.22416687011719,618.9718627929688,57.939998626708984,85.84601593017578,46.15171432495117,202.6533203125,141.1867218017578,69.97461700439453,97.17273712158203,81.92304992675781,0.03709999844431877
2025-06-04,541.1629028320312,526.2228393554688,289.9131164550781,65.65058898925781,620.6447143554688,57.97999954223633,86.08645629882812,46.60895538330078,202.20468139648438,141.88656616210938,70.41019439697266,97.18241882324219,83.25294494628906,0.03400000184774399
2025-06-05,538.6332397460938,522.2620239257812,288.3119812011719,65.7378158569336,617.86669921875,56.36000061035156,86.01913452148438,46.72568893432617,200.0213165283203,139.95703125,70.27467346191406,97.19210052490234,83.31075286865234,0.03400000184774399
2025-06-06,544.13720703125,527.3673095703125,291.6722717285156,65.91226196289062,623.741455078125,61.130001068115234,86.43269348144531,46.929988861083984,203.3013458251953,141.6865997314453,69.89716339111328,97.22113037109375,82.2507095336914,0.03400000184774399
2025-06-07,544.13720703125,527.3673095703125,291.6722717285156,65.91226196289062,623.741455078125,61.130001068115234,86.43269348144531,46.929988861083984,203.3013458251953,141.6865997314453,69.89716339111328,97.22113037109375,82.2507095336914,0.03400000184774399
2025-06-08,544.13720703125,527.3673095703125,291.6722717285156,65.91226196289062,623.741455078125,61.130001068115234,86.43269348144531,46.929988861083984,203.3013458251953,141.6865997314453,69.89716339111328,97.22113037109375,82.2507095336914,0.03400000184774399
2025-06-09,544.7202758789062,528.1436157226562,291.9094543457031,66.06732940673828,626.4497680664062,62.40999984741211,86.54808807373047,47.27048873901367,200.8388214111328,142.59640502929688,70.0036392211914,97.23081970214844,82.33744049072266,0.03700000047683716
2025-06-10,547.8230590820312,531.63671875,293.4512939453125,66.30961608886719,629.068603515625,62.939998626708984,87.28863525390625,47.62071228027344,202.0551300048828,143.92608642578125,70.13916015625,97.24049377441406,82.76145935058594,0.03700000047683716
2025-06-11,546.3111572265625,529.8453369140625,292.6705017089844,66.3677749633789,626.5792236328125,63.529998779296875,86.81737518310547,47.7763671875,198.1769256591797,142.80625915527344,70.36178588867188,97.25984954833984,83.01200866699219,0.029999999329447746
2025-06-12,548.3764038085938,531.0892944335938,293.609375,66.73604583740234,631.079833984375,62.02000045776367,87.24054718017578,47.78609085083008,198.5956573486328,144.9759063720703,70.62313842773438,97.26953125,84.0046157836914,0.0348999984562397
2025-06-13,542.2696533203125,524.4215698242188,290.140380859375,65.84442901611328,620.6248168945312,62.189998626708984,86.39421844482422,47.066192626953125,195.85398864746094,141.94639587402344,70.3714828491211,97.30825805664062,83.19511413574219,0.03700000047683716
2025-06-14,542.2696533203125,524.4215698242188,290.140380859375,65.84442901611328,620.6248168945312,62.189998626708984,86.39421844482422,47.066192626953125,195.85398864746094,141.94639587402344,70.3714828491211,97.30825805664062,83.19511413574219,0.03700000047683716
2025-06-15,542.2696533203125,524.4215698242188,290.140380859375,65.84442901611328,620.6248168945312,62.189998626708984,86.39421844482422,47.066192626953125,195.85398864746094,141.94639587402344,70.3714828491211,97.30825805664062,83.19511413574219,0.03700000047683716
2025-06-16,547.5068969726562,531.7162475585938,293.0065002441406,66.2805404663086,631.1395874023438,64.93000030517578,86.4615478515625,47.503971099853516,197.81802368164062,144.66595458984375,70.23595428466797,97.30825805664062,82.3567123413086,0.023099999874830246
2025-06-17,542.8427734375,526.5313720703125,290.56536865234375,65.46646118164062,626.4996337890625,63.90999984741211,86.15377807617188,46.968902587890625,195.0464630126953,144.09603881835938,70.45858764648438,97.31793975830078,83.35895538330078,0.03680000081658363
2025-06-18,542.7340087890625,526.4417724609375,290.674072265625,65.54398345947266,628.4910888671875,66.7699966430664,86.45191955566406,46.842437744140625,195.9835968017578,145.455810546875,70.497314453125,97.33728790283203,83.50350189208984,0.03500000014901161
2025-06-19,542.7340087890625,526.4417724609375,290.674072265625,65.54398345947266,628.4910888671875,66.7699966430664,86.45191955566406,46.842437744140625,195.9835968017578,145.455810546875,70.497314453125,97.33728790283203,83.50350189208984,0.03500000014901161
2025-06-20,541.2320556640625,524.292236328125,290.00201416015625,65.02174377441406,625.7926635742188,67.7300033569336,86.39421844482422,46.40241241455078,200.3902130126953,143.8260955810547,70.54570770263672,97.37600708007812,83.34931182861328,0.026000000536441803
2025-06-21,541.2320556640625,524.292236328125,290.00201416015625,65.02174377441406,625.7926635742188,67.7300033569336,86.39421844482422,46.40241241455078,200.3902130126953,143.8260955810547,70.54570770263672,97.37600708007812,83.34931182861328,0.026000000536441803
2025-06-22,541.2320556640625,524.292236328125,290.00201416015625,65.02174377441406,625.7926635742188,67.7300033569336,86.39421844482422,46.40241241455078,200.3902130126953,143.8260955810547,70.54570770263672,97.37600708007812,83.34931182861328,0.026000000536441803
2025-06-23,546.8052368164062,529.6832275390625,292.7890930175781,65.51958465576172,632.43408203125,68.8499984741211,87.69258117675781,46.78292465209961,200.888671875,144.1460418701172,70.71994018554688,97.39537048339844,83.619140625,0.02500000037252903
2025-06-24,552.813232421875,537.7831420898438,296.20867919921875,66.51526641845703,643.8152465820312,70.30000305175781,87.92339324951172,47.797607421875,199.6923065185547,147.8754119873047,70.9328842163086,97.4050521850586,84.22627258300781,0.03579999879002571
2025-06-25,553.0899047851562,539.157958984375,295.8627624511719,66.33955383300781,649.2319946289062,69.5,85.80754852294922,47.91468811035156,200.948486328125,154.28436279296875,70.95226287841797,97.41472625732422,84.33226776123047,0.03680000081658363
2025-06-26,557.4674682617188,544.19921875,298.4126281738281,66.99356842041016,654.8269653320312,71.02999877929688,85.7279052734375,48.23665237426758,200.3902130126953,154.99423217773438,71.15553283691406,97.42443084716797,84.75630950927734,0.03370000049471855
2025-06-27,560.2343139648438,546.0624389648438,299.7666320800781,67.26689910888672,654.4381713867188,69.83999633789062,85.94156646728516,48.187870025634766,200.469970703125,157.72378540039062,70.9909896850586,97.463134765625,84.21661376953125,0.033900000154972076
2025-06-28,560.2343139648438,546.0624389648438,299.7666320800781,67.26689910888672,654.4381713867188,69.83999633789062,85.94156646728516,48.187870025634766,200.469970703125,157.72378540039062,70.9909896850586,97.463134765625,84.21661376953125,0.033900000154972076
2025-06-29,560.2343139648438,546.0624389648438,299.7666320800781,67.26689910888672,654.4381713867188,69.83999633789062,85.94156646728516,48.187870025634766,200.469970703125,157.72378540039062,70.9909896850586,97.463134765625,84.21661376953125,0.033900000154972076
2025-06-30,563.034423828125,549.5992431640625,301.2862548828125,67.4426040649414,661.1566772460938,70.29000091552734,86.49515533447266,48.25616455078125,204.5475311279297,157.96376037597656,71.27167510986328,97.463134765625,85.04540252685547,0.03590000048279762
2025-07-01,562.7767333984375,544.9664916992188,301.2862548828125,67.4621353149414,654.3385620117188,68.94000244140625,87.12643432617188,48.45130157470703,207.18951416015625,153.2745361328125,71.2182846069336,97.4893569946289,85.25626373291016,0.033900000154972076
2025-07-02,565.2745361328125,548.7622680664062,302.8525390625,67.67688751220703,662.641845703125,70.58000183105469,87.33039093017578,48.587894439697266,211.7954864501953,157.22386169433594,71.1406021118164,97.4893569946289,84.714599609375,0.03590000048279762
2025-07-03,570.1611938476562,554.1622924804688,305.3506164550781,67.83306884765625,671.8623046875,71.08999633789062,87.42749786376953,48.80253982543945,212.90213012695312,159.3135223388672,70.96580505371094,97.53791809082031,84.12454986572266,0.029999999329447746
2025-07-04,570.1611938476562,554.1622924804688,305.3506164550781,67.83306884765625,671.8623046875,71.08999633789062,87.42749786376953,48.80253982543945,212.90213012695312,159.3135223388672,70.96580505371094,97.53791809082031,84.12454986572266,0.029999999329447746
2025-07-05,570.1611938476562,554.1622924804688,305.3506164550781,67.83306884765625,671.8623046875,71.08999633789062,87.42749786376953,48.80253982543945,212.90213012695312,159.3135223388672,70.96580505371094,97.53791809082031,84.12454986572266,0.029999999329447746
2025-07-06,570.1611938476562,554.1622924804688,305.3506164550781,67.83306884765625,671.8623046875,71.08999633789062,87.42749786376953,48.80253982543945,212.90213012695312,159.3135223388672,70.96580505371094,97.53791809082031,84.12454986572266,0.029999999329447746
2025-07-07,565.5917358398438,549.9878540039062,302.9417724609375,66.99356842041016,665.9412841796875,70.44000244140625,86.67967987060547,48.226898193359375,209.3130340576172,158.21371459960938,70.73272705078125,97.5573501586914,83.32170104980469,0.03590000048279762
2025-07-08,565.2151489257812,550.2966918945312,302.921875,67.42308044433594,669.0811767578125,70.9000015258789,86.55342864990234,48.41227340698242,209.3728485107422,159.97341918945312,70.69390106201172,97.57677459716797,83.2153091430664,0.02500000037252903
2025-07-09,568.5653076171875,554.1921997070312,304.8252258300781,67.72569274902344,674.6832275390625,72.37000274658203,86.62141418457031,48.40251541137695,210.4994354248047,162.85293579101562,70.97550201416016,97.56705474853516,84.08584594726562,0.03689999878406525
2025-07-10,570.2305908203125,553.3952026367188,305.6380920410156,67.82331848144531,672.4204711914062,73.55999755859375,87.165283203125,48.45130157470703,211.7655792236328,164.07273864746094,70.98522186279297,97.58647918701172,84.14389038085938,0.030899999663233757
2025-07-11,568.1787109375,552.1497802734375,304.3493957519531,67.3547592163086,668.1841430664062,72.29000091552734,87.17500305175781,48.38300704956055,210.5193634033203,164.89259338378906,70.69390106201172,97.6253433227539,82.983154296875,0.0364999994635582
2025-07-12,568.1787109375,552.1497802734375,304.3493957519531,67.3547592163086,668.1841430664062,72.29000091552734,87.17500305175781,48.38300704956055,210.5193634033203,164.89259338378906,70.69390106201172,97.6253433227539,82.983154296875,0.0364999994635582
2025-07-13,568.1787109375,552.1497802734375,304.3493957519531,67.3547592163086,668.1841430664062,72.29000091552734,87.17500305175781,48.38300704956055,210.5193634033203,164.89259338378906,70.69390106201172,97.6253433227539,82.983154296875,0.0364999994635582
2025-07-14,569.298828125,554.1524047851562,305.0433044433594,67.42308044433594,668.2139892578125,73.6500015258789,87.73828887939453,48.44154357910156,207.98707580566406,164.04273986816406,70.68418884277344,97.6253433227539,82.80904388427734,0.029899999499320984
2025-07-15,566.8307495117188,554.660400390625,303.4374084472656,67.09119415283203,673.8857421875,72.58999633789062,86.44659423828125,48.79277801513672,208.4755859375,170.671630859375,70.4705581665039,97.6350326538086,82.22866821289062,0.018200000748038292
2025-07-16,568.6942138671875,555.2283325195312,304.5873107910156,67.38404083251953,676.8760986328125,75.25,87.26240539550781,49.01718521118164,209.52239990234375,171.34152221679688,70.60650634765625,97.66419219970703,82.34474182128906,0.02199999988079071
2025-07-17,572.1039428710938,559.7216796875,306.56988525390625,67.62808227539062,683.72412109375,76.23999786376953,87.165283203125,49.319637298583984,209.38284301757812,172.97125244140625,70.62593841552734,97.67388916015625,82.32540130615234,0.02199999988079071
2025-07-18,571.8462524414062,559.1836547851562,306.4013977050781,67.4621353149414,683.33544921875,77.62999725341797,87.34981536865234,49.26110076904297,210.539306640625,172.38136291503906,70.7424545288086,97.70303344726562,82.45114135742188,0.02199999988079071
2025-07-19,571.8462524414062,559.1836547851562,306.4013977050781,67.4621353149414,683.33544921875,77.62999725341797,87.34981536865234,49.26110076904297,210.539306640625,172.38136291503906,70.7424545288086,97.70303344726562,82.45114135742188,0.02199999988079071
2025-07-20,571.8462524414062,559.1836547851562,306.4013977050781,67.4621353149414,683.33544921875,77.62999725341797,87.34981536865234,49.26110076904297,210.539306640625,172.38136291503906,70.7424545288086,97.70303344726562,82.45114135742188,0.02199999988079071
2025-07-21,572.8672485351562,562.0828857421875,306.74835205078125,67.87211608886719,684.2923583984375,76.80999755859375,87.70915985107422,49.5147705078125,211.83535766601562,171.35153198242188,70.94637298583984,97.71275329589844,83.186279296875,0.02199999988079071
2025-07-22,572.8672485351562,559.1736450195312,307.1051940917969,68.15519714355469,677.61376953125,76.38999938964844,89.21452331542969,49.5245246887207,213.74954223632812,167.00225830078125,71.06291198730469,97.73218536376953,83.68927001953125,0.021800000220537186
2025-07-23,577.7340087890625,561.7242431640625,309.6925048828125,69.37539672851562,682.99658203125,77.33999633789062,89.38934326171875,49.98308563232422,213.5002899169922,170.75161743164062,70.9172592163086,97.74188232421875,83.2249755859375,0.019899999722838402
2025-07-24,578.1304931640625,562.9197998046875,309.58343505859375,68.9068374633789,684.9302978515625,75.80000305175781,89.07855224609375,49.739173889160156,213.11148071289062,173.7111358642578,70.82984924316406,97.7516098022461,83.07988739013672,0.019899999722838402
2025-07-25,580.4301147460938,564.2747802734375,310.96136474609375,68.79946899414062,686.4852905273438,76.79000091552734,89.08826446533203,49.60258102416992,213.2311248779297,173.47117614746094,71.004638671875,97.77102661132812,83.60221099853516,0.020800000056624413
2025-07-26,580.4301147460938,564.2747802734375,310.96136474609375,68.79946899414062,686.4852905273438,76.79000091552734,89.08826446533203,49.60258102416992,213.2311248779297,173.47117614746094,71.004638671875,97.77102661132812,83.60221099853516,0.020800000056624413
2025-07-27,580.4301147460938,564.2747802734375,310.96136474609375,68.79946899414062,686.4852905273438,76.79000091552734,89.08826446533203,49.60258102416992,213.2311248779297,173.47117614746094,71.004638671875,97.77102661132812,83.60221099853516,0.020800000056624413
2025-07-28,580.2913208007812,566.0381469726562,310.8721618652344,67.9111557006836,691.9178466796875,76.83999633789062,87.66059875488281,49.21231460571289,213.40060424804688,176.7206268310547,70.88810729980469,97.80015563964844,83.060546875,0.020800000056624413
2025-07-29,578.7847290039062,565.1614379882812,309.8907775878906,67.87211608886719,690.7117309570312,74.73999786376953,89.06884765625,49.24158477783203,210.6290283203125,175.48085021972656,71.25711822509766,97.80015563964844,84.46310424804688,0.020999999716877937
2025-07-30,578.0809936523438,565.918701171875,309.53387451171875,67.38404083251953,692.2268676757812,75.6500015258789,87.80628204345703,48.84156799316406,208.415771484375,179.24021911621094,71.0726318359375,97.81958770751953,84.02782440185547,0.020999999716877937
2025-07-31,575.9102172851562,562.9197998046875,308.1857604980469,66.83739471435547,688.2595825195312,75.33000183105469,86.5728530883789,48.587894439697266,206.9402618408203,177.84043884277344,71.08232116699219,97.82929992675781,84.07617950439453,0.019899999722838402
2025-08-01,566.4243774414062,551.8309936523438,303.0805358886719,66.61287689208984,672.2410888671875,71.16000366210938,86.35918426513672,48.33422088623047,201.76600646972656,173.69113159179688,71.69807434082031,97.8604965209961,85.2714614868164,0.020999999716877937
2025-08-02,566.4243774414062,551.8309936523438,303.0805358886719,66.61287689208984,672.2410888671875,71.16000366210938,86.35918426513672,48.33422088623047,201.76600646972656,173.69113159179688,71.69807434082031,97.8604965209961,85.2714614868164,0.020999999716877937
2025-08-03,566.4243774414062,551.8309936523438,303.0805358886719,66.61287689208984,672.2410888671875,71.16000366210938,86.35918426513672,48.33422088623047,201.76600646972656,173.69113159179688,71.69807434082031,97.8604965209961,85.2714614868164,0.020999999716877937
2025-08-04,575.0379638671875,562.0130615234375,307.8288269042969,67.43285369873047,687.5219116210938,73.58999633789062,87.24298858642578,48.783023834228516,202.7330780029297,179.9700927734375,71.74679565429688,97.8800048828125,85.5044937133789,0.020999999716877937
2025-08-05,572.2724609375,558.1973266601562,306.4707946777344,67.60856628417969,681.3617553710938,72.62999725341797,87.64117431640625,48.93913269042969,202.3043670654297,178.23037719726562,71.77603149414062,97.88973999023438,85.76666259765625,0.020999999716877937
2025-08-06,576.5247802734375,565.2212524414062,308.5426025390625,68.04782104492188,689.6351318359375,74.16000366210938,86.96133422851562,49.153778076171875,212.60302734375,179.3901824951172,71.71755981445312,97.89949035644531,85.2714614868164,0.019899999722838402
2025-08-07,576.1777954101562,567.1341552734375,308.3641662597656,68.53589630126953,690.9808959960938,74.3499984741211,87.21385192871094,49.5147705078125,219.36245727539062,180.73995971679688,71.68833923339844,97.89949035644531,85.12580871582031,0.017899999395012856
2025-08-08,580.5886840820312,572.4244384765625,310.30712890625,68.76041412353516,697.1112060546875,74.76000213623047,86.49515533447266,49.45623016357422,228.65419006347656,182.6696319580078,71.53245544433594,97.94823455810547,84.75684356689453,0.02199999988079071
2025-08-09,580.5886840820312,572.4244384765625,310.30712890625,68.76041412353516,697.1112060546875,74.76000213623047,86.49515533447266,49.45623016357422,228.65419006347656,182.6696319580078,71.53245544433594,97.94823455810547,84.75684356689453,0.02199999988079071
2025-08-10,580.5886840820312,572.4244384765625,310.30712890625,68.76041412353516,697.1112060546875,74.76000213623047,86.49515533447266,49.45623016357422,228.65419006347656,182.6696319580078,71.53245544433594,97.94823455810547,84.75684356689453,0.02199999988079071
2025-08-11,579.3992309570312,570.730712890625,309.5933532714844,68.54566192626953,693.0342407226562,75.2300033569336,85.92214965820312,49.3976936340332,226.74781799316406,182.0297393798828,71.58116149902344,97.95797729492188,84.85393524169922,0.020899999886751175
2025-08-12,585.5844116210938,577.9041137695312,313.380126953125,69.30706024169922,703.8096313476562,76.77999877929688,86.40775299072266,49.96356964111328,229.21310424804688,183.1295623779297,71.59090423583984,97.95797729492188,84.42669677734375,0.02199999988079071
2025-08-13,587.626220703125,578.1930541992188,314.8968505859375,69.75609588623047,705.0257568359375,77.91000366210938,87.21385192871094,50.529457092285156,232.88612365722656,181.559814453125,71.85397338867188,97.97747802734375,85.12580871582031,0.020899999886751175
2025-08-14,587.6361694335938,577.7447509765625,314.4309387207031,69.4437255859375,702.2147827148438,77.05000305175781,86.59228515625,49.96356964111328,232.33717346191406,181.98974609375,71.64936828613281,97.98721313476562,84.49466705322266,0.02199999988079071
2025-08-15,586.367431640625,575.2042236328125,313.7171936035156,69.75609588623047,697.8089599609375,77.01000213623047,87.08758544921875,50.10992431640625,231.1494140625,180.42001342773438,71.55193328857422,98.01647186279297,83.8926773071289,0.02199999988079071
2025-08-16,586.367431640625,575.2042236328125,313.7171936035156,69.75609588623047,697.8089599609375,77.01000213623047,87.08758544921875,50.10992431640625,231.1494140625,180.42001342773438,71.55193328857422,98.01647186279297,83.8926773071289,0.02199999988079071
2025-08-17,586.367431640625,575.2042236328125,313.7171936035156,69.75609588623047,697.8089599609375,77.01000213623047,87.08758544921875,50.10992431640625,231.1494140625,180.42001342773438,71.55193328857422,98.01647186279297,83.8926773071289,0.02199999988079071
2025-08-18,586.1592407226562,574.9749755859375,313.83612060546875,69.85370635986328,699.8323974609375,77.11000061035156,86.34947967529297,50.49042892456055,230.45074462890625,181.979736328125,71.4739990234375,98.04571533203125,83.64991760253906,0.020899999886751175
2025-08-19,582.9577026367188,567.1740112304688,311.932861328125,69.66825103759766,686.6049194335938,74.02999877929688,87.83541870117188,50.12944030761719,230.1213836669922,175.61080932617188,71.61038970947266,98.04571533203125,84.13542175292969,0.01979999989271164
2025-08-20,581.4213256835938,563.8064575195312,311.11004638671875,69.75609588623047,681.70068359375,73.77999877929688,88.08792877197266,50.10992431640625,225.5800323486328,175.370849609375,71.65911865234375,98.0652084350586,84.31989288330078,0.019999999552965164
2025-08-21,579.131591796875,561.1962280273438,310.0394592285156,69.49253845214844,679.896484375,73.51000213623047,87.8257064819336,50.02211380004883,224.47213745117188,174.95091247558594,71.4837417602539,98.0652084350586,83.90237426757812,0.01979999989271164
2025-08-22,587.9930419921875,569.85400390625,315.4123229980469,70.6248779296875,691.94775390625,76.5199966430664,89.52530670166016,50.90020751953125,227.3267059326172,177.96043395996094,71.8442153930664,98.10420227050781,84.52379608154297,0.019999999552965164
2025-08-23,587.9930419921875,569.85400390625,315.4123229980469,70.6248779296875,691.94775390625,76.5199966430664,89.52530670166016,50.90020751953125,227.3267059326172,177.96043395996094,71.8442153930664,98.10420227050781,84.52379608154297,0.019999999552965164
2025-08-24,587.9930419921875,569.85400390625,315.4123229980469,70.6248779296875,691.94775390625,76.5199966430664,89.52530670166016,50.90020751953125,227.3267059326172,177.96043395996094,71.8442153930664,98.10420227050781,84.52379608154297,0.019999999552965164
2025-08-25,585.5050659179688,568.2100830078125,313.8956298828125,69.94157409667969,690.26318359375,75.66000366210938,89.01056671142578,50.68556594848633,226.7278594970703,179.78012084960938,71.74679565429688,98.12368774414062,84.28106689453125,0.019999999552965164
2025-08-26,587.8442993164062,570.4916381835938,315.3231201171875,69.90251922607422,693.8018188476562,76.2699966430664,88.77748107910156,50.57823944091797,228.87376403808594,181.7397918701172,71.83448028564453,98.12368774414062,84.23249816894531,0.019500000402331352
2025-08-27,589.1922607421875,571.368408203125,316.1657409667969,69.69752502441406,698.6761474609375,75.5199966430664,89.33106994628906,50.23676300048828,230.05152893066406,181.56982421875,71.90267944335938,98.13343048095703,84.13542175292969,0.019500000402331352
2025-08-28,591.27392578125,574.9451293945312,317.3156433105469,69.9806137084961,705.6038818359375,76.06999969482422,89.09797668457031,50.42213439941406,232.11758422851562,180.1400604248047,71.99036407470703,98.14319610595703,84.68887329101562,0.019500000402331352
2025-08-29,587.8641357421875,568.2899169921875,315.4321594238281,69.66825103759766,694.7886352539062,74.95999908447266,89.58357238769531,50.27578353881836,231.69837951660156,174.1510467529297,71.90267944335938,98.20167541503906,84.08685302734375,0.019500000402331352
2025-08-30,587.8641357421875,568.2899169921875,315.4321594238281,69.66825103759766,694.7886352539062,74.95999908447266,89.58357238769531,50.27578353881836,231.69837951660156,174.1510467529297,71.90267944335938,98.20167541503906,84.08685302734375,0.019500000402331352
2025-08-31,587.8641357421875,568.2899169921875,315.4321594238281,69.66825103759766,694.7886352539062,74.95999908447266,89.58357238769531,50.27578353881836,231.69837951660156,174.1510467529297,71.90267944335938,98.20167541503906,84.08685302734375,0.019500000402331352
2025-09-01,587.8641357421875,568.2899169921875,315.4321594238281,69.66825103759766,694.7886352539062,74.95999908447266,89.58357238769531,50.27578353881836,231.69837951660156,174.1510467529297,71.90267944335938,98.20167541503906,84.08685302734375,0.019500000402331352
2025-09-02,583.5325927734375,563.5274658203125,313.2413635253906,69.18016815185547,687.6017456054688,74.41000366210938,88.0976333618164,50.20748519897461,229.28298950195312,170.75161743164062,71.74922180175781,98.21145629882812,83.46111297607422,0.019500000402331352
2025-09-03,586.5160522460938,567.9611206054688,314.5696716308594,69.32657623291016,690.681884765625,74.79000091552734,88.14619445800781,50.344078063964844,238.01634216308594,170.59165954589844,71.98381042480469,98.22124481201172,84.37730407714844,0.02199999988079071
2025-09-04,591.34326171875,573.1019287109375,317.35528564453125,69.60967254638672,695.3070068359375,75.0199966430664,88.8066177368164,50.12944030761719,239.3238525390625,171.63148498535156,72.25750732421875,98.24080657958984,85.02059936523438,0.019500000402331352
2025-09-05,589.7276000976562,573.9288940429688,316.7703552246094,70.06846618652344,696.5529174804688,75.37000274658203,89.80695343017578,50.705078125,239.2340087890625,166.9922637939453,72.5996322631836,98.2603759765625,86.3169174194336,0.029999999329447746
2025-09-06,589.7276000976562,573.9288940429688,316.7703552246094,70.06846618652344,696.5529174804688,75.37000274658203,89.80695343017578,50.705078125,239.2340087890625,166.9922637939453,72.5996322631836,98.2603759765625,86.3169174194336,0.029999999329447746
2025-09-07,589.7276000976562,573.9288940429688,316.7703552246094,70.06846618652344,696.5529174804688,75.37000274658203,89.80695343017578,50.705078125,239.2340087890625,166.9922637939453,72.5996322631836,98.2603759765625,86.3169174194336,0.029999999329447746
2025-09-08,591.2540893554688,576.7284545898438,317.7815246582031,70.74201202392578,702.663330078125,76.12999725341797,89.28250122070312,51.20266342163086,237.42745971679688,168.2820281982422,72.83425903320312,98.28972625732422,87.4670181274414,0.029999999329447746
2025-09-09,592.6913452148438,578.3624877929688,318.18798828125,70.65415954589844,703.4906616210938,76.58999633789062,89.07855224609375,51.39779281616211,233.9041748046875,170.7316131591797,72.6973876953125,98.28972625732422,86.96994018554688,0.019500000402331352
2025-09-10,594.4060668945312,578.5517578125,319.0008239746094,70.78106689453125,712.6412963867188,75.55999755859375,88.93287658691406,51.631954193115234,226.35855102539062,177.300537109375,72.82447052001953,98.29950714111328,87.4670181274414,0.019500000402331352
2025-09-11,599.2531127929688,581.9192504882812,321.95489501953125,71.58151245117188,716.468994140625,78.30000305175781,90.55477142333984,52.2758903503418,229.59239196777344,177.1505584716797,72.98088073730469,98.3190689086914,88.05181884765625,0.014999999664723873
2025-09-12,599.124267578125,584.4896240234375,321.4889831542969,71.34722900390625,717.2664794921875,78.56999969482422,90.13716125488281,52.178321838378906,233.62472534179688,177.80047607421875,72.89289093017578,98.34841918945312,87.67170715332031,0.014999999664723873
2025-09-13,599.124267578125,584.4896240234375,321.4889831542969,71.34722900390625,717.2664794921875,78.56999969482422,90.13716125488281,52.178321838378906,233.62472534179688,177.80047607421875,72.89289093017578,98.34841918945312,87.67170715332031,0.014999999664723873
2025-09-14,599.124267578125,584.4896240234375,321.4889831542969,71.34722900390625,717.2664794921875,78.56999969482422,90.13716125488281,52.178321838378906,233.62472534179688,177.80047607421875,72.89289093017578,98.34841918945312,87.67170715332031,0.014999999664723873
2025-09-15,602.2465209960938,589.4911499023438,323.05523681640625,71.90364837646484,724.3038940429688,79.72000122070312,89.99148559570312,52.52956008911133,236.24969482421875,177.73048400878906,73.02975463867188,98.34841918945312,87.87638092041016,0.019500000402331352
2025-09-16,601.4534912109375,588.992919921875,322.61907958984375,71.96220397949219,721.8517456054688,81.02999877929688,89.51558685302734,52.86128616333008,237.6969451904297,174.86080932617188,73.0395278930664,98.36799621582031,88.06157684326172,0.014999999664723873
2025-09-17,600.759765625,587.8173217773438,322.3315734863281,71.91339874267578,719.1902465820312,80.66999816894531,89.39905548095703,53.19301223754883,238.5353546142578,170.27130126953125,72.91244506835938,98.37776184082031,87.83739471435547,0.01899999938905239
2025-09-18,603.5846557617188,593.11767578125,324.36376953125,71.97197723388672,731.9592895507812,83.16000366210938,89.59329223632812,52.9490966796875,237.42745971679688,176.2206573486328,72.72671508789062,98.3973388671875,86.93095397949219,0.019500000402331352
2025-09-19,606.3997802734375,597.1326904296875,325.58306884765625,71.72673797607422,738.7973022460938,84.95999908447266,89.01056671142578,52.88044357299805,245.032958984375,176.6505889892578,72.75604248046875,98.43647766113281,86.76525115966797,0.014999999664723873
2025-09-20,606.3997802734375,597.1326904296875,325.58306884765625,71.72673797607422,738.7973022460938,84.95999908447266,89.01056671142578,52.88044357299805,245.032958984375,176.6505889892578,72.75604248046875,98.43647766113281,86.76525115966797,0.014999999664723873
2025-09-21,606.3997802734375,597.1326904296875,325.58306884765625,71.72673797607422,738.7973022460938,84.95999908447266,89.01056671142578,52.88044357299805,245.032958984375,176.6505889892578,72.75604248046875,98.43647766113281,86.76525115966797,0.014999999664723873
2025-09-22,609.353515625,600.667724609375,326.9906921386719,72.04063415527344,750.7389526367188,84.69000244140625,89.02999114990234,53.02755355834961,255.5928192138672,183.58984375,72.61919403076172,98.43647766113281,86.45335388183594,0.01899999938905239
2025-09-23,606.1618041992188,596.6779174804688,325.236083984375,71.94254302978516,743.023681640625,83.58000183105469,89.51558685302734,53.01774597167969,253.9459686279297,178.410400390625,72.76583099365234,98.45603942871094,87.05766296386719,0.01899999938905239
2025-09-24,604.1397094726562,594.583251953125,324.04656982421875,71.52074432373047,737.5440063476562,83.45999908447266,88.63512420654297,52.91967010498047,251.8300018310547,176.9505615234375,72.61919403076172,98.4658203125,86.72628021240234,0.01899999938905239
2025-09-25,601.25537109375,592.0198364257812,322.311767578125,71.1087417602539,735.318603515625,81.62999725341797,88.37039184570312,52.61565017700195,256.3813171386719,177.67050170898438,72.5409927368164,98.47559356689453,86.72628021240234,0.01899999938905239
2025-09-26,604.7938842773438,594.4535522460938,324.333984375,71.36378479003906,737.1847534179688,83.0999984741211,89.2430191040039,52.517578125,254.97401428222656,178.17044067382812,72.5409927368164,98.50494384765625,86.6482925415039,0.01899999938905239
2025-09-27,604.7938842773438,594.4535522460938,324.333984375,71.36378479003906,737.1847534179688,83.0999984741211,89.2430191040039,52.517578125,254.97401428222656,178.17044067382812,72.5409927368164,98.50494384765625,86.6482925415039,0.01899999938905239
2025-09-28,604.7938842773438,594.4535522460938,324.333984375,71.36378479003906,737.1847534179688,83.0999984741211,89.2430191040039,52.517578125,254.97401428222656,178.17044067382812,72.5409927368164,98.50494384765625,86.6482925415039,0.01899999938905239
2025-09-29,606.4937744140625,597.20654296875,325.1561279296875,71.74635314941406,741.6355590820312,86.16999816894531,89.2724380493164,52.90005874633789,253.9459686279297,181.83004760742188,72.72671508789062,98.51473236083984,87.35980224609375,0.02199999988079071
2025-09-30,608.7303466796875,598.8424072265625,326.2197570800781,72.06025695800781,745.0984497070312,86.30000305175781,89.63520812988281,53.135433197021484,254.14559936523438,186.55950927734375,72.6973876953125,98.51473236083984,87.10639190673828,0.03689999878406525
2025-10-01,610.9072875976562,601.7150268554688,327.35296630859375,72.56053924560547,750.9763793945312,86.91999816894531,89.77247619628906,53.468875885009766,254.9640350341797,187.21945190429688,72.88076782226562,98.53141784667969,87.33134460449219,0.03689999878406525
2025-10-02,611.5831909179688,604.188720703125,327.8301086425781,72.69786834716797,756.4351806640625,89.22000122070312,89.30184936523438,53.61598205566406,256.6408386230469,188.8692626953125,72.959228515625,98.54122924804688,87.58564758300781,0.014999999664723873
2025-10-03,611.6329345703125,601.645263671875,328.0090637207031,73.23739624023438,754.1199340820312,88.31999969482422,89.63520812988281,53.733673095703125,257.5291442871094,187.59939575195312,72.87095642089844,98.58049774169922,87.41937255859375,0.02199999988079071
2025-10-04,611.6329345703125,601.645263671875,328.0090637207031,73.23739624023438,754.1199340820312,88.31999969482422,89.63520812988281,53.733673095703125,257.5291442871094,187.59939575195312,72.87095642089844,98.58049774169922,87.41937255859375,0.02199999988079071
2025-10-05,611.6329345703125,601.645263671875,328.0090637207031,73.23739624023438,754.1199340820312,88.31999969482422,89.63520812988281,53.733673095703125,257.5291442871094,187.59939575195312,72.87095642089844,98.58049774169922,87.41937255859375,0.02199999988079071
2025-10-06,613.720458984375,606.1636962890625,329.2416687011719,73.39434051513672,760.6165771484375,91.58999633789062,88.79199981689453,53.920005798339844,256.2016906738281,185.51962280273438,72.70425415039062,98.58049774169922,86.72494506835938,0.019999999552965164
2025-10-07,611.5335083007812,602.9718627929688,327.6611328125,72.82539367675781,753.6409301757812,89.11000061035156,88.46845245361328,53.62579345703125,255.99208068847656,185.01968383789062,72.84154510498047,98.60014343261719,87.22377014160156,0.01730000041425228
2025-10-08,615.082275390625,609.88427734375,329.838134765625,73.10986328125,766.444580078125,92.52999877929688,88.00762939453125,53.92981719970703,257.5690612792969,189.0892333984375,72.84154510498047,98.6099624633789,87.29222869873047,0.014999999664723873
2025-10-09,613.4221801757812,609.1461181640625,328.6949462890625,72.47225189208984,766.0653686523438,91.66000366210938,87.52718353271484,53.459068298339844,253.55670166015625,192.54885864257812,72.79251098632812,98.6197738647461,87.22377014160156,0.014999999664723873
2025-10-10,596.9310913085938,588.0000610351562,319.8876037597656,70.79483795166016,734.8196411132812,86.5199966430664,86.40943908691406,51.52705001831055,244.80340576171875,183.139892578125,73.07689666748047,98.66886138916016,88.63217163085938,0.018699999898672104
2025-10-11,596.9310913085938,588.0000610351562,319.8876037597656,70.79483795166016,734.8196411132812,86.5199966430664,86.40943908691406,51.52705001831055,244.80340576171875,183.139892578125,73.07689666748047,98.66886138916016,88.63217163085938,0.018699999898672104
2025-10-12,596.9310913085938,588.0000610351562,319.8876037597656,70.79483795166016,734.8196411132812,86.5199966430664,86.40943908691406,51.52705001831055,244.80340576171875,183.139892578125,73.07689666748047,98.66886138916016,88.63217163085938,0.018699999898672104
2025-10-13,605.976806640625,600.4782104492188,324.98712158203125,71.8738784790039,753.9403076171875,87.7699966430664,86.9585189819336,52.958900451660156,247.18885803222656,188.29933166503906,73.194580078125,98.6590347290039,88.5832748413086,0.018699999898672104
2025-10-14,605.1220092773438,596.4783935546875,324.8876953125,71.88368225097656,744.3101196289062,86.86000061035156,87.85073852539062,52.488155364990234,247.29864501953125,180.01022338867188,73.30243682861328,98.66886138916016,88.86691284179688,0.029999999329447746
2025-10-15,607.7860107421875,600.6876220703125,326.42852783203125,72.51148986816406,751.2258911132812,89.30000305175781,89.1253662109375,53.28253936767578,248.8656463623047,179.8102569580078,73.25341033935547,98.68848419189453,88.67130279541016,0.029999999329447746
2025-10-16,603.7701416015625,598.4633178710938,323.8340148925781,72.835205078125,748.810791015625,86.68000030517578,88.81161499023438,53.459068298339844,246.979248046875,181.7900390625,73.52799987792969,98.69830322265625,89.33638000488281,0.017999999225139618
2025-10-17,607.1199951171875,602.393310546875,325.3548889160156,72.7861557006836,750.6170654296875,86.23999786376953,89.39009857177734,53.33157730102539,251.81002807617188,183.19989013671875,73.429931640625,98.72775268554688,89.19945526123047,0.016499999910593033
2025-10-18,607.1199951171875,602.393310546875,325.3548889160156,72.7861557006836,750.6170654296875,86.23999786376953,89.39009857177734,53.33157730102539,251.81002807617188,183.19989013671875,73.429931640625,98.72775268554688,89.19945526123047,0.016499999910593033
2025-10-19,607.1199951171875,602.393310546875,325.3548889160156,72.7861557006836,750.6170654296875,86.23999786376953,89.39009857177734,53.33157730102539,251.81002807617188,183.19989013671875,73.429931640625,98.72775268554688,89.19945526123047,0.016499999910593033
2025-10-20,613.4917602539062,609.98388671875,328.9832458496094,73.50225067138672,760.6165771484375,90.01000213623047,90.29212951660156,53.96904373168945,261.7411193847656,182.6199493408203,73.52799987792969,98.7375717163086,89.54177856445312,0.029999999329447746
2025-10-21,613.4122924804688,609.8244018554688,328.9434814453125,72.80577087402344,759.84814453125,88.6500015258789,90.0372085571289,53.48849105834961,262.2701110839844,181.14010620117188,73.61624908447266,98.7572021484375,89.98190307617188,0.03689999878406525
2025-10-22,610.310791015625,603.9493408203125,326.9454040527344,72.86463165283203,750.8665771484375,85.3499984741211,90.41959381103516,53.459068298339844,257.9583435058594,180.2602081298828,73.61624908447266,98.76702117919922,90.04058837890625,0.014999999664723873
2025-10-23,613.7601928710938,609.0264282226562,329.0428771972656,73.28643798828125,760.6964111328125,87.93000030517578,90.36076354980469,53.86116409301758,259.0861511230469,182.13999938964844,73.46914672851562,98.7768325805664,89.42440032958984,0.01679999940097332
2025-10-24,618.8397216796875,615.52978515625,331.726806640625,73.52185821533203,772.5520629882812,89.33000183105469,90.62549591064453,54.116153717041016,262.32000732421875,186.23953247070312,73.56722259521484,98.8062973022461,89.46353149414062,0.01590000092983246
2025-10-25,618.8397216796875,615.52978515625,331.726806640625,73.52185821533203,772.5520629882812,89.33000183105469,90.62549591064453,54.116153717041016,262.32000732421875,186.23953247070312,73.56722259521484,98.8062973022461,89.46353149414062,0.01590000092983246
2025-10-26,618.8397216796875,615.52978515625,331.726806640625,73.52185821533203,772.5520629882812,89.33000183105469,90.62549591064453,54.116153717041016,262.32000732421875,186.23953247070312,73.56722259521484,98.8062973022461,89.46353149414062,0.01590000092983246
2025-10-27,626.2453002929688,626.4918823242188,335.4246826171875,74.08100128173828,786.3935546875,90.25,90.88041687011719,54.567283630371094,268.2986145019531,191.46897888183594,73.60643768310547,98.81610870361328,89.7667236328125,0.013000000268220901
2025-10-28,627.9252319335938,631.3095703125,335.9416198730469,74.07119750976562,794.5069580078125,89.27999877929688,89.09595489501953,54.53786087036133,268.4882507324219,201.0079345703125,73.64566802978516,98.82592010498047,90.00146484375,0.02329999953508377
2025-10-29,628.1837158203125,634.15234375,335.70306396484375,73.84557342529297,799.8758544921875,89.2300033569336,86.80162811279297,54.69477844238281,269.1869201660156,207.01727294921875,73.2828369140625,98.83574676513672,89.09185791015625,0.02329999953508377
2025-10-30,621.513671875,624.45703125,332.0946044921875,73.38452911376953,789.3275756835938,85.68000030517578,87.21343231201172,54.12595748901367,270.8836669921875,202.8677215576172,73.15534973144531,98.8455581665039,88.57349395751953,0.02199999988079071
2025-10-31,623.3029174804688,627.4693603515625,333.4266662597656,73.20796203613281,791.5829467773438,88.9800033569336,87.4389419555664,53.91020202636719,269.85565185546875,202.4677734375,73.1357421875,98.87501525878906,88.30940246582031,0.02199999988079071
2025-11-01,623.3029174804688,627.4693603515625,333.4266662597656,73.20796203613281,791.5829467773438,88.9800033569336,87.4389419555664,53.91020202636719,269.85565185546875,202.4677734375,73.1357421875,98.87501525878906,88.30940246582031,0.02199999988079071
2025-11-02,623.3029174804688,627.4693603515625,333.4266662597656,73.20796203613281,791.5829467773438,88.9800033569336,87.4389419555664,53.91020202636719,269.85565185546875,202.4677734375,73.1357421875,98.87501525878906,88.30940246582031,0.02199999988079071
2025-11-03,624.525634765625,630.4716796875,333.80438232421875,73.41395568847656,794.3173217773438,88.19000244140625,87.31148529052734,54.02788543701172,268.53814697265625,206.85728454589844,73.05113220214844,98.90259552001953,88.08854675292969,0.01209999993443489
2025-11-04,617.2890014648438,617.6743774414062,329.7685241699219,72.44282531738281,772.8613891601562,83.5,87.45854949951172,53.27273178100586,269.5262756347656,198.66818237304688,73.0904769897461,98.90259552001953,88.28488159179688,0.01850000023841858
2025-11-05,619.1478271484375,621.6941528320312,331.1800842285156,72.93329620361328,776.0647583007812,84.98999786376953,87.5369873046875,53.74347686767578,269.6260986328125,195.18858337402344,72.88387298583984,98.92228698730469,87.32290649414062,0.029999999329447746
2025-11-06,612.5673217773438,610.1136474609375,327.41259765625,72.64881896972656,760.8361206054688,80.91999816894531,87.11538696289062,53.53752517700195,269.25677490234375,188.05935668945312,73.169189453125,98.93213653564453,88.10819244384766,0.029999999329447746
2025-11-07,613.2134399414062,608.1885375976562,328.12835693359375,72.7861557006836,759.8082885742188,80.75,88.46845245361328,53.48849105834961,267.9592590332031,188.1293487548828,73.12983703613281,98.96170043945312,87.92167663574219,0.01899999938905239
2025-11-08,613.2134399414062,608.1885375976562,328.12835693359375,72.7861557006836,759.8082885742188,80.75,88.46845245361328,53.48849105834961,267.9592590332031,188.1293487548828,73.12983703613281,98.96170043945312,87.92167663574219,0.01899999938905239
2025-11-09,613.2134399414062,608.1885375976562,328.12835693359375,72.7861557006836,759.8082885742188,80.75,88.46845245361328,53.48849105834961,267.9592590332031,188.1293487548828,73.12983703613281,98.96170043945312,87.92167663574219,0.01899999938905239
2025-11-10,622.736328125,621.6442260742188,332.92962646484375,73.69843292236328,778.7692260742188,82.83999633789062,88.41942596435547,54.20441818237305,269.1781311035156,199.0281524658203,73.11015319824219,98.97154235839844,87.90204620361328,0.017899999395012856
2025-11-11,624.1677856445312,619.9884643554688,333.7447509765625,74.09081268310547,771.7138061523438,82.05000305175781,89.40970611572266,54.26325988769531,274.99267578125,193.1387939453125,73.31676483154297,98.98139953613281,88.30451202392578,0.017899999395012856
2025-11-12,624.4758911132812,619.4996948242188,333.8640441894531,74.37528991699219,772.5819702148438,81.36000061035156,88.74298095703125,54.25345230102539,273.21435546875,193.7787322998047,73.2872543334961,98.99124908447266,88.46156311035156,0.013000000268220901
2025-11-13,614.306884765625,606.8519897460938,327.94940185546875,73.56110382080078,750.8167114257812,77.08999633789062,87.65464782714844,53.77289962768555,272.6948547363281,186.8394775390625,73.07080078125,99.0010986328125,87.73517608642578,0.013000000268220901
2025-11-14,614.1478881835938,607.310791015625,327.8996887207031,73.50225067138672,754.708740234375,76.91999816894531,87.84093475341797,53.792510986328125,272.15533447265625,190.1491241455078,72.96258544921875,99.0306396484375,87.23457336425781,0.013000000268220901
2025-11-15,614.1478881835938,607.310791015625,327.8996887207031,73.50225067138672,754.708740234375,76.91999816894531,87.84093475341797,53.792510986328125,272.15533447265625,190.1491241455078,72.96258544921875,99.0306396484375,87.23457336425781,0.013000000268220901
2025-11-16,614.1478881835938,607.310791015625,327.8996887207031,73.50225067138672,754.708740234375,76.91999816894531,87.84093475341797,53.792510986328125,272.15533447265625,190.1491241455078,72.96258544921875,99.0306396484375,87.23457336425781,0.013000000268220901
2025-11-17,608.3923950195312,602.1240234375,324.4900817871094,72.5899658203125,742.1744995117188,75.48999786376953,87.11538696289062,53.174659729003906,267.2099609375,186.5795135498047,73.0019302368164,99.0405044555664,87.45052337646484,0.014999999664723873
2025-11-18,603.3824462890625,594.792724609375,322.293212890625,71.95235443115234,731.0872802734375,74.97000122070312,87.46835327148438,52.998130798339844,267.19000244140625,181.340087890625,73.06096649169922,99.0405044555664,87.42105865478516,0.01549999974668026
2025-11-19,605.5693359375,598.3436889648438,323.346923828125,71.76598358154297,736.0570678710938,74.38999938964844,86.78202819824219,52.88044357299805,268.3089294433594,186.49951171875,73.03144836425781,99.06019592285156,87.244384765625,0.016899999231100082
2025-11-20,596.3843994140625,584.1798095703125,318.1977233886719,70.814453125,714.23193359375,71.75,86.41924285888672,52.25278091430664,266.0010986328125,180.6201629638672,73.1396713256836,99.07991027832031,87.58794403076172,0.017500000074505806
2025-11-21,602.3187866210938,588.568603515625,321.8757019042969,71.5305404663086,717.4153442382812,73.3499984741211,87.82133483886719,52.04683303833008,271.2361755371094,178.86036682128906,73.31676483154297,99.099609375,87.85297393798828,0.016899999231100082
2025-11-22,602.3187866210938,588.568603515625,321.8757019042969,71.5305404663086,717.4153442382812,73.3499984741211,87.82133483886719,52.04683303833008,271.2361755371094,178.86036682128906,73.31676483154297,99.099609375,87.85297393798828,0.016899999231100082
2025-11-23,602.3187866210938,588.568603515625,321.8757019042969,71.5305404663086,717.4153442382812,73.3499984741211,87.82133483886719,52.04683303833008,271.2361755371094,178.86036682128906,73.31676483154297,99.099609375,87.85297393798828,0.016899999231100082
2025-11-24,611.2750244140625,603.6201782226562,326.6869812011719,71.83464050292969,735.4383544921875,76.79000091552734,88.056640625,52.576419830322266,275.6620788574219,182.52996826171875,73.44467163085938,99.10945129394531,88.35358428955078,0.016899999231100082
2025-11-25,616.9609375,607.3406982421875,330.18603515625,72.5016860961914,737.6937255859375,77.30000305175781,88.87044525146484,52.811790466308594,276.7110900878906,177.80047607421875,73.61192321777344,99.12915802001953,88.57935333251953,0.013000000268220901
2025-11-26,621.2254638671875,612.70703125,332.4524841308594,73.18833923339844,745.3978271484375,78.47000122070312,89.26263427734375,53.06678009033203,277.29052734375,180.24020385742188,73.69063568115234,99.1390151977539,88.97198486328125,0.029999999329447746
2025-11-27,621.2254638671875,612.70703125,332.4524841308594,73.18833923339844,745.3978271484375,78.47000122070312,89.26263427734375,53.06678009033203,277.29052734375,180.24020385742188,73.69063568115234,99.1390151977539,88.97198486328125,0.029999999329447746
2025-11-28,624.664794921875,617.6743774414062,334.3113708496094,73.5120620727539,750.6571044921875,79.68000030517578,89.55677032470703,53.253116607666016,278.5893249511719,176.98056030273438,73.57257080078125,99.1685562133789,88.5499038696289,0.029999999329447746
2025-11-29,624.664794921875,617.6743774414062,334.3113708496094,73.5120620727539,750.6571044921875,79.68000030517578,89.55677032470703,53.253116607666016,278.5893249511719,176.98056030273438,73.57257080078125,99.1685562133789,88.5499038696289,0.029999999329447746
2025-11-30,624.664794921875,617.6743774414062,334.3113708496094,73.5120620727539,750.6571044921875,79.68000030517578,89.55677032470703,53.253116607666016,278.5893249511719,176.98056030273438,73.57257080078125,99.1685562133789,88.5499038696289,0.029999999329447746
2025-12-01,621.7920532226562,615.599609375,332.6711730957031,73.22758483886719,750.3477172851562,77.52999877929688,88.52726745605469,53.20408248901367,282.8353576660156,179.90025329589844,73.28535461425781,99.1912841796875,87.44757080078125,0.029999999329447746
2025-12-02,622.845703125,620.4173583984375,333.06878662109375,73.34529876708984,758.1516723632812,78.22000122070312,88.2135238647461,53.086395263671875,285.9224548339844,181.44007873535156,73.35443878173828,99.21105194091797,87.48696899414062,0.017000000923871994
2025-12-03,625.0226440429688,621.9335327148438,334.5599060058594,73.63957977294922,759.5587768554688,80.75,88.43902587890625,53.01774597167969,283.8843688964844,179.57028198242188,73.4630126953125,99.22093963623047,87.73324584960938,0.01600000075995922
2025-12-04,625.5494384765625,621.35498046875,335.08673095703125,73.7965316772461,763.08154296875,82.6500015258789,88.22332763671875,53.135433197021484,280.4375915527344,183.37008666992188,73.3248291015625,99.2406997680664,87.2603988647461,0.029999999329447746
2025-12-05,626.7224731445312,623.8884887695312,335.5539245605469,73.94367218017578,766.3946533203125,81.91000366210938,88.12527465820312,53.351192474365234,278.5193786621094,182.40013122558594,73.23600006103516,99.27034759521484,86.85650634765625,0.029999999329447746
2025-12-06,626.7224731445312,623.8884887695312,335.5539245605469,73.94367218017578,766.3946533203125,81.91000366210938,88.12527465820312,53.351192474365234,278.5193786621094,182.40013122558594,73.23600006103516,99.27034759521484,86.85650634765625,0.029999999329447746
2025-12-07,626.7224731445312,623.8884887695312,335.5539245605469,73.94367218017578,766.3946533203125,81.91000366210938,88.12527465820312,53.351192474365234,278.5193786621094,182.40013122558594,73.23600006103516,99.27034759521484,86.85650634765625,0.029999999329447746
2025-12-08,624.8635864257812,622.6915893554688,334.56982421875,73.78672790527344,773.0909423828125,81.95999908447266,87.4487533569336,53.15504837036133,277.6302185058594,185.5399627685547,73.12742614746094,99.27034759521484,86.5708236694336,0.01600000075995922
2025-12-09,624.3566284179688,623.4595947265625,334.2318420410156,73.68862915039062,774.7675170898438,82.52999877929688,87.11538696289062,53.06678009033203,276.9208679199219,184.95999145507812,73.07808685302734,99.28022766113281,86.65949249267578,0.017000000923871994
2025-12-10,628.3923950195312,626.0130615234375,336.71697998046875,74.48319244384766,777.5617065429688,83.16000366210938,87.42913818359375,53.50810623168945,278.5193786621094,183.77005004882812,73.29521942138672,99.28022766113281,86.99442291259766,0.01899999938905239
2025-12-11,629.9332275390625,623.98828125,337.8502197265625,74.67938232421875,774.74755859375,82.05999755859375,87.8115234375,53.390419006347656,277.77008056640625,180.92019653320312,73.29521942138672,99.29998779296875,86.876220703125,0.01600000075995922
2025-12-12,623.1339721679688,612.0587158203125,333.9932556152344,74.16929626464844,752.3834838867188,80.38999938964844,87.70366668701172,52.90005874633789,278.0198669433594,175.01052856445312,73.0682144165039,99.33951568603516,86.03887176513672,0.01600000075995922
2025-12-13,623.1339721679688,612.0587158203125,333.9932556152344,74.16929626464844,752.3834838867188,80.38999938964844,87.70366668701172,52.90005874633789,278.0198669433594,175.01052856445312,73.0682144165039,99.33951568603516,86.03887176513672,0.01600000075995922
2025-12-14,623.1339721679688,612.0587158203125,333.9932556152344,74.16929626464844,752.3834838867188,80.38999938964844,87.70366668701172,52.90005874633789,278.0198669433594,175.01052856445312,73.0682144165039,99.33951568603516,86.03887176513672,0.01600000075995922
2025-12-15,622.2294311523438,608.9865112304688,333.337158203125,74.4243392944336,743.9807739257812,79.20999908447266,87.97821044921875,52.743141174316406,273.8537292480469,176.28045654296875,73.15704345703125,99.33951568603516,86.09798431396484,0.02449999935925007
2025-12-16,620.4898681640625,610.1934204101562,332.3729553222656,74.02214813232422,745.1483764648438,80.13999938964844,87.33109283447266,52.44892501831055,274.353271484375,177.71038818359375,73.29521942138672,99.34939575195312,86.5708236694336,0.024000000208616257
2025-12-17,613.6707153320312,598.8822631835938,328.74462890625,73.53167724609375,729.6614379882812,77.69999694824219,87.65464782714844,52.105674743652344,271.58587646484375,170.93075561523438,73.27548217773438,99.36915588378906,86.49201965332031,0.01600000075995922
2025-12-18,618.302978515625,607.5601806640625,331.2695617675781,74.13005065917969,739.8508911132812,78.69000244140625,87.1938247680664,52.547000885009766,271.935546875,174.1305694580078,73.43096923828125,99.36915588378906,86.90577697753906,0.015599999576807022
2025-12-19,623.8198852539062,615.4799194335938,334.2218933105469,74.59256744384766,754.75537109375,80.30000305175781,86.86045837402344,53.11000061035156,273.4141845703125,180.98020935058594,73.32202911376953,99.41178131103516,86.58140563964844,0.023000000044703484
2025-12-20,623.8198852539062,615.4799194335938,334.2218933105469,74.59256744384766,754.75537109375,80.30000305175781,86.86045837402344,53.11000061035156,273.4141845703125,180.98020935058594,73.32202911376953,99.41178131103516,86.58140563964844,0.023000000044703484
2025-12-21,623.8198852539062,615.4799194335938,334.2218933105469,74.59256744384766,754.75537109375,80.30000305175781,86.86045837402344,53.11000061035156,273.4141845703125,180.98020935058594,73.32202911376953,99.41178131103516,86.58140563964844,0.023000000044703484
2025-12-22,627.7484130859375,618.4302368164062,336.5456237792969,75.01213073730469,759.989990234375,81.48999786376953,87.30669403076172,53.45000076293945,270.7166748046875,183.6800537109375,73.30221557617188,99.41178131103516,86.39350128173828,0.01600000075995922
2025-12-23,630.67919921875,621.3265380859375,337.662109375,75.47166442871094,764.2355346679688,80.51000213623047,87.24732971191406,53.70000076293945,272.1053771972656,189.19976806640625,73.29232788085938,99.42169189453125,86.53194427490234,0.014999999664723873
2025-12-24,632.7825927734375,623.144287109375,338.8185119628906,75.53160095214844,765.524169921875,80.6500015258789,87.82119750976562,53.68000030517578,273.55401611328125,188.59979248046875,73.4705810546875,99.44152069091797,87.05608367919922,0.01600000075995922
2025-12-25,632.7825927734375,623.144287109375,338.8185119628906,75.53160095214844,765.524169921875,80.6500015258789,87.82119750976562,53.68000030517578,273.55401611328125,188.59979248046875,73.4705810546875,99.44152069091797,87.05608367919922,0.01600000075995922
2025-12-26,632.8424072265625,623.1043090820312,338.6091613769531,75.77134704589844,766.373291015625,79.69999694824219,87.92013549804688,54.02000045776367,273.1444091796875,190.51968383789062,73.4705810546875,99.47126007080078,86.76929473876953,0.01899999938905239
2025-12-27,632.8424072265625,623.1043090820312,338.6091613769531,75.77134704589844,766.373291015625,79.69999694824219,87.92013549804688,54.02000045776367,273.1444091796875,190.51968383789062,73.4705810546875,99.47126007080078,86.76929473876953,0.01899999938905239
2025-12-28,632.8424072265625,623.1043090820312,338.6091613769531,75.77134704589844,766.373291015625,79.69999694824219,87.92013549804688,54.02000045776367,273.1444091796875,190.51968383789062,73.4705810546875,99.47126007080078,86.76929473876953,0.01899999938905239
2025-12-29,630.6094360351562,620.088134765625,337.3331604003906,75.53160095214844,762.3074951171875,78.61000061035156,88.09823608398438,53.61000061035156,273.50408935546875,188.20980834960938,73.57950592041016,99.49109649658203,87.09564208984375,0.014999999664723873
2025-12-30,629.732177734375,618.64990234375,336.7948303222656,75.68144226074219,760.099853515625,77.87000274658203,88.27632904052734,53.810001373291016,272.82470703125,187.52984619140625,73.54979705810547,99.50100708007812,86.88796997070312,0.01600000075995922
2025-12-31,625.1566772460938,613.536376953125,334.222900390625,75.36177825927734,752.9972534179688,76.91999816894531,87.55404663085938,53.7599983215332,271.6058349609375,186.4899139404297,73.35173797607422,99.51091766357422,86.19571685791016,0.014999999664723873
2026-01-01,625.1566772460938,613.536376953125,334.222900390625,75.36177825927734,752.9972534179688,76.91999816894531,87.55404663085938,53.7599983215332,271.6058349609375,186.4899139404297,73.35173797607422,99.51091766357422,86.19571685791016,0.014999999664723873
2026-01-02,626.3229370117188,612.347900390625,335.2596435546875,76.46063232421875,755.1948852539062,78.30999755859375,87.58373260498047,54.93000030517578,270.75665283203125,188.83978271484375,73.32202911376953,99.54066467285156,86.06715393066406,0.023000000044703484
2026-01-03,626.3229370117188,612.347900390625,335.2596435546875,76.46063232421875,755.1948852539062,78.30999755859375,87.58373260498047,54.93000030517578,270.75665283203125,188.83978271484375,73.32202911376953,99.54066467285156,86.06715393066406,0.023000000044703484
2026-01-04,626.3229370117188,612.347900390625,335.2596435546875,76.46063232421875,755.1948852539062,78.30999755859375,87.58373260498047,54.93000030517578,270.75665283203125,188.83978271484375,73.32202911376953,99.54066467285156,86.06715393066406,0.023000000044703484
2026-01-05,630.4699096679688,617.2117309570312,337.78173828125,77.26979064941406,756.6334228515625,81.33999633789062,87.7816162109375,55.290000915527344,267.0101623535156,188.1098175048828,73.4606704711914,99.55057525634766,86.49239349365234,0.013500000350177288
2026-01-06,634.2080688476562,622.6348876953125,340.14434814453125,77.53951263427734,765.6939697265625,81.86000061035156,88.42474365234375,55.59000015258789,262.1147155761719,187.22987365722656,73.4606704711914,99.56048583984375,86.31438446044922,0.023000000044703484
2026-01-07,632.1744995117188,623.2341918945312,338.9879455566406,77.14991760253906,765.3043823242188,81.13999938964844,87.5639419555664,55.25,260.08660888671875,189.09976196289062,73.5398941040039,99.57040405273438,86.81874084472656,0.023000000044703484
2026-01-08,632.0648193359375,619.6885986328125,339.07769775390625,77.19986724853516,754.026123046875,80.55000305175781,88.34558868408203,55.310001373291016,258.7978515625,185.0299835205078,73.4111557006836,99.58031463623047,86.38361358642578,0.02449999935925007
2026-01-09,636.3014526367188,625.86083984375,341.33062744140625,77.74929809570312,761.1687622070312,80.29000091552734,88.52368927001953,55.43000030517578,259.1275329589844,184.84999084472656,73.5696029663086,99.60014343261719,86.95719909667969,0.02449999935925007
2026-01-10,636.3014526367188,625.86083984375,341.33062744140625,77.74929809570312,761.1687622070312,80.29000091552734,88.52368927001953,55.43000030517578,259.1275329589844,184.84999084472656,73.5696029663086,99.60014343261719,86.95719909667969,0.02449999935925007
2026-01-11,636.3014526367188,625.86083984375,341.33062744140625,77.74929809570312,761.1687622070312,80.29000091552734,88.52368927001953,55.43000030517578,259.1275329589844,184.84999084472656,73.5696029663086,99.60014343261719,86.95719909667969,0.02449999935925007
2026-01-12,637.3282470703125,626.3801879882812,341.9586486816406,78.46855163574219,764.7150268554688,82.54000091552734,88.64241027832031,56.290000915527344,260.0067138671875,184.92999267578125,73.50028991699219,99.61996459960938,86.70006561279297,0.02199999988079071
2026-01-13,636.0223999023438,625.4513549804688,341.27081298828125,78.04898071289062,763.6161499023438,83.20999908447266,89.13712310791016,55.959999084472656,260.8059387207031,185.79994201660156,73.55970001220703,99.6298828125,86.8484115600586,0.02449999935925007
2026-01-14,632.9420776367188,618.769775390625,339.93499755859375,78.38863372802734,754.4956665039062,83.19999694824219,89.90888214111328,56.08000183105469,259.71697998046875,183.1300811767578,73.708251953125,99.63980102539062,87.35277557373047,0.02449999935925007
2026-01-15,634.6167602539062,620.9970092773438,340.9817199707031,78.51849365234375,758.5614013671875,81.93000030517578,90.53221130371094,56.34000015258789,257.9685974121094,187.03988647460938,73.59930419921875,99.64970397949219,87.33299255371094,0.02199999988079071
2026-01-16,634.0885009765625,620.4776611328125,340.7823486328125,78.55845642089844,758.161865234375,81.68000030517578,91.64037322998047,56.0,255.29112243652344,186.21990966796875,73.48047637939453,99.68936157226562,86.8286361694336,0.01209999993443489
2026-01-17,634.0885009765625,620.4776611328125,340.7823486328125,78.55845642089844,758.161865234375,81.68000030517578,91.64037322998047,56.0,255.29112243652344,186.21990966796875,73.48047637939453,99.68936157226562,86.8286361694336,0.01209999993443489
2026-01-18,634.0885009765625,620.4776611328125,340.7823486328125,78.55845642089844,758.161865234375,81.68000030517578,91.64037322998047,56.0,255.29112243652344,186.21990966796875,73.48047637939453,99.68936157226562,86.8286361694336,0.01209999993443489
2026-01-19,634.0885009765625,620.4776611328125,340.7823486328125,78.55845642089844,758.161865234375,81.68000030517578,91.64037322998047,56.0,255.29112243652344,186.21990966796875,73.48047637939453,99.68936157226562,86.8286361694336,0.01209999993443489
2026-01-20,621.189208984375,607.2942504882812,334.0633850097656,77.64939880371094,737.9228515625,79.2300033569336,89.93856048583984,55.540000915527344,246.46937561035156,178.06036376953125,73.21309661865234,99.68936157226562,85.69136047363281,0.014700000174343586
2026-01-21,628.3067016601562,615.50390625,338.02099609375,78.51849365234375,747.8225708007812,80.29000091552734,90.29475402832031,56.11000061035156,247.41848754882812,183.31008911132812,73.42105865478516,99.68936157226562,86.34405517578125,0.00800000037997961
2026-01-22,631.5763549804688,619.978271484375,339.8053894042969,78.99800109863281,753.4667358398438,82.2300033569336,89.4042739868164,56.54999923706055,248.1178436279297,184.82998657226562,73.45076751708984,99.70919036865234,86.7198486328125,0.00800000037997961
2026-01-23,631.8355712890625,621.935791015625,339.4963684082031,79.4475326538086,754.2059326171875,80.69999694824219,89.58236694335938,56.77000045776367,247.80812072753906,187.6598358154297,73.52999114990234,99.73893737792969,86.95719909667969,0.014000000432133675
2026-01-24,631.8355712890625,621.935791015625,339.4963684082031,79.4475326538086,754.2059326171875,80.69999694824219,89.58236694335938,56.77000045776367,247.80812072753906,187.6598358154297,73.52999114990234,99.73893737792969,86.95719909667969,0.014000000432133675
2026-01-25,631.8355712890625,621.935791015625,339.4963684082031,79.4475326538086,754.2059326171875,80.69999694824219,89.58236694335938,56.77000045776367,247.80812072753906,187.6598358154297,73.52999114990234,99.73893737792969,86.95719909667969,0.014000000432133675
2026-01-26,635.0853271484375,624.67236328125,340.9617919921875,79.77719116210938,759.6403198242188,79.91999816894531,89.46363830566406,56.93000030517578,255.17123413085938,186.4599151611328,73.6191177368164,99.74884796142578,87.37254333496094,0.00800000037997961
2026-01-27,637.6870727539062,630.335205078125,342.1979064941406,81.01589965820312,769.1004638671875,79.7699966430664,89.43395233154297,57.63999938964844,258.0285339355469,188.50979614257812,73.55970001220703,99.74884796142578,86.8286361694336,0.014700000174343586
2026-01-28,637.58740234375,632.4225463867188,342.00848388671875,80.6562728881836,774.375,78.94000244140625,88.51378631591797,57.86000061035156,256.2002868652344,191.5096435546875,73.52999114990234,99.76866149902344,86.63084411621094,0.014700000174343586
2026-01-29,636.2615966796875,628.6373291015625,341.2209777832031,80.86605834960938,760.0098876953125,77.63999938964844,89.75056457519531,57.63999938964844,258.0385437011719,192.49957275390625,73.5398941040039,99.7785873413086,86.65061950683594,0.009999999776482582
2026-01-30,634.218017578125,621.0868530273438,339.50634765625,79.57740020751953,747.1432495117188,74.87000274658203,89.8396224975586,56.470001220703125,259.2374267578125,191.11965942382812,73.51018524169922,99.79840850830078,86.1660385131836,0.014000000432133675
2026-01-31,634.218017578125,621.0868530273438,339.50634765625,79.57740020751953,747.1432495117188,74.87000274658203,89.8396224975586,56.470001220703125,259.2374267578125,191.11965942382812,73.51018524169922,99.79840850830078,86.1660385131836,0.014000000432133675
2026-02-01,634.218017578125,621.0868530273438,339.50634765625,79.57740020751953,747.1432495117188,74.87000274658203,89.8396224975586,56.470001220703125,259.2374267578125,191.11965942382812,73.51018524169922,99.79840850830078,86.1660385131836,0.014000000432133675
2026-02-02,637.6671142578125,625.3515014648438,341.410400390625,80.02693176269531,752.2679443359375,74.36000061035156,88.90956115722656,56.779998779296875,269.7575988769531,185.59996032714844,73.43567657470703,99.80735778808594,85.91985321044922,0.017899999395012856
2026-02-03,632.1546020507812,615.7435913085938,338.7886047363281,80.22672271728516,735.6752319335938,73.44000244140625,88.71167755126953,56.75,269.22808837890625,180.33023071289062,73.4555435180664,99.8272476196289,86.12832641601562,0.01720000058412552
2026-02-04,628.9247436523438,604.9871826171875,337.193603515625,80.16678619384766,721.00048828125,69.98999786376953,89.98802947998047,56.40999984741211,276.23150634765625,174.18057250976562,73.42573547363281,99.83719635009766,85.90991973876953,0.014999999664723873
2026-02-05,621.1392822265625,596.2781982421875,332.857177734375,79.20777893066406,707.7942504882812,66.33000183105469,89.85940551757812,56.040000915527344,275.6520690917969,171.87069702148438,73.7436752319336,99.83719635009766,86.84307861328125,0.014499999582767487
2026-02-06,633.2410888671875,608.8822631835938,339.8951110839844,80.96595764160156,738.77197265625,70.41000366210938,91.27428436279297,57.2599983215332,277.8599853515625,185.39996337890625,73.75362396240234,99.86702728271484,86.90264129638672,0.007400000002235174
2026-02-07,633.2410888671875,608.8822631835938,339.8951110839844,80.96595764160156,738.77197265625,70.41000366210938,91.27428436279297,57.2599983215332,277.8599853515625,185.39996337890625,73.75362396240234,99.86702728271484,86.90264129638672,0.007400000002235174
2026-02-08,633.2410888671875,608.8822631835938,339.8951110839844,80.96595764160156,738.77197265625,70.41000366210938,91.27428436279297,57.2599983215332,277.8599853515625,185.39996337890625,73.75362396240234,99.86702728271484,86.90264129638672,0.007400000002235174
2026-02-09,636.2216796875,613.54638671875,341.56988525390625,82.0648193359375,750.6895751953125,72.44000244140625,91.66015625,57.75,274.6199951171875,190.0297088623047,73.77349090576172,99.88690948486328,86.8827896118164,0.007000000216066837
2026-02-10,634.4373779296875,610.699951171875,340.73248291015625,82.26460266113281,747.4729614257812,72.26000213623047,92.88703918457031,58.0099983215332,273.67999267578125,188.52978515625,73.99207305908203,99.89685821533203,87.88543701171875,0.00800000037997961
2026-02-11,634.3475952148438,612.337890625,340.4035339355469,82.90393829345703,748.00244140625,70.87000274658203,92.37254333496094,58.5099983215332,275.5,190.0397186279297,73.8430404663086,99.89685821533203,87.41885375976562,0.003100000089034438
2026-02-12,624.5186767578125,599.8836059570312,334.9606018066406,82.04483032226562,728.8822631835938,68.44999694824219,92.26370239257812,57.7599983215332,261.7300109863281,186.9298858642578,74.18086242675781,99.91675567626953,88.5803451538086,0.004999999888241291
2026-02-13,624.9174194335938,601.1619873046875,335.59857177734375,82.31455993652344,730.0410766601562,70.25,93.58952331542969,57.75,255.77999877929688,182.80010986328125,74.3994369506836,99.95651245117188,89.0667724609375,0.008999999612569809
2026-02-14,624.9174194335938,601.1619873046875,335.59857177734375,82.31455993652344,730.0410766601562,70.25,93.58952331542969,57.75,255.77999877929688,182.80010986328125,74.3994369506836,99.95651245117188,89.0667724609375,0.008999999612569809
2026-02-15,624.9174194335938,601.1619873046875,335.59857177734375,82.31455993652344,730.0410766601562,70.25,93.58952331542969,57.75,255.77999877929688,182.80010986328125,74.3994369506836,99.95651245117188,89.0667724609375,0.008999999612569809
2026-02-16,624.9174194335938,601.1619873046875,335.59857177734375,82.31455993652344,730.0410766601562,70.25,93.58952331542969,57.75,255.77999877929688,182.80010986328125,74.3994369506836,99.95651245117188,89.0667724609375,0.008999999612569809
2026-02-17,626.013916015625,600.542724609375,336.01727294921875,82.14473724365234,730.32080078125,70.30000305175781,94.48001098632812,57.790000915527344,263.8800048828125,184.95999145507812,74.38951110839844,99.95651245117188,89.21568298339844,0.0038999998942017555
2026-02-18,629.1640014648438,605.027099609375,337.7717590332031,82.42444610595703,737.0737915039062,71.38999938964844,93.37185668945312,57.95000076293945,264.3500061035156,187.96981811523438,74.31002044677734,99.97640991210938,88.87815856933594,0.008899999782443047
2026-02-19,627.5491333007812,602.7100219726562,337.1337890625,82.29457092285156,733.8870849609375,72.23999786376953,93.1739730834961,57.59000015258789,260.5799865722656,187.88983154296875,74.33982849121094,99.98635864257812,88.9675064086914,0.003000000026077032
2026-02-20,632.0249633789062,608.0433349609375,339.207275390625,83.28355407714844,736.833984375,71.48999786376953,93.87645721435547,58.529998779296875,264.5799865722656,189.8097381591797,74.32988739013672,100.00624084472656,88.759033203125,0.002099999925121665
2026-02-21,632.0249633789062,608.0433349609375,339.207275390625,83.28355407714844,736.833984375,71.48999786376953,93.87645721435547,58.529998779296875,264.5799865722656,189.8097381591797,74.32988739013672,100.00624084472656,88.759033203125,0.002099999925121665
2026-02-22,632.0249633789062,608.0433349609375,339.207275390625,83.28355407714844,736.833984375,71.48999786376953,93.87645721435547,58.529998779296875,264.5799865722656,189.8097381591797,74.32988739013672,100.00624084472656,88.759033203125,0.002099999925121665
2026-02-23,625.6550903320312,600.652587890625,335.4091796875,82.84400939941406,726.0951538085938,70.0,93.88636016845703,58.060001373291016,266.17999267578125,191.53964233398438,74.48886108398438,100.02613067626953,89.08662414550781,0.001500000013038516
2026-02-24,630.220703125,607.1044921875,338.15057373046875,83.33349609375,736.5343017578125,72.06999969482422,94.12381744384766,58.68000030517578,272.1400146484375,192.83956909179688,74.4491195678711,100.02613067626953,89.2454605102539,0.0020000000949949026
2026-02-25,635.52392578125,615.9033813476562,340.76239013671875,84.11268615722656,750.4798583984375,73.54000091552734,93.86656951904297,59.0099983215332,274.2300109863281,195.54940795898438,74.42925262451172,100.03607177734375,89.2553939819336,0.003000000026077032
2026-02-26,631.9552001953125,608.4727783203125,339.42657470703125,83.87294006347656,739.4213256835938,74.61000061035156,94.50968933105469,58.27000045776367,272.95001220703125,184.87998962402344,74.53853607177734,100.05596160888672,89.61276245117188,0.00419999985024333
2026-02-27,629.0543212890625,606.5252075195312,337.7119445800781,83.72309112548828,725.9453125,72.91000366210938,94.67790222167969,58.099998474121094,264.17999267578125,177.180419921875,74.68758392333984,100.07584381103516,90.15876007080078,0.004100000020116568
2026-02-28,629.0543212890625,606.5252075195312,337.7119445800781,83.72309112548828,725.9453125,72.91000366210938,94.67790222167969,58.099998474121094,264.17999267578125,177.180419921875,74.68758392333984,100.07584381103516,90.15876007080078,0.004100000020116568
2026-03-01,629.0543212890625,606.5252075195312,337.7119445800781,83.72309112548828,725.9453125,72.91000366210938,94.67790222167969,58.099998474121094,264.17999267578125,177.180419921875,74.68758392333984,100.07584381103516,90.15876007080078,0.004100000020116568
2026-03-02,629.2936401367188,607.32421875,338.0608825683594,82.31455993652344,733.1278686523438,74.22000122070312,94.91535949707031,57.2400016784668,264.7200012207031,182.47012329101562,74.38660430908203,100.08781433105469,89.25337982177734,0.004100000020116568
2026-03-03,623.7510375976562,600.8224487304688,334.68145751953125,79.47750091552734,722.928466796875,72.26000213623047,94.41075134277344,55.22999954223633,263.75,180.04025268554688,74.30687713623047,100.10775756835938,89.0740966796875,0.002199999988079071
2026-03-04,628.197021484375,609.9808959960938,337.1337890625,80.2566909790039,732.36865234375,74.93000030517578,94.52947998046875,55.58000183105469,262.5199890136719,183.03009033203125,74.25704956054688,100.10775756835938,88.79521179199219,0.001500000013038516
2026-03-05,624.837646484375,608.1431274414062,334.95062255859375,78.63837432861328,732.508544921875,73.98999786376953,93.57963562011719,54.849998474121094,260.2900085449219,183.330078125,74.08761596679688,100.11772918701172,88.4366455078125,0.0013500000350177288
2026-03-06,616.4840087890625,598.9946899414062,330.3749694824219,77.89913940429688,718.2833251953125,72.4000015258789,92.56053161621094,54.470001220703125,257.4599914550781,177.8103790283203,73.98796081542969,100.15760803222656,88.10795593261719,0.0020000000949949026
2026-03-07,616.4840087890625,598.9946899414062,330.3749694824219,77.89913940429688,718.2833251953125,72.4000015258789,92.56053161621094,54.470001220703125,257.4599914550781,177.8103790283203,73.98796081542969,100.15760803222656,88.10795593261719,0.0020000000949949026
2026-03-08,616.4840087890625,598.9946899414062,330.3749694824219,77.89913940429688,718.2833251953125,72.4000015258789,92.56053161621094,54.470001220703125,257.4599914550781,177.8103790283203,73.98796081542969,100.15760803222656,88.10795593261719,0.0020000000949949026
2026-03-09,621.8370971679688,606.99462890625,333.2359924316406,78.86813354492188,731.1099243164062,74.29000091552734,92.768310546875,55.130001068115234,259.8800048828125,182.64010620117188,74.1972427368164,100.1675796508789,88.87489318847656,0.0020000000949949026
2026-03-10,620.760498046875,607.004638671875,332.4684143066406,79.03795623779297,731.2297973632812,72.88999938964844,92.62979125976562,55.5099983215332,260.8299865722656,184.760009765625,73.96803283691406,100.1675796508789,87.92867279052734,0.0012000000569969416
2026-03-11,620.0726928710938,606.9247436523438,332.19921875,78.95803833007812,734.2766723632812,73.06999969482422,91.67005157470703,55.560001373291016,260.80999755859375,186.02999877929688,73.63915252685547,100.18753051757812,86.793212890625,0.0013000000035390258
2026-03-12,610.5726928710938,596.5078735351562,326.8958740234375,77.3896713256836,719.9115600585938,70.63999938964844,91.03681945800781,54.310001373291016,255.75999450683594,183.13999938964844,73.37007141113281,100.19749450683594,86.62388610839844,0.0010000000474974513
2026-03-13,607.1734619140625,592.9722900390625,325.1114501953125,76.6604232788086,713.6980590820312,70.25,91.18523406982422,54.02000045776367,250.1199951171875,180.25,73.30030822753906,100.22740173339844,86.19560241699219,0.0010000000474974513
2026-03-14,607.1734619140625,592.9722900390625,325.1114501953125,76.6604232788086,713.6980590820312,70.25,91.18523406982422,54.02000045776367,250.1199951171875,180.25,73.30030822753906,100.22740173339844,86.19560241699219,0.0010000000474974513
2026-03-15,607.1734619140625,592.9722900390625,325.1114501953125,76.6604232788086,713.6980590820312,70.25,91.18523406982422,54.02000045776367,250.1199951171875,180.25,73.30030822753906,100.22740173339844,86.19560241699219,0.0010000000474974513
2026-03-16,613.2542114257812,599.6239013671875,328.4310302734375,78.18883514404297,724.1971435546875,72.05000305175781,91.94709014892578,55.02000045776367,252.82000732421875,183.22000122070312,73.57935333251953,100.22740173339844,86.86293029785156,0.0010000000474974513
2026-03-17,614.9488525390625,602.5502319335938,329.53759765625,78.52848815917969,726.6446533203125,73.05999755859375,92.35274505615234,55.2599983215332,254.22999572753906,181.92999267578125,73.72885131835938,100.24735260009766,87.10197448730469,0.0010000000474974513
2026-03-18,606.4656372070312,594.15087890625,325.00177001953125,77.1698989868164,719.1024169921875,71.41000366210938,90.98735046386719,54.209999084472656,249.94000244140625,180.39999389648438,73.42986297607422,100.25732421875,86.61392211914062,0.0010000000474974513
2026-03-19,604.8407592773438,592.273193359375,324.4236145019531,77.06999969482422,720.970458984375,71.06999969482422,90.62125396728516,54.0099983215332,248.9600067138672,178.55999755859375,73.50959777832031,100.25732421875,87.14181518554688,0.0008999999845400453
2026-03-20,596.0584716796875,581.3269653320312,319.3395080566406,74.70999908447266,704.397705078125,69.1500015258789,87.8113021850586,52.560001373291016,247.99000549316406,172.6999969482422,72.92159271240234,100.2872314453125,85.4884262084961,0.0007999999797903001
2026-03-21,596.0584716796875,581.3269653320312,319.3395080566406,74.70999908447266,704.397705078125,69.1500015258789,87.8113021850586,52.560001373291016,247.99000549316406,172.6999969482422,72.92159271240234,100.2872314453125,85.4884262084961,0.0007999999797903001
2026-03-22,596.0584716796875,581.3269653320312,319.3395080566406,74.70999908447266,704.397705078125,69.1500015258789,87.8113021850586,52.560001373291016,247.99000549316406,172.6999969482422,72.92159271240234,100.2872314453125,85.4884262084961,0.0007999999797903001
2026-03-23,602.528076171875,588.0,323.177490234375,76.58000183105469,715.6759643554688,70.91999816894531,88.49400329589844,53.79999923706055,251.49000549316406,175.63999938964844,73.20063781738281,100.2872314453125,86.04619598388672,0.0006000000284984708
2026-03-24,600.4844970703125,583.97998046875,322.170654296875,75.94999694824219,711.9000244140625,69.0,87.91000366210938,53.310001373291016,251.63999938964844,175.1999969482422,73.01129150390625,100.31714630126953,85.66770935058594,0.0005000000237487257
2026-03-25,603.754150390625,587.8200073242188,324.1344909667969,77.08000183105469,716.4600219726562,69.9000015258789,87.83999633789062,54.34000015258789,252.6199951171875,178.67999267578125,73.29033660888672,100.31714630126953,86.49440002441406,0.0005000000237487257
2026-03-26,593.0479736328125,573.7899780273438,318.5519714355469,75.19999694824219,696.0399780273438,67.38999938964844,87.72000122070312,52.849998474121094,252.88999938964844,171.24000549316406,72.86180114746094,100.32711791992188,85.7673110961914,0.0005000000237487257
2026-03-27,582.9600219726562,562.5800170898438,313.0899963378906,74.69000244140625,681.0,64.62999725341797,87.0,52.4900016784668,248.8000030517578,167.52000427246094,72.86180114746094,100.3570327758789,85.29917907714844,0.00039999998989515007
2026-03-28,582.9600219726562,562.5800170898438,313.0899963378906,74.69000244140625,681.0,64.62999725341797,87.0,52.4900016784668,248.8000030517578,167.52000427246094,72.86180114746094,100.3570327758789,85.29917907714844,0.00039999998989515007
2026-03-29,582.9600219726562,562.5800170898438,313.0899963378906,74.69000244140625,681.0,64.62999725341797,87.0,52.4900016784668,248.8000030517578,167.52000427246094,72.86180114746094,100.3570327758789,85.29917907714844,0.00039999998989515007
2026-03-30,580.9299926757812,558.280029296875,311.67999267578125,74.62999725341797,668.7000122070312,63.52000045776367,87.33000183105469,52.41999816894531,246.6300048828125,165.1699981689453,73.23054504394531,100.36700439453125,86.43463897705078,0.0006000000284984708
2026-03-31,597.5499877929688,577.1799926757812,320.80999755859375,77.11000061035156,697.719970703125,67.58999633789062,88.69999694824219,54.04999923706055,253.7899932861328,174.39999389648438,73.38999938964844,100.36700439453125,86.34500122070312,0.000699999975040555
2026-04-01,602.2999877929688,584.3099975585938,323.239990234375,78.01000213623047,706.6500244140625,68.4000015258789,89.0199966430664,54.209999084472656,255.6300048828125,175.75,73.41999816894531,100.38999938964844,86.26000213623047,0.0007999999797903001
2026-04-02,602.989990234375,584.97998046875,323.760009765625,77.4800033569336,712.6500244140625,68.55999755859375,90.2300033569336,53.81999969482422,255.9199981689453,177.38999938964844,73.58000183105469,100.43000030517578,86.79000091552734,0.0006000000284984708
